사고번호,사고일시,요일,시군구,사고내용,사망자수,중상자수,경상자수,부상신고자수,사고유형,법규위반,노면상태,기상상태,도로형태,가해운전자 차종,가해운전자 성별,가해운전자 연령,가해운전자 상해정도,피해운전자 차종,피해운전자 성별,피해운전자 연령,피해운전자 상해정도
2013012200100454,2013년 1월 22일 21시,화요일,울산광역시 중구 반구동,경상사고,0,0,1,0,차대차 - 측면직각충돌,교차로운행방법위반,습기,비,교차로 - 교차로부근,승용,여,52세,상해없음,이륜,남,49세,경상
2013012200100455,2013년 1월 22일 21시,화요일,울산광역시 남구 야음동,경상사고,0,0,1,0,차대사람 - 기타,안전운전불이행,건조,맑음,단일로 - 기타,승용,여,44세,상해없음,보행자,여,64세,경상
2013012200100456,2013년 1월 22일 21시,화요일,울산광역시 울주군 온양읍,경상사고,0,0,1,0,차대차 - 기타,중앙선침범,건조,맑음,단일로 - 기타,특수,남,45세,상해없음,승용,남,47세,경상
2013012200100499,2013년 1월 22일 22시,화요일,울산광역시 북구 효문동,경상사고,0,0,1,0,차대차 - 추돌 - 주정차중,안전운전불이행,건조,맑음,단일로 - 기타,이륜,남,44세,경상,승용,남,43세,상해없음
2013012200100500,2013년 1월 22일 22시,화요일,울산광역시 남구 삼산동,경상사고,0,0,1,0,차대차 - 추돌 - 진행중,안전운전불이행,건조,맑음,단일로 - 기타,승용,남,43세,상해없음,승용,남,55세,경상
2013012200100501,2013년 1월 22일 22시,화요일,울산광역시 남구 신정동,중상사고,0,1,1,0,차대차 - 측면직각충돌,교차로운행방법위반,건조,맑음,교차로 - 교차로안,승용,남,45세,상해없음,승용,여,46세,경상
2013012200100532,2013년 1월 22일 23시,화요일,울산광역시 울주군 언양읍,중상사고,0,1,0,0,차대차 - 기타,안전거리미확보,건조,맑음,교차로 - 교차로부근,승용,남,47세,상해없음,승용,여,31세,중상
2013012300100053,2013년 1월 23일 01시,수요일,울산광역시 울주군 삼남면,중상사고,0,1,1,0,차대차 - 기타,교차로운행방법위반,건조,흐림,교차로 - 교차로안,승용,여,42세,경상,승용,여,35세,중상
2013012300100073,2013년 1월 23일 02시,수요일,울산광역시 남구 두왕동,중상사고,0,1,0,0,차대차 - 기타,중앙선침범,건조,흐림,단일로 - 기타,기타불명,기타불명,기타불명,기타불명,승용,남,22세,중상
2013012300100074,2013년 1월 23일 02시,수요일,울산광역시 울주군 온산읍,부상신고사고,0,0,0,1,차대사람 - 기타,안전운전불이행,습기,흐림,단일로 - 기타,기타불명,기타불명,기타불명,기타불명,보행자,남,16세,부상신고
2013012300100123,2013년 1월 23일 06시,수요일,울산광역시 남구 신정동,경상사고,0,0,1,0,차대차 - 측면직각충돌,차로위반,건조,흐림,교차로 - 교차로안,승용,남,49세,상해없음,승용,남,35세,경상
2013012300100224,2013년 1월 23일 11시,수요일,울산광역시 중구 남외동,경상사고,0,0,1,0,차대차 - 측면직각충돌,직진우회전진행방해,건조,맑음,교차로 - 교차로안,승용,남,48세,상해없음,승용,여,47세,경상
2013012300100244,2013년 1월 23일 12시,수요일,울산광역시 중구 성남동,중상사고,0,1,0,0,차대차 - 추돌 - 주정차중,안전운전불이행,습기,비,교차로 - 교차로부근,화물,남,52세,상해없음,승용,여,53세,중상
2013012300100297,2013년 1월 23일 15시,수요일,울산광역시 북구 명촌동,경상사고,0,0,3,0,차량단독 - 전도전복,안전운전불이행,건조,맑음,단일로 - 기타,승용,여,42세,경상,,,,
2013012300100339,2013년 1월 23일 17시,수요일,울산광역시 남구 신정동,경상사고,0,0,1,0,차대사람 - 횡단중,안전운전불이행,건조,맑음,교차로 - 교차로안,이륜,남,17세,상해없음,보행자,여,51세,경상
2013012300100397,2013년 1월 23일 18시,수요일,울산광역시 남구 무거동,중상사고,0,2,0,0,차대차 - 측면직각충돌,교차로운행방법위반,건조,맑음,교차로 - 교차로안,승용,남,51세,상해없음,승용,남,46세,중상
2013012300100398,2013년 1월 23일 18시,수요일,울산광역시 동구 서부동,경상사고,0,0,1,0,차대차 - 추돌 - 진행중,교차로운행방법위반,건조,맑음,교차로 - 교차로안,자전거,남,54세,경상,화물,남,54세,상해없음
2013012300100399,2013년 1월 23일 18시,수요일,울산광역시 울주군 온산읍,경상사고,0,0,1,0,차대사람 - 기타,안전운전불이행,건조,맑음,교차로 - 교차로부근,승용,남,54세,상해없음,보행자,남,30세,경상
2013012300100470,2013년 1월 23일 20시,수요일,울산광역시 북구 호계동,중상사고,0,1,0,0,차대차 - 추돌 - 주정차중,안전운전불이행,건조,흐림,단일로 - 기타,승용,남,49세,상해없음,승용,여,28세,중상
2013012300100471,2013년 1월 23일 20시,수요일,울산광역시 울주군 범서읍,경상사고,0,0,1,0,차대차 - 측면직각충돌,안전운전불이행,건조,맑음,단일로 - 기타,승용,남,58세,상해없음,승용,남,22세,경상
2013012300100472,2013년 1월 23일 20시,수요일,울산광역시 울주군 온양읍,경상사고,0,0,1,0,차대사람 - 기타,안전운전불이행,건조,맑음,교차로 - 교차로안,승용,남,35세,상해없음,보행자,남,38세,경상
2013012400100063,2013년 1월 24일 02시,목요일,울산광역시 중구 반구동,중상사고,0,1,0,0,차대차 - 측면직각충돌,불법유턴,건조,맑음,교차로 - 교차로부근,자전거,여,42세,중상,승용,여,56세,상해없음
2013012400100219,2013년 1월 24일 09시,목요일,울산광역시 중구 성남동,중상사고,0,1,1,0,차대차 - 추돌 - 주정차중,안전운전불이행,건조,맑음,교차로 - 교차로부근,승용,여,28세,중상,승용,남,30세,경상
2013012400100269,2013년 1월 24일 11시,목요일,울산광역시 울주군 언양읍,중상사고,0,1,2,1,차대차 - 측면직각충돌,교차로운행방법위반,건조,맑음,교차로 - 교차로안,승용,남,44세,부상신고,승용,여,49세,경상
2013012400100291,2013년 1월 24일 12시,목요일,울산광역시 북구 신천동,경상사고,0,0,1,0,차대차 - 측면직각충돌,안전거리미확보,건조,맑음,교차로 - 교차로부근,승용,여,35세,상해없음,원동기,남,16세,경상
2013012400100313,2013년 1월 24일 13시,목요일,울산광역시 남구 달동,중상사고,0,1,0,0,차대차 - 측면직각충돌,안전운전불이행,건조,맑음,교차로 - 교차로부근,승용,남,48세,상해없음,이륜,남,50세,중상
2013012400100339,2013년 1월 24일 14시,목요일,울산광역시 동구 일산동,중상사고,0,1,2,0,차대차 - 측면직각충돌,교차로운행방법위반,건조,맑음,교차로 - 교차로안,승용,여,39세,중상,승용,여,34세,경상
2013012400100384,2013년 1월 24일 16시,목요일,울산광역시 중구 남외동,경상사고,0,0,1,0,차량단독 - 기타,기타,건조,맑음,단일로 - 기타,승합,남,39세,상해없음,,,,
2013012400100385,2013년 1월 24일 16시,목요일,울산광역시 울주군 웅촌면,경상사고,0,0,1,0,차량단독 - 도로외이탈 - 기타,안전운전불이행,건조,맑음,단일로 - 기타,승용,남,52세,경상,,,,
2013012400100417,2013년 1월 24일 17시,목요일,울산광역시 북구 창평동,중상사고,0,1,0,0,차대사람 - 횡단중,보행자보호의무위반,건조,맑음,단일로 - 기타,화물,남,52세,상해없음,보행자,남,68세,중상
2013012400100454,2013년 1월 24일 18시,목요일,울산광역시 동구 화정동,경상사고,0,0,1,0,차대사람 - 횡단중,보행자보호의무위반,건조,맑음,교차로 - 교차로안,승용,여,26세,상해없음,보행자,여,71세,경상
2013012400100521,2013년 1월 24일 21시,목요일,울산광역시 동구 화정동,중상사고,0,1,0,0,차대사람 - 횡단중,안전운전불이행,건조,맑음,단일로 - 기타,승용,남,50세,상해없음,보행자,남,56세,중상
2013012400100553,2013년 1월 24일 22시,목요일,울산광역시 남구 선암동,중상사고,0,1,0,0,차대사람 - 기타,안전운전불이행,건조,맑음,교차로 - 교차로부근,승용,남,26세,상해없음,보행자,남,58세,중상
2013012500100041,2013년 1월 25일 02시,금요일,울산광역시 북구 명촌동,중상사고,0,1,4,0,차대차 - 측면직각충돌,안전거리미확보,건조,맑음,교차로 - 교차로부근,승용,여,63세,상해없음,화물,남,49세,상해없음
2013012500100072,2013년 1월 25일 06시,금요일,울산광역시 중구 성남동,사망사고,1,0,0,0,차대사람 - 횡단중,안전운전불이행,건조,맑음,단일로 - 횡단보도상,승용,남,34세,상해없음,보행자,남,49세,사망
2013012500100092,2013년 1월 25일 07시,금요일,울산광역시 울주군 온산읍,경상사고,0,0,1,0,차대차 - 추돌 - 진행중,안전거리미확보,결빙,맑음,교차로 - 교차로부근,승용,남,30세,상해없음,원동기,남,53세,경상
2013012500100142,2013년 1월 25일 09시,금요일,울산광역시 중구 복산동,경상사고,0,0,1,0,차대사람 - 차도통행중,안전운전불이행,건조,맑음,교차로 - 교차로부근,화물,남,63세,상해없음,보행자,남,49세,경상
2013012500100143,2013년 1월 25일 09시,금요일,울산광역시 북구 염포동,경상사고,0,0,2,0,차대차 - 추돌 - 주정차중,안전운전불이행,건조,맑음,교차로 - 교차로부근,승용,남,18세,상해없음,승용,남,62세,경상
2013012500100210,2013년 1월 25일 12시,금요일,울산광역시 남구 두왕동,중상사고,0,1,0,0,차대차 - 정면충돌,신호위반,건조,맑음,교차로 - 교차로안,승용,남,28세,상해없음,승용,남,34세,중상
2013012500100229,2013년 1월 25일 13시,금요일,울산광역시 울주군 온산읍,중상사고,0,4,4,2,차대차 - 기타,안전운전불이행,건조,맑음,교차로 - 교차로부근,화물,남,56세,상해없음,화물,남,50세,부상신고
2013012500100270,2013년 1월 25일 15시,금요일,울산광역시 중구 다운동,경상사고,0,0,1,0,차대사람 - 횡단중,신호위반,건조,맑음,단일로 - 횡단보도상,승용,여,42세,상해없음,보행자,남,9세,경상
2013012500100328,2013년 1월 25일 17시,금요일,울산광역시 남구 삼산동,중상사고,0,1,0,0,차대차 - 측면직각충돌,신호위반,건조,맑음,교차로 - 교차로안,이륜,남,24세,상해없음,화물,남,57세,상해없음
2013012500100329,2013년 1월 25일 17시,금요일,울산광역시 남구 삼산동,중상사고,0,1,0,0,차량단독 - 기타,안전운전불이행,건조,맑음,단일로 - 기타,이륜,남,35세,중상,,,,
2013012500100330,2013년 1월 25일 17시,금요일,울산광역시 남구 여천동,경상사고,0,0,1,0,차대차 - 기타,안전운전불이행,건조,맑음,교차로 - 교차로안,화물,남,70세,상해없음,승용,남,33세,경상
2013012500100331,2013년 1월 25일 17시,금요일,울산광역시 울주군 범서읍,중상사고,0,1,1,0,차대차 - 추돌 - 주정차중,중앙선침범,건조,맑음,단일로 - 기타,승용,남,19세,경상,승용,남,40세,중상
2013012500100436,2013년 1월 25일 20시,금요일,울산광역시 남구 여천동,경상사고,0,0,3,0,차대차 - 측면직각충돌,안전거리미확보,건조,맑음,단일로 - 기타,승용,기타불명,기타불명,기타불명,승용,남,24세,상해없음
2013012500100487,2013년 1월 25일 22시,금요일,울산광역시 중구 반구동,경상사고,0,0,1,0,차대차 - 추돌 - 주정차중,안전운전불이행,건조,맑음,교차로 - 교차로부근,승용,남,48세,상해없음,승용,남,34세,경상
2013012500100488,2013년 1월 25일 22시,금요일,울산광역시 북구 신천동,부상신고사고,0,0,0,1,차대차 - 측면직각충돌,신호위반,건조,맑음,교차로 - 교차로안,원동기,남,21세,부상신고,승용,여,40세,상해없음
2013012500100489,2013년 1월 25일 22시,금요일,울산광역시 동구 일산동,경상사고,0,0,1,0,차대사람 - 횡단중,신호위반,건조,맑음,단일로 - 기타,이륜,남,25세,상해없음,보행자,여,21세,경상
2013012500100512,2013년 1월 25일 23시,금요일,울산광역시 북구 명촌동,경상사고,0,0,1,0,차대차 - 추돌 - 진행중,안전운전불이행,건조,맑음,단일로 - 기타,승용,남,42세,상해없음,이륜,남,30세,경상
2013012500100513,2013년 1월 25일 23시,금요일,울산광역시 남구 달동,경상사고,0,0,1,0,차대차 - 기타,차로위반,건조,맑음,교차로 - 교차로부근,승용,남,32세,상해없음,이륜,남,29세,경상
2013012500100514,2013년 1월 25일 23시,금요일,울산광역시 울주군 온양읍,경상사고,0,0,1,0,차대차 - 추돌 - 진행중,안전운전불이행,건조,맑음,단일로 - 기타,승용,남,39세,상해없음,승합,남,38세,경상
2013012600100034,2013년 1월 26일 00시,토요일,울산광역시 남구 삼산동,경상사고,0,0,1,0,차대차 - 측면직각충돌,신호위반,건조,맑음,교차로 - 교차로안,승용,남,18세,상해없음,승용,남,63세,상해없음
2013012600100070,2013년 1월 26일 02시,토요일,울산광역시 울주군 범서읍,사망사고,1,0,0,0,차량단독 - 공작물충돌,안전운전불이행,건조,맑음,단일로 - 횡단보도부근,승용,남,53세,사망,,,,
2013012600100084,2013년 1월 26일 03시,토요일,울산광역시 중구 우정동,중상사고,0,1,1,0,차대차 - 측면직각충돌,안전거리미확보,건조,맑음,교차로 - 교차로부근,승용,남,24세,기타불명,승용,남,52세,중상
2013012600100096,2013년 1월 26일 04시,토요일,울산광역시 중구 태화동,경상사고,0,0,1,0,차대차 - 추돌 - 주정차중,안전운전불이행,건조,맑음,단일로 - 기타,승용,남,49세,상해없음,승용,남,44세,경상
2013012600100163,2013년 1월 26일 09시,토요일,울산광역시 중구 학성동,중상사고,0,1,1,0,차대차 - 정면충돌,중앙선침범,건조,맑음,교차로 - 교차로부근,승용,남,42세,상해없음,승용,남,49세,중상
2013012600100164,2013년 1월 26일 09시,토요일,울산광역시 울주군 온산읍,경상사고,0,0,2,0,차대차 - 기타,신호위반,건조,맑음,교차로 - 교차로안,승용,남,55세,상해없음,승용,여,41세,경상
2013012600100199,2013년 1월 26일 11시,토요일,울산광역시 북구 호계동,경상사고,0,0,1,0,차대차 - 측면직각충돌,신호위반,건조,맑음,교차로 - 교차로안,승용,여,37세,경상,승합,남,29세,상해없음
2013012600100244,2013년 1월 26일 13시,토요일,울산광역시 중구 옥교동,중상사고,0,1,0,0,차대차 - 추돌 - 진행중,안전거리미확보,건조,맑음,단일로 - 기타,승용,여,62세,상해없음,승용,여,44세,중상
2013012600100295,2013년 1월 26일 15시,토요일,울산광역시 북구 진장동,경상사고,0,0,1,0,차대차 - 측면직각충돌,안전운전불이행,건조,맑음,단일로 - 기타,건설기계,남,38세,상해없음,이륜,남,34세,경상
2013012600100320,2013년 1월 26일 16시,토요일,울산광역시 북구 호계동,중상사고,0,1,0,0,차대차 - 정면충돌,안전운전불이행,건조,맑음,단일로 - 기타,승용,여,33세,상해없음,자전거,남,55세,중상
2013012600100341,2013년 1월 26일 17시,토요일,울산광역시 울주군 온산읍,중상사고,0,1,1,0,차대차 - 기타,안전운전불이행,건조,맑음,단일로 - 기타,승용,남,51세,상해없음,이륜,남,46세,경상
2013012600100447,2013년 1월 26일 21시,토요일,울산광역시 동구 주전동,중상사고,0,1,0,0,차량단독 - 공작물충돌,안전운전불이행,건조,맑음,단일로 - 기타,승용,남,29세,중상,,,,
2013012600100448,2013년 1월 26일 21시,토요일,울산광역시 울주군 온산읍,부상신고사고,0,0,0,1,차대차 - 기타,기타,건조,맑음,교차로 - 교차로안,원동기,남,16세,부상신고,기타불명,기타불명,기타불명,기타불명
2013012600100490,2013년 1월 26일 23시,토요일,울산광역시 중구 교동,중상사고,0,1,0,0,차량단독 - 공작물충돌,안전운전불이행,건조,맑음,단일로 - 기타,승용,남,59세,상해없음,,,,
2013012600100491,2013년 1월 26일 23시,토요일,울산광역시 남구 신정동,경상사고,0,0,1,0,차대차 - 측면직각충돌,안전운전불이행,건조,맑음,단일로 - 기타,승용,기타불명,기타불명,기타불명,승용,남,24세,경상
2013012700100015,2013년 1월 27일 00시,일요일,울산광역시 북구 중산동,부상신고사고,0,0,0,1,차대사람 - 길가장자리구역통행중,안전운전불이행,건조,맑음,단일로 - 기타,승용,여,41세,상해없음,보행자,남,32세,부상신고
2013012700100051,2013년 1월 27일 02시,일요일,울산광역시 중구 성남동,경상사고,0,0,2,0,차대차 - 측면직각충돌,신호위반,건조,맑음,교차로 - 교차로안,승용,남,16세,상해없음,승용,남,44세,경상
2013012700100071,2013년 1월 27일 04시,일요일,울산광역시 남구 야음동,경상사고,0,0,1,0,차대차 - 측면직각충돌,안전운전불이행,건조,맑음,단일로 - 기타,승용,남,20세,상해없음,승용,남,56세,기타불명
2013012700100081,2013년 1월 27일 05시,일요일,울산광역시 남구 무거동,중상사고,0,2,0,1,차대차 - 추돌 - 진행중,안전운전불이행,건조,맑음,교차로 - 교차로부근,승용,남,24세,부상신고,승용,여,53세,중상
2013012700100082,2013년 1월 27일 05시,일요일,울산광역시 울주군 청량면,경상사고,0,0,1,0,차대차 - 기타,차로위반,건조,맑음,단일로 - 기타,승용,여,59세,상해없음,승용,남,58세,경상
2013012700100095,2013년 1월 27일 07시,일요일,울산광역시 울주군 범서읍,중상사고,0,1,0,0,차량단독 - 기타,안전운전불이행,건조,흐림,단일로 - 기타,승용,남,30세,중상,,,,
2013012700100108,2013년 1월 27일 07시,일요일,울산광역시 중구 학성동,중상사고,0,1,0,0,차대사람 - 횡단중,신호위반,건조,맑음,교차로 - 교차로부근,승합,남,64세,상해없음,보행자,여,64세,중상
2013012700100109,2013년 1월 27일 07시,일요일,울산광역시 동구 방어동,중상사고,0,1,0,0,차대차 - 측면직각충돌,신호위반,건조,맑음,교차로 - 교차로안,이륜,남,25세,중상,승용,남,56세,상해없음
2013012700100132,2013년 1월 27일 09시,일요일,울산광역시 남구 무거동,중상사고,0,1,2,0,차대차 - 측면직각충돌,신호위반,건조,맑음,교차로 - 교차로안,승용,남,42세,상해없음,승합,남,48세,경상
2013012700100151,2013년 1월 27일 10시,일요일,울산광역시 중구 다운동,중상사고,0,1,0,0,차량단독 - 기타,안전운전불이행,건조,맑음,교차로 - 교차로안,승합,남,58세,상해없음,,,,
2013012700100188,2013년 1월 27일 12시,일요일,울산광역시 동구 방어동,경상사고,0,0,1,0,차대차 - 기타,교차로운행방법위반,건조,맑음,교차로 - 교차로안,승용,남,52세,상해없음,자전거,남,55세,경상
2013012700100202,2013년 1월 27일 13시,일요일,울산광역시 울주군 언양읍,중상사고,0,1,0,0,차대사람 - 기타,안전운전불이행,건조,맑음,단일로 - 기타,화물,남,48세,상해없음,보행자,여,63세,중상
2013012700100266,2013년 1월 27일 16시,일요일,울산광역시 울주군 삼남면,경상사고,0,0,1,0,차대차 - 기타,안전운전불이행,건조,맑음,단일로 - 기타,기타불명,기타불명,기타불명,기타불명,승용,여,37세,경상
2013012800100079,2013년 1월 28일 07시,월요일,울산광역시 남구 신정동,중상사고,0,1,0,0,차대차 - 측면직각충돌,안전운전불이행,건조,맑음,단일로 - 횡단보도상,승용,여,26세,상해없음,자전거,남,32세,중상
2013012800100080,2013년 1월 28일 07시,월요일,울산광역시 동구 전하동,중상사고,0,1,0,0,차대차 - 기타,안전운전불이행,건조,맑음,교차로 - 교차로안,자전거,남,27세,중상,이륜,남,46세,상해없음
2013012800100134,2013년 1월 28일 09시,월요일,울산광역시 남구 무거동,경상사고,0,0,1,0,차대차 - 측면직각충돌,차로위반,건조,맑음,교차로 - 교차로부근,승용,여,34세,상해없음,승용,남,63세,경상
2013012800100135,2013년 1월 28일 09시,월요일,울산광역시 남구 달동,경상사고,0,0,1,0,차대차 - 기타,안전운전불이행,건조,맑음,단일로 - 교량,승용,여,43세,상해없음,승용,남,44세,경상
2013012800100196,2013년 1월 28일 12시,월요일,울산광역시 중구 학성동,중상사고,0,1,0,0,차대차 - 측면직각충돌,안전운전불이행,건조,맑음,단일로 - 기타,화물,남,41세,상해없음,이륜,남,58세,중상
2013012800100197,2013년 1월 28일 12시,월요일,울산광역시 동구 방어동,중상사고,0,1,0,0,차대사람 - 횡단중,보행자보호의무위반,건조,맑음,교차로 - 교차로부근,승용,여,35세,상해없음,보행자,남,72세,중상
2013012800100222,2013년 1월 28일 13시,월요일,울산광역시 북구 신천동,경상사고,0,0,2,0,차대사람 - 기타,안전운전불이행,건조,맑음,교차로 - 교차로부근,승용,여,45세,상해없음,보행자,남,57세,경상
2013012800100244,2013년 1월 28일 14시,월요일,울산광역시 울주군 웅촌면,중상사고,0,2,1,0,차대차 - 추돌 - 진행중,안전거리미확보,건조,맑음,단일로 - 기타,건설기계,남,30세,상해없음,승용,여,42세,중상
2013012800100292,2013년 1월 28일 16시,월요일,울산광역시 중구 성남동,중상사고,0,2,0,0,차대차 - 측면직각충돌,신호위반,건조,맑음,교차로 - 교차로안,특수,남,60세,상해없음,승용,남,60세,중상
2013012800100293,2013년 1월 28일 16시,월요일,울산광역시 남구 신정동,중상사고,0,1,0,0,차대차 - 측면직각충돌,교차로운행방법위반,건조,맑음,교차로 - 교차로안,승용,남,50세,상해없음,원동기,남,64세,중상
2013012800100322,2013년 1월 28일 17시,월요일,울산광역시 중구 우정동,중상사고,0,1,0,0,차대사람 - 횡단중,안전운전불이행,건조,맑음,단일로 - 기타,승용,여,32세,상해없음,보행자,여,32세,중상
2013012800100323,2013년 1월 28일 17시,월요일,울산광역시 울주군 웅촌면,경상사고,0,0,1,0,차대차 - 측면직각충돌,안전운전불이행,건조,맑음,교차로 - 교차로안,승용,남,30세,상해없음,화물,남,51세,경상
2013012800100357,2013년 1월 28일 18시,월요일,울산광역시 울주군 온산읍,경상사고,0,0,1,1,차대차 - 추돌 - 진행중,안전운전불이행,건조,맑음,단일로 - 기타,승용,여,44세,부상신고,화물,남,39세,상해없음
2013012800100391,2013년 1월 28일 19시,월요일,울산광역시 북구 효문동,경상사고,0,0,2,0,차대차 - 추돌 - 진행중,안전운전불이행,건조,맑음,교차로 - 교차로부근,승용,남,40세,상해없음,승용,여,43세,경상
2013012800100408,2013년 1월 28일 20시,월요일,울산광역시 울주군 언양읍,부상신고사고,0,0,0,1,차대사람 - 기타,안전운전불이행,건조,맑음,단일로 - 기타,기타불명,남,13세,기타불명,보행자,남,34세,부상신고
2013012800100474,2013년 1월 28일 23시,월요일,울산광역시 울주군 상북면,사망사고,1,0,0,0,차대사람 - 기타,안전운전불이행,건조,맑음,단일로 - 기타,화물,남,29세,상해없음,보행자,남,58세,사망
2013012900100019,2013년 1월 29일 00시,화요일,울산광역시 울주군 웅촌면,경상사고,0,0,1,0,차대차 - 추돌 - 주정차중,안전운전불이행,건조,맑음,단일로 - 기타,화물,남,21세,상해없음,화물,남,50세,기타불명
2013012900100053,2013년 1월 29일 03시,화요일,울산광역시 남구 두왕동,중상사고,0,1,0,0,차량단독 - 공작물충돌,안전운전불이행,건조,맑음,단일로 - 기타,승용,남,33세,중상,,,,
2013012900100144,2013년 1월 29일 09시,화요일,울산광역시 남구 신정동,중상사고,0,1,0,0,차대사람 - 기타,안전운전불이행,건조,맑음,단일로 - 기타,승합,남,40세,상해없음,보행자,남,23세,중상
2013012900100203,2013년 1월 29일 12시,화요일,울산광역시 동구 방어동,경상사고,0,0,1,0,차대차 - 측면직각충돌,안전운전불이행,건조,맑음,교차로 - 교차로안,화물,남,48세,상해없음,자전거,남,55세,경상
2013012900100232,2013년 1월 29일 13시,화요일,울산광역시 동구 전하동,중상사고,0,1,0,0,차대차 - 측면직각충돌,안전운전불이행,건조,맑음,단일로 - 기타,이륜,남,36세,중상,승용,남,49세,상해없음
2013012900100252,2013년 1월 29일 14시,화요일,울산광역시 남구 달동,경상사고,0,0,4,0,차대차 - 추돌 - 주정차중,안전운전불이행,건조,맑음,교차로 - 교차로부근,승용,남,57세,상해없음,승용,남,26세,경상
2013012900100253,2013년 1월 29일 14시,화요일,울산광역시 남구 달동,경상사고,0,0,1,0,차대사람 - 차도통행중,안전운전불이행,건조,맑음,단일로 - 기타,승용,여,39세,상해없음,보행자,여,11세,경상
2013012900100317,2013년 1월 29일 17시,화요일,울산광역시 남구 신정동,중상사고,0,1,0,0,차량단독 - 기타,안전운전불이행,건조,맑음,교차로 - 교차로부근,승합,남,45세,상해없음,,,,
2013012900100382,2013년 1월 29일 19시,화요일,울산광역시 중구 성남동,경상사고,0,0,1,0,차대사람 - 길가장자리구역통행중,안전운전불이행,건조,맑음,단일로 - 기타,이륜,남,18세,상해없음,보행자,남,15세,경상
2013012900100407,2013년 1월 29일 20시,화요일,울산광역시 남구 신정동,경상사고,0,0,2,0,차대차 - 측면직각충돌,교차로운행방법위반,건조,맑음,교차로 - 교차로안,이륜,남,40세,경상,승용,남,67세,경상
2013012900100433,2013년 1월 29일 21시,화요일,울산광역시 울주군 온양읍,중상사고,0,1,1,0,차대차 - 추돌 - 진행중,안전운전불이행,건조,맑음,단일로 - 기타,승용,남,35세,경상,승용,남,47세,중상
2013012900100480,2013년 1월 29일 23시,화요일,울산광역시 동구 일산동,사망사고,1,0,0,0,차대사람 - 기타,안전운전불이행,건조,맑음,교차로 - 교차로안,승용,남,64세,상해없음,보행자,남,43세,사망
2013013000100082,2013년 1월 30일 05시,수요일,울산광역시 울주군 온산읍,부상신고사고,0,0,0,1,차량단독 - 공작물충돌,안전운전불이행,건조,맑음,단일로 - 기타,승용,남,45세,상해없음,,,,
2013013000100123,2013년 1월 30일 07시,수요일,울산광역시 울주군 온산읍,경상사고,0,0,1,0,차대차 - 측면직각충돌,중앙선침범,건조,맑음,단일로 - 기타,승용,남,29세,상해없음,승용,남,31세,경상
2013013000100176,2013년 1월 30일 09시,수요일,울산광역시 남구 달동,중상사고,0,1,0,0,차대사람 - 횡단중,안전운전불이행,건조,맑음,단일로 - 횡단보도부근,승용,남,49세,기타불명,보행자,여,74세,중상
2013013000100225,2013년 1월 30일 11시,수요일,울산광역시 중구 태화동,중상사고,0,2,2,0,차대차 - 측면직각충돌,안전거리미확보,건조,맑음,교차로 - 교차로부근,승용,남,35세,상해없음,승합,남,44세,경상
2013013000100291,2013년 1월 30일 14시,수요일,울산광역시 중구 태화동,중상사고,0,1,0,0,차대사람 - 길가장자리구역통행중,안전운전불이행,건조,맑음,단일로 - 기타,승용,여,56세,상해없음,보행자,여,70세,중상
2013013000100314,2013년 1월 30일 15시,수요일,울산광역시 동구 화정동,중상사고,0,1,0,0,차대사람 - 기타,안전운전불이행,건조,맑음,단일로 - 기타,승용,남,49세,상해없음,보행자,남,11세,중상
2013013000100368,2013년 1월 30일 17시,수요일,울산광역시 중구 서동,사망사고,1,0,0,0,차대사람 - 횡단중,안전운전불이행,건조,맑음,단일로 - 횡단보도부근,화물,남,36세,상해없음,보행자,여,39세,사망
2013013000100447,2013년 1월 30일 19시,수요일,울산광역시 중구 태화동,경상사고,0,0,2,0,차대차 - 측면직각충돌,교차로운행방법위반,건조,맑음,교차로 - 교차로안,승용,여,30세,상해없음,승합,남,42세,경상
2013013000100448,2013년 1월 30일 19시,수요일,울산광역시 울주군 상북면,사망사고,1,0,0,0,차량단독 - 공작물충돌,안전운전불이행,건조,맑음,단일로 - 기타,화물,남,74세,사망,,,,
2013013000100503,2013년 1월 30일 21시,수요일,울산광역시 남구 삼산동,중상사고,0,1,0,0,차대차 - 기타,안전운전불이행,건조,맑음,단일로 - 기타,승용,여,43세,상해없음,승용,남,35세,중상
2013013000100504,2013년 1월 30일 21시,수요일,울산광역시 남구 야음동,경상사고,0,0,1,0,차대차 - 측면직각충돌,안전운전불이행,건조,맑음,교차로 - 교차로부근,승용,남,53세,상해없음,승용,남,69세,상해없음
2013013100100052,2013년 1월 31일 03시,목요일,울산광역시 동구 서부동,중상사고,0,1,0,0,차량단독 - 공작물충돌,안전운전불이행,건조,맑음,단일로 - 기타,이륜,남,18세,중상,,,,
2013013100100110,2013년 1월 31일 07시,목요일,울산광역시 중구 북정동,경상사고,0,0,1,0,차대차 - 측면직각충돌,신호위반,건조,맑음,교차로 - 교차로안,승용,남,44세,상해없음,승용,남,31세,경상
2013013100100208,2013년 1월 31일 10시,목요일,울산광역시 울주군 청량면,경상사고,0,0,1,0,차대차 - 기타,안전운전불이행,건조,맑음,교차로 - 교차로부근,화물,남,39세,상해없음,승용,남,41세,경상