사고번호,사고일시,요일,시군구,사고내용,사망자수,중상자수,경상자수,부상신고자수,사고유형,법규위반,노면상태,기상상태,도로형태,가해운전자 차종,가해운전자 성별,가해운전자 연령,가해운전자 상해정도,피해운전자 차종,피해운전자 성별,피해운전자 연령,피해운전자 상해정도
2013013100100253,2013년 1월 31일 12시,목요일,울산광역시 중구 태화동,경상사고,0,0,1,0,차대차 - 측면직각충돌,안전운전불이행,건조,맑음,단일로 - 기타,화물,남,52세,상해없음,승용,여,46세,경상
2013013100100309,2013년 1월 31일 14시,목요일,울산광역시 울주군 언양읍,경상사고,0,0,2,0,차대차 - 추돌 - 진행중,안전거리미확보,건조,맑음,단일로 - 기타,승용,남,36세,상해없음,승용,남,43세,경상
2013013100100310,2013년 1월 31일 14시,목요일,울산광역시 울주군 온산읍,중상사고,0,1,1,0,차대차 - 기타,안전운전불이행,건조,맑음,단일로 - 기타,화물,남,65세,경상,화물,남,48세,기타불명
2013013100100348,2013년 1월 31일 16시,목요일,울산광역시 울주군 삼남면,중상사고,0,1,1,0,차대차 - 기타,교차로운행방법위반,건조,맑음,교차로 - 교차로안,승용,여,62세,중상,화물,남,45세,경상
2013013100100372,2013년 1월 31일 17시,목요일,울산광역시 중구 태화동,경상사고,0,0,1,0,차대차 - 추돌 - 진행중,안전거리미확보,건조,맑음,단일로 - 기타,승용,남,51세,상해없음,승용,남,56세,상해없음
2013013100100373,2013년 1월 31일 17시,목요일,울산광역시 남구 야음동,경상사고,0,0,1,0,차대사람 - 기타,안전운전불이행,건조,맑음,단일로 - 기타,승용,남,57세,상해없음,보행자,남,59세,경상
2013013100100416,2013년 1월 31일 18시,목요일,울산광역시 북구 진장동,중상사고,0,2,1,0,차대차 - 추돌 - 주정차중,안전운전불이행,건조,맑음,단일로 - 기타,화물,남,52세,상해없음,승용,남,39세,중상
2013013100100417,2013년 1월 31일 18시,목요일,울산광역시 동구 일산동,경상사고,0,0,2,0,차대차 - 추돌 - 주정차중,안전거리미확보,건조,맑음,교차로 - 교차로안,승용,남,24세,상해없음,승용,남,54세,경상
2013013100100418,2013년 1월 31일 18시,목요일,울산광역시 북구 양정동,중상사고,0,1,0,0,차대차 - 측면직각충돌,교차로운행방법위반,건조,맑음,교차로 - 교차로안,승용,여,36세,상해없음,이륜,남,39세,중상
2013020100100049,2013년 2월 1일 01시,금요일,울산광역시 남구 달동,중상사고,0,1,2,0,차대차 - 기타,안전운전불이행,건조,맑음,기타 - 기타,승용,여,23세,중상,이륜,남,17세,경상
2013020100100050,2013년 2월 1일 01시,금요일,울산광역시 울주군 온산읍,부상신고사고,0,0,0,1,차량단독 - 공작물충돌,안전운전불이행,건조,맑음,단일로 - 기타,승용,남,27세,부상신고,,,,
2013020100100094,2013년 2월 1일 04시,금요일,울산광역시 남구 신정동,중상사고,0,1,0,0,차대사람 - 횡단중,안전운전불이행,건조,맑음,교차로 - 교차로안,화물,남,40세,상해없음,보행자,여,76세,중상
2013020100100136,2013년 2월 1일 06시,금요일,울산광역시 북구 신천동,중상사고,0,3,0,0,차대차 - 측면직각충돌,신호위반,습기,비,교차로 - 교차로안,승용,남,34세,상해없음,승용,여,52세,중상
2013020100100137,2013년 2월 1일 06시,금요일,울산광역시 남구 무거동,중상사고,0,1,0,0,차대사람 - 기타,안전운전불이행,습기,비,단일로 - 기타,승합,남,44세,상해없음,보행자,남,77세,중상
2013020100100169,2013년 2월 1일 07시,금요일,울산광역시 남구 야음동,경상사고,0,0,1,0,차대차 - 추돌 - 진행중,안전운전불이행,습기,비,단일로 - 기타,승용,남,39세,상해없음,승용,여,43세,경상
2013020100100198,2013년 2월 1일 08시,금요일,울산광역시 북구 연암동,중상사고,0,1,8,0,차대차 - 측면직각충돌,교차로운행방법위반,습기,비,교차로 - 교차로안,승용,남,23세,상해없음,승합,남,52세,상해없음
2013020100100199,2013년 2월 1일 08시,금요일,울산광역시 중구 약사동,경상사고,0,0,1,0,차대차 - 측면직각충돌,안전거리미확보,습기,비,단일로 - 기타,화물,남,61세,상해없음,승용,여,28세,경상
2013020100100200,2013년 2월 1일 08시,금요일,울산광역시 남구 성암동,경상사고,0,0,1,0,차대차 - 추돌 - 주정차중,안전운전불이행,습기,비,교차로 - 교차로안,승용,남,35세,경상,승용,남,64세,기타불명
2013020100100226,2013년 2월 1일 09시,금요일,울산광역시 울주군 범서읍,경상사고,0,0,5,0,차대차 - 추돌 - 진행중,안전거리미확보,습기,비,교차로 - 교차로부근,화물,남,50세,상해없음,승용,남,28세,경상
2013020100100265,2013년 2월 1일 11시,금요일,울산광역시 중구 태화동,중상사고,0,1,0,0,차대차 - 추돌 - 주정차중,안전운전불이행,건조,맑음,단일로 - 기타,승용,남,55세,상해없음,승용,여,40세,중상
2013020100100329,2013년 2월 1일 14시,금요일,울산광역시 울주군 두서면,중상사고,0,1,1,0,차대차 - 추돌 - 진행중,안전운전불이행,습기,비,교차로 - 교차로안,화물,남,46세,경상,화물,남,55세,중상
2013020100100399,2013년 2월 1일 17시,금요일,울산광역시 동구 전하동,경상사고,0,0,1,0,차대차 - 측면직각충돌,신호위반,습기,비,교차로 - 교차로안,승합,남,49세,상해없음,자전거,남,19세,경상
2013020100100450,2013년 2월 1일 18시,금요일,울산광역시 남구 야음동,중상사고,0,1,0,0,차대사람 - 차도통행중,안전운전불이행,습기,비,교차로 - 교차로부근,승용,남,37세,상해없음,보행자,남,50세,중상
2013020100100451,2013년 2월 1일 18시,금요일,울산광역시 울주군 온산읍,경상사고,0,0,1,0,차대차 - 기타,교차로운행방법위반,습기,맑음,교차로 - 교차로안,화물,남,57세,상해없음,원동기,남,49세,경상
2013020100100495,2013년 2월 1일 19시,금요일,울산광역시 울주군 삼남면,경상사고,0,0,2,0,차대차 - 추돌 - 진행중,안전운전불이행,습기,비,교차로 - 교차로부근,승용,여,53세,상해없음,승용,남,46세,경상
2013020100100524,2013년 2월 1일 20시,금요일,울산광역시 남구 삼산동,중상사고,0,1,0,0,차량단독 - 공작물충돌,안전운전불이행,습기,비,단일로 - 기타,승용,남,31세,중상,,,,
2013020100100555,2013년 2월 1일 21시,금요일,울산광역시 북구 연암동,경상사고,0,0,1,1,차대차 - 측면직각충돌,중앙선침범,습기,흐림,단일로 - 기타,이륜,남,30세,부상신고,승용,남,63세,경상
2013020100100556,2013년 2월 1일 21시,금요일,울산광역시 중구 다운동,경상사고,0,0,1,0,차대차 - 추돌 - 주정차중,안전거리미확보,건조,맑음,교차로 - 교차로부근,승용,남,57세,상해없음,원동기,남,19세,경상
2013020100100593,2013년 2월 1일 22시,금요일,울산광역시 남구 야음동,경상사고,0,0,1,0,차대차 - 기타,중앙선침범,건조,흐림,교차로 - 교차로안,승용,여,56세,상해없음,이륜,남,17세,경상
2013020100100594,2013년 2월 1일 22시,금요일,울산광역시 동구 방어동,중상사고,0,1,1,0,차대사람 - 기타,안전운전불이행,건조,맑음,교차로 - 교차로안,이륜,남,31세,중상,보행자,남,4세,경상
2013020100100624,2013년 2월 1일 23시,금요일,울산광역시 북구 효문동,중상사고,0,1,0,1,차대차 - 측면직각충돌,안전거리미확보,건조,흐림,교차로 - 교차로부근,화물,남,57세,부상신고,승용,남,29세,중상
2013020200100074,2013년 2월 2일 02시,토요일,울산광역시 중구 태화동,중상사고,0,1,0,0,차대차 - 추돌 - 주정차중,안전운전불이행,건조,맑음,단일로 - 기타,승용,남,27세,상해없음,승용,남,44세,중상
2013020200100090,2013년 2월 2일 03시,토요일,울산광역시 중구 복산동,중상사고,0,1,0,0,차대차 - 추돌 - 주정차중,안전운전불이행,건조,맑음,교차로 - 교차로부근,승용,남,25세,상해없음,승용,남,41세,중상
2013020200100147,2013년 2월 2일 07시,토요일,울산광역시 북구 명촌동,중상사고,0,1,1,0,차대차 - 측면직각충돌,안전운전불이행,건조,맑음,단일로 - 기타,승용,남,27세,상해없음,승용,남,47세,경상
2013020200100148,2013년 2월 2일 07시,토요일,울산광역시 동구 일산동,중상사고,0,1,0,0,차대차 - 측면직각충돌,신호위반,건조,맑음,교차로 - 교차로안,이륜,남,29세,상해없음,이륜,남,27세,중상
2013020200100170,2013년 2월 2일 08시,토요일,울산광역시 북구 중산동,중상사고,0,3,2,0,차대차 - 추돌 - 주정차중,안전거리미확보,건조,맑음,교차로 - 교차로부근,승합,남,54세,경상,화물,남,56세,상해없음
2013020200100276,2013년 2월 2일 12시,토요일,울산광역시 남구 달동,중상사고,0,1,0,0,차량단독 - 기타,안전운전불이행,건조,맑음,단일로 - 기타,승합,남,56세,상해없음,,,,
2013020200100329,2013년 2월 2일 14시,토요일,울산광역시 중구 다운동,경상사고,0,0,1,0,차대차 - 측면직각충돌,신호위반,건조,맑음,교차로 - 교차로안,승용,여,58세,상해없음,승합,남,31세,경상
2013020200100367,2013년 2월 2일 16시,토요일,울산광역시 울주군 서생면,경상사고,0,0,1,0,차대차 - 기타,교차로운행방법위반,건조,맑음,교차로 - 교차로안,승용,남,58세,상해없음,승용,여,40세,경상
2013020200100398,2013년 2월 2일 17시,토요일,울산광역시 북구 화봉동,경상사고,0,0,1,0,차대사람 - 횡단중,신호위반,건조,맑음,단일로 - 횡단보도부근,승합,남,55세,상해없음,보행자,여,21세,경상
2013020200100440,2013년 2월 2일 18시,토요일,울산광역시 동구 방어동,경상사고,0,0,1,0,차대차 - 추돌 - 주정차중,안전운전불이행,건조,맑음,교차로 - 교차로부근,승용,남,40세,상해없음,승용,여,57세,경상
2013020200100441,2013년 2월 2일 18시,토요일,울산광역시 북구 정자동,경상사고,0,0,2,0,차대차 - 측면직각충돌,안전운전불이행,건조,맑음,단일로 - 기타,승용,여,51세,상해없음,승용,남,33세,경상
2013020200100472,2013년 2월 2일 19시,토요일,울산광역시 남구 무거동,경상사고,0,0,1,0,차량단독 - 기타,안전운전불이행,건조,맑음,단일로 - 기타,승합,남,44세,상해없음,,,,
2013020200100523,2013년 2월 2일 21시,토요일,울산광역시 중구 우정동,경상사고,0,0,2,0,차대차 - 추돌 - 진행중,안전거리미확보,건조,맑음,교차로 - 교차로안,승합,남,42세,상해없음,승용,남,31세,경상
2013020200100544,2013년 2월 2일 22시,토요일,울산광역시 동구 동부동,경상사고,0,0,1,0,차대차 - 추돌 - 주정차중,안전운전불이행,건조,맑음,단일로 - 기타,승용,남,21세,상해없음,승용,여,31세,경상
2013020200100568,2013년 2월 2일 23시,토요일,울산광역시 동구 서부동,경상사고,0,0,1,0,차대차 - 추돌 - 주정차중,안전운전불이행,건조,맑음,단일로 - 기타,이륜,남,55세,상해없음,승용,남,64세,경상
2013020300100017,2013년 2월 3일 00시,일요일,울산광역시 남구 옥동,중상사고,0,1,2,0,차대차 - 측면직각충돌,신호위반,건조,맑음,교차로 - 교차로부근,승용,여,43세,상해없음,승용,남,29세,중상
2013020300100031,2013년 2월 3일 01시,일요일,울산광역시 남구 삼산동,중상사고,0,1,1,0,차대차 - 정면충돌,신호위반,건조,맑음,교차로 - 교차로안,승용,남,62세,상해없음,이륜,남,33세,중상
2013020300100065,2013년 2월 3일 03시,일요일,울산광역시 남구 삼산동,중상사고,0,1,0,0,차대사람 - 기타,안전운전불이행,건조,맑음,교차로 - 교차로부근,승용,남,25세,상해없음,보행자,남,24세,중상
2013020300100085,2013년 2월 3일 05시,일요일,울산광역시 남구 달동,경상사고,0,0,1,0,차대차 - 추돌 - 주정차중,안전운전불이행,건조,맑음,교차로 - 교차로부근,승용,남,40세,상해없음,승용,남,46세,경상
2013020300100138,2013년 2월 3일 09시,일요일,울산광역시 남구 옥동,중상사고,0,1,0,0,차대사람 - 보도통행중,보행자보호의무위반,건조,맑음,단일로 - 기타,승용,남,54세,상해없음,보행자,남,9세,중상
2013020300100236,2013년 2월 3일 14시,일요일,울산광역시 북구 진장동,중상사고,0,1,2,0,차대차 - 추돌 - 주정차중,안전운전불이행,건조,맑음,교차로 - 교차로부근,승용,남,27세,상해없음,승용,남,52세,중상
2013020300100237,2013년 2월 3일 14시,일요일,울산광역시 울주군 서생면,중상사고,0,3,1,1,차대차 - 측면직각충돌,중앙선침범,건조,맑음,단일로 - 기타,승용,남,29세,부상신고,승용,남,58세,중상
2013020300100257,2013년 2월 3일 15시,일요일,울산광역시 울주군 온산읍,경상사고,0,0,1,0,차대사람 - 횡단중,안전운전불이행,건조,맑음,단일로 - 기타,승용,여,42세,상해없음,보행자,여,17세,경상
2013020300100441,2013년 2월 3일 20시,일요일,울산광역시 중구 태화동,경상사고,0,0,1,0,차대차 - 추돌 - 주정차중,안전운전불이행,습기,비,단일로 - 교량,화물,남,54세,상해없음,승용,여,31세,경상
2013020300100552,2013년 2월 3일 23시,일요일,울산광역시 남구 신정동,중상사고,0,1,0,0,차대사람 - 횡단중,안전운전불이행,습기,비,단일로 - 기타,승용,여,54세,상해없음,보행자,남,59세,중상
2013020400100042,2013년 2월 4일 01시,월요일,울산광역시 남구 무거동,중상사고,0,1,0,0,차대사람 - 차도통행중,안전운전불이행,건조,맑음,단일로 - 기타,승용,남,64세,상해없음,보행자,남,61세,중상
2013020400100106,2013년 2월 4일 06시,월요일,울산광역시 북구 연암동,중상사고,0,1,0,0,차대사람 - 횡단중,안전운전불이행,습기,비,교차로 - 교차로부근,승용,남,63세,상해없음,보행자,여,57세,중상
2013020400100107,2013년 2월 4일 06시,월요일,울산광역시 남구 선암동,중상사고,0,1,0,0,차대사람 - 횡단중,보행자보호의무위반,습기,비,단일로 - 횡단보도상,이륜,남,39세,상해없음,보행자,여,60세,중상
2013020400100134,2013년 2월 4일 07시,월요일,울산광역시 중구 다운동,중상사고,0,1,0,0,차대차 - 측면직각충돌,신호위반,습기,비,교차로 - 교차로안,승용,남,58세,상해없음,승용,남,52세,중상
2013020400100157,2013년 2월 4일 08시,월요일,울산광역시 중구 다운동,경상사고,0,0,1,0,차대사람 - 횡단중,안전운전불이행,건조,맑음,교차로 - 교차로안,승용,남,53세,상해없음,보행자,남,13세,경상
2013020400100186,2013년 2월 4일 09시,월요일,울산광역시 북구 신천동,중상사고,0,1,0,0,차대사람 - 차도통행중,안전운전불이행,건조,흐림,단일로 - 기타,화물,남,47세,상해없음,보행자,남,47세,중상
2013020400100268,2013년 2월 4일 13시,월요일,울산광역시 동구 화정동,경상사고,0,0,1,0,차대차 - 추돌 - 주정차중,안전거리미확보,건조,맑음,단일로 - 기타,이륜,남,19세,경상,승용,남,57세,상해없음
2013020400100281,2013년 2월 4일 14시,월요일,울산광역시 울주군 삼남면,경상사고,0,0,1,0,차대차 - 추돌 - 주정차중,안전운전불이행,건조,맑음,단일로 - 기타,화물,남,43세,상해없음,건설기계,남,55세,경상
2013020400100423,2013년 2월 4일 19시,월요일,울산광역시 울주군 언양읍,중상사고,0,1,0,0,차대사람 - 기타,안전운전불이행,건조,맑음,단일로 - 기타,승용,남,49세,상해없음,보행자,여,59세,중상
2013020400100446,2013년 2월 4일 20시,월요일,울산광역시 남구 무거동,경상사고,0,0,1,0,차대사람 - 기타,중앙선침범,건조,맑음,단일로 - 기타,승용,남,34세,상해없음,보행자,여,25세,경상
2013020400100490,2013년 2월 4일 22시,월요일,울산광역시 남구 삼산동,경상사고,0,0,1,0,차대차 - 추돌 - 주정차중,안전운전불이행,건조,맑음,교차로 - 교차로부근,승용,남,28세,상해없음,승용,남,43세,경상
2013020400100513,2013년 2월 4일 23시,월요일,울산광역시 남구 신정동,중상사고,0,1,0,0,차대차 - 추돌 - 진행중,안전거리미확보,건조,맑음,단일로 - 기타,승용,남,53세,상해없음,이륜,남,45세,중상
2013020400100514,2013년 2월 4일 23시,월요일,울산광역시 울주군 온산읍,중상사고,0,1,0,0,차대차 - 정면충돌,중앙선침범,건조,맑음,교차로 - 교차로안,승용,남,40세,상해없음,승용,남,25세,중상
2013020500100014,2013년 2월 5일 00시,화요일,울산광역시 남구 신정동,경상사고,0,0,1,0,차대차 - 추돌 - 주정차중,중앙선침범,건조,맑음,단일로 - 기타,승용,남,18세,경상,승용,남,28세,기타불명
2013020500100015,2013년 2월 5일 00시,화요일,울산광역시 북구 염포동,중상사고,0,1,2,0,차대차 - 정면충돌,신호위반,건조,맑음,교차로 - 교차로안,이륜,남,16세,경상,화물,남,34세,상해없음
2013020500100032,2013년 2월 5일 01시,화요일,울산광역시 북구 시례동,중상사고,0,1,0,0,차대차 - 추돌 - 진행중,안전운전불이행,건조,맑음,단일로 - 기타,승용,남,29세,상해없음,건설기계,남,45세,상해없음
2013020500100083,2013년 2월 5일 06시,화요일,울산광역시 울주군 온산읍,중상사고,0,2,0,0,차대차 - 측면직각충돌,신호위반,건조,맑음,교차로 - 교차로안,승용,남,28세,상해없음,승용,남,56세,중상
2013020500100169,2013년 2월 5일 09시,화요일,울산광역시 남구 신정동,경상사고,0,0,1,0,차대차 - 측면직각충돌,안전운전불이행,건조,맑음,교차로 - 교차로안,승용,남,68세,상해없음,승용,여,51세,경상
2013020500100267,2013년 2월 5일 14시,화요일,울산광역시 남구 야음동,경상사고,0,0,1,0,차대차 - 기타,안전운전불이행,건조,흐림,교차로 - 교차로부근,이륜,남,49세,경상,승용,여,46세,상해없음
2013020500100389,2013년 2월 5일 18시,화요일,울산광역시 중구 반구동,중상사고,0,1,0,0,차대사람 - 횡단중,안전운전불이행,습기,비,단일로 - 기타,승합,남,47세,상해없음,보행자,남,55세,중상
2013020500100438,2013년 2월 5일 19시,화요일,울산광역시 북구 호계동,경상사고,0,0,1,0,차대차 - 추돌 - 주정차중,안전운전불이행,건조,맑음,교차로 - 교차로부근,승용,남,45세,상해없음,승용,남,36세,경상
2013020500100506,2013년 2월 5일 21시,화요일,울산광역시 북구 호계동,사망사고,1,0,0,0,차대차 - 추돌 - 주정차중,안전운전불이행,건조,맑음,교차로 - 교차로부근,화물,남,50세,사망,화물,남,42세,상해없음
2013020600100066,2013년 2월 6일 03시,수요일,울산광역시 남구 무거동,중상사고,0,2,1,0,차대차 - 추돌 - 진행중,차로위반,습기,비,단일로 - 기타,승용,남,35세,경상,화물,남,53세,중상
2013020600100074,2013년 2월 6일 04시,수요일,울산광역시 남구 삼산동,경상사고,0,0,1,0,차대차 - 측면직각충돌,교차로운행방법위반,건조,맑음,교차로 - 교차로안,승용,남,26세,상해없음,승용,남,42세,경상
2013020600100102,2013년 2월 6일 06시,수요일,울산광역시 북구 양정동,중상사고,0,1,0,0,차대사람 - 횡단중,안전운전불이행,건조,맑음,단일로 - 횡단보도부근,승합,남,45세,상해없음,보행자,남,58세,중상
2013020600100103,2013년 2월 6일 06시,수요일,울산광역시 울주군 온산읍,경상사고,0,0,1,0,차대사람 - 기타,신호위반,습기,흐림,단일로 - 횡단보도상,승용,남,52세,상해없음,보행자,여,48세,경상
2013020600100186,2013년 2월 6일 09시,수요일,울산광역시 남구 달동,경상사고,0,0,1,0,차대차 - 측면직각충돌,안전운전불이행,건조,맑음,교차로 - 교차로안,승용,남,56세,상해없음,승용,남,58세,경상
2013020600100217,2013년 2월 6일 10시,수요일,울산광역시 중구 반구동,부상신고사고,0,0,0,1,차대차 - 측면직각충돌,불법유턴,건조,맑음,단일로 - 횡단보도상,자전거,남,79세,부상신고,승용,여,45세,상해없음
2013020600100266,2013년 2월 6일 12시,수요일,울산광역시 울주군 온양읍,경상사고,0,0,1,0,차대차 - 기타,안전운전불이행,건조,맑음,단일로 - 기타,화물,남,66세,상해없음,원동기,여,73세,경상
2013020600100298,2013년 2월 6일 13시,수요일,울산광역시 중구 약사동,중상사고,0,1,2,0,차대차 - 추돌 - 주정차중,안전운전불이행,건조,맑음,교차로 - 교차로부근,승용,남,75세,경상,승용,남,47세,경상
2013020600100299,2013년 2월 6일 13시,수요일,울산광역시 울주군 서생면,중상사고,0,1,1,0,차대차 - 측면직각충돌,중앙선침범,건조,맑음,단일로 - 기타,승용,남,27세,상해없음,승용,여,53세,중상
2013020600100326,2013년 2월 6일 15시,수요일,울산광역시 울주군 언양읍,중상사고,0,2,0,0,차대차 - 기타,안전거리미확보,건조,맑음,단일로 - 기타,화물,남,67세,중상,특수,남,37세,중상
2013020600100368,2013년 2월 6일 16시,수요일,울산광역시 중구 반구동,중상사고,0,1,0,0,차량단독 - 기타,기타,건조,맑음,단일로 - 기타,승합,남,57세,상해없음,,,,
2013020600100381,2013년 2월 6일 17시,수요일,울산광역시 울주군 범서읍,중상사고,0,1,0,0,차대사람 - 기타,교차로운행방법위반,건조,맑음,교차로 - 교차로안,승용,여,34세,상해없음,보행자,여,14세,중상
2013020600100416,2013년 2월 6일 18시,수요일,울산광역시 남구 무거동,중상사고,0,1,0,0,차대사람 - 기타,안전운전불이행,건조,맑음,교차로 - 교차로안,승합,남,48세,상해없음,보행자,남,17세,중상
2013020600100417,2013년 2월 6일 18시,수요일,울산광역시 동구 일산동,경상사고,0,0,3,0,차대차 - 측면직각충돌,교차로운행방법위반,건조,맑음,교차로 - 교차로안,승용,남,43세,경상,승용,남,57세,경상
2013020600100418,2013년 2월 6일 18시,수요일,울산광역시 동구 전하동,경상사고,0,0,2,0,차대차 - 측면직각충돌,안전운전불이행,건조,맑음,교차로 - 교차로안,화물,여,31세,상해없음,승용,남,59세,경상
2013020600100488,2013년 2월 6일 20시,수요일,울산광역시 남구 신정동,경상사고,0,0,1,0,차대차 - 측면직각충돌,교차로운행방법위반,건조,맑음,교차로 - 교차로안,승용,남,53세,상해없음,승용,남,38세,경상
2013020600100518,2013년 2월 6일 21시,수요일,울산광역시 남구 상개동,경상사고,0,0,1,0,차대차 - 추돌 - 주정차중,안전운전불이행,건조,맑음,단일로 - 기타,승용,남,42세,상해없음,승용,남,41세,경상
2013020600100519,2013년 2월 6일 21시,수요일,울산광역시 남구 달동,경상사고,0,0,1,0,차대차 - 기타,교차로운행방법위반,건조,맑음,교차로 - 교차로안,이륜,남,50세,경상,승용,남,21세,상해없음
2013020600100563,2013년 2월 6일 23시,수요일,울산광역시 남구 신정동,경상사고,0,0,1,0,차대차 - 추돌 - 진행중,안전운전불이행,건조,맑음,교차로 - 교차로안,승용,남,42세,상해없음,승용,남,43세,경상
2013020600100564,2013년 2월 6일 23시,수요일,울산광역시 동구 화정동,중상사고,0,1,0,0,차대차 - 추돌 - 주정차중,안전운전불이행,건조,맑음,교차로 - 교차로부근,승용,남,34세,상해없음,승용,남,45세,중상
2013020700100037,2013년 2월 7일 01시,목요일,울산광역시 남구 옥동,중상사고,0,1,0,0,차량단독 - 공작물충돌,안전운전불이행,건조,맑음,단일로 - 기타,승용,남,57세,상해없음,,,,
2013020700100038,2013년 2월 7일 01시,목요일,울산광역시 남구 신정동,경상사고,0,0,1,0,차량단독 - 기타,안전운전불이행,건조,맑음,단일로 - 기타,이륜,남,40세,경상,,,,
2013020700100077,2013년 2월 7일 05시,목요일,울산광역시 중구 성남동,경상사고,0,0,1,0,차대차 - 추돌 - 진행중,안전운전불이행,건조,맑음,단일로 - 기타,승용,남,19세,상해없음,승용,남,37세,경상
2013020700100099,2013년 2월 7일 07시,목요일,울산광역시 북구 진장동,경상사고,0,0,1,0,차대차 - 측면직각충돌,안전운전불이행,건조,맑음,단일로 - 기타,승용,남,50세,상해없음,승용,남,44세,경상
2013020700100100,2013년 2월 7일 07시,목요일,울산광역시 동구 일산동,경상사고,0,0,1,0,차대차 - 추돌 - 진행중,안전운전불이행,건조,맑음,교차로 - 교차로부근,승용,남,57세,상해없음,자전거,남,54세,경상
2013020700100129,2013년 2월 7일 08시,목요일,울산광역시 북구 염포동,중상사고,0,1,0,0,차대사람 - 기타,안전운전불이행,건조,맑음,교차로 - 교차로부근,승용,여,37세,상해없음,보행자,남,65세,중상
2013020700100147,2013년 2월 7일 09시,목요일,울산광역시 남구 달동,중상사고,0,1,1,0,차대차 - 측면직각충돌,교차로운행방법위반,건조,맑음,교차로 - 교차로안,승용,남,56세,중상,승용,남,40세,경상
2013020700100148,2013년 2월 7일 09시,목요일,울산광역시 남구 삼산동,중상사고,0,1,0,0,차대차 - 정면충돌,중앙선침범,건조,맑음,교차로 - 교차로안,승용,남,25세,상해없음,승용,여,57세,중상
2013020700100149,2013년 2월 7일 09시,목요일,울산광역시 울주군 온산읍,경상사고,0,0,2,1,차대차 - 측면직각충돌,신호위반,건조,흐림,교차로 - 교차로안,승용,남,21세,부상신고,승용,남,73세,경상
2013020700100150,2013년 2월 7일 09시,목요일,울산광역시 울주군 온양읍,중상사고,0,1,0,0,차대차 - 기타,안전운전불이행,건조,맑음,단일로 - 기타,승용,남,36세,중상,화물,남,36세,상해없음
2013020700100188,2013년 2월 7일 11시,목요일,울산광역시 울주군 청량면,경상사고,0,0,5,0,차대차 - 측면직각충돌,안전거리미확보,건조,맑음,교차로 - 교차로부근,승용,남,58세,경상,화물,남,46세,경상
2013020700100203,2013년 2월 7일 12시,목요일,울산광역시 남구 무거동,중상사고,0,1,1,0,차대차 - 추돌 - 진행중,기타,건조,맑음,단일로 - 교량,승용,남,43세,경상,승용,남,31세,중상
2013020700100315,2013년 2월 7일 16시,목요일,울산광역시 중구 학성동,중상사고,0,1,2,0,차대차 - 기타,안전운전불이행,건조,맑음,교차로 - 교차로부근,승합,남,43세,상해없음,승용,남,44세,상해없음
2013020700100316,2013년 2월 7일 16시,목요일,울산광역시 남구 선암동,중상사고,0,1,0,0,차대차 - 측면직각충돌,중앙선침범,건조,맑음,교차로 - 교차로안,이륜,남,27세,중상,승용,남,51세,상해없음
2013020700100383,2013년 2월 7일 18시,목요일,울산광역시 중구 복산동,중상사고,0,1,0,0,차대차 - 측면직각충돌,안전운전불이행,건조,맑음,교차로 - 교차로부근,이륜,남,16세,중상,승용,남,60세,상해없음
2013020700100455,2013년 2월 7일 20시,목요일,울산광역시 동구 방어동,경상사고,0,0,1,0,차대차 - 측면직각충돌,교차로운행방법위반,건조,맑음,교차로 - 교차로안,이륜,남,47세,상해없음,이륜,남,17세,경상
2013020700100493,2013년 2월 7일 21시,목요일,울산광역시 북구 효문동,경상사고,0,0,2,0,차대차 - 추돌 - 주정차중,안전운전불이행,건조,맑음,단일로 - 기타,화물,남,55세,상해없음,승용,남,32세,경상
2013020700100494,2013년 2월 7일 21시,목요일,울산광역시 북구 효문동,중상사고,0,1,1,0,차대차 - 정면충돌,신호위반,건조,맑음,교차로 - 교차로안,승용,남,60세,상해없음,승용,여,27세,중상
2013020700100530,2013년 2월 7일 22시,목요일,울산광역시 남구 삼산동,경상사고,0,0,1,0,차대사람 - 길가장자리구역통행중,안전운전불이행,건조,맑음,단일로 - 기타,승용,남,24세,상해없음,보행자,여,18세,경상
2013020700100531,2013년 2월 7일 22시,목요일,울산광역시 동구 서부동,중상사고,0,1,0,0,차대차 - 추돌 - 주정차중,안전운전불이행,건조,맑음,단일로 - 기타,승용,남,47세,상해없음,승용,남,33세,중상
2013020800100018,2013년 2월 8일 00시,금요일,울산광역시 북구 염포동,경상사고,0,0,1,0,차대차 - 추돌 - 주정차중,안전운전불이행,건조,맑음,교차로 - 교차로부근,승용,남,27세,상해없음,승용,여,50세,경상
2013020800100044,2013년 2월 8일 02시,금요일,울산광역시 울주군 상북면,부상신고사고,0,0,0,1,차량단독 - 공작물충돌,안전운전불이행,건조,맑음,단일로 - 기타,화물,남,34세,부상신고,,,,
2013020800100064,2013년 2월 8일 04시,금요일,울산광역시 남구 달동,경상사고,0,0,1,0,차대차 - 측면직각충돌,안전거리미확보,건조,맑음,단일로 - 기타,승용,남,43세,상해없음,승용,남,68세,경상
2013020800100085,2013년 2월 8일 06시,금요일,울산광역시 동구 서부동,경상사고,0,0,1,0,차대차 - 기타,안전운전불이행,건조,맑음,단일로 - 기타,승용,남,33세,상해없음,승용,남,31세,경상
2013020800100131,2013년 2월 8일 08시,금요일,울산광역시 동구 전하동,경상사고,0,0,3,0,차대차 - 기타,신호위반,건조,맑음,교차로 - 교차로안,화물,남,63세,경상,승용,여,54세,경상
2013020800100147,2013년 2월 8일 09시,금요일,울산광역시 중구 북정동,중상사고,0,1,1,0,차대차 - 측면직각충돌,신호위반,건조,맑음,교차로 - 교차로안,승용,여,46세,상해없음,승용,남,51세,중상