사고번호,사고일시,요일,시군구,사고내용,사망자수,중상자수,경상자수,부상신고자수,사고유형,법규위반,노면상태,기상상태,도로형태,가해운전자 차종,가해운전자 성별,가해운전자 연령,가해운전자 상해정도,피해운전자 차종,피해운전자 성별,피해운전자 연령,피해운전자 상해정도
2013020800100175,2013년 2월 8일 10시,금요일,울산광역시 중구 성남동,부상신고사고,0,0,0,1,차대차 - 측면직각충돌,직진우회전진행방해,건조,맑음,교차로 - 교차로안,이륜,남,22세,부상신고,승용,남,51세,상해없음
2013020800100199,2013년 2월 8일 11시,금요일,울산광역시 남구 달동,경상사고,0,0,3,0,차대차 - 측면직각충돌,안전거리미확보,건조,맑음,교차로 - 교차로부근,승용,남,61세,상해없음,승용,남,24세,경상
2013020800100224,2013년 2월 8일 12시,금요일,울산광역시 중구 북정동,사망사고,1,0,0,0,차대사람 - 기타,안전운전불이행,건조,맑음,단일로 - 기타,승합,여,67세,상해없음,보행자,여,78세,사망
2013020800100255,2013년 2월 8일 13시,금요일,울산광역시 울주군 청량면,중상사고,0,1,2,0,차대차 - 추돌 - 진행중,안전운전불이행,건조,맑음,단일로 - 기타,승용,남,18세,경상,승용,남,26세,중상
2013020800100380,2013년 2월 8일 17시,금요일,울산광역시 동구 화정동,중상사고,0,1,0,0,차대차 - 기타,직진우회전진행방해,건조,맑음,단일로 - 기타,승용,남,46세,상해없음,이륜,남,24세,중상
2013020800100381,2013년 2월 8일 17시,금요일,울산광역시 동구 방어동,경상사고,0,0,1,0,차대차 - 정면충돌,중앙선침범,건조,맑음,기타 - 기타,자전거,남,33세,상해없음,이륜,남,48세,경상
2013020800100382,2013년 2월 8일 17시,금요일,울산광역시 울주군 웅촌면,경상사고,0,0,1,0,차대차 - 추돌 - 진행중,안전운전불이행,건조,맑음,단일로 - 기타,화물,남,71세,상해없음,승용,여,38세,경상
2013020800100431,2013년 2월 8일 18시,금요일,울산광역시 중구 태화동,경상사고,0,0,1,0,차대차 - 측면직각충돌,중앙선침범,건조,맑음,단일로 - 기타,승용,여,48세,상해없음,원동기,남,17세,경상
2013020800100432,2013년 2월 8일 18시,금요일,울산광역시 동구 전하동,중상사고,0,1,0,0,차대사람 - 기타,안전운전불이행,건조,맑음,교차로 - 교차로부근,이륜,남,22세,상해없음,보행자,남,58세,중상
2013020800100433,2013년 2월 8일 18시,금요일,울산광역시 동구 화정동,중상사고,0,1,0,0,차대사람 - 기타,안전운전불이행,건조,맑음,교차로 - 교차로부근,승용,기타불명,기타불명,기타불명,보행자,여,54세,중상
2013020800100442,2013년 2월 8일 19시,금요일,울산광역시 울주군 언양읍,중상사고,0,1,0,0,차대차 - 추돌 - 진행중,안전거리미확보,건조,맑음,단일로 - 기타,승용,남,53세,상해없음,승용,남,43세,중상
2013020800100551,2013년 2월 8일 21시,금요일,울산광역시 중구 다운동,중상사고,0,2,2,0,차대차 - 추돌 - 주정차중,안전운전불이행,건조,맑음,교차로 - 교차로부근,승용,남,56세,중상,승용,남,41세,경상
2013020800100552,2013년 2월 8일 21시,금요일,울산광역시 울주군 삼동면,중상사고,0,1,0,0,차대사람 - 기타,안전운전불이행,건조,맑음,단일로 - 기타,승용,남,56세,상해없음,보행자,남,51세,중상
2013020800100581,2013년 2월 8일 22시,금요일,울산광역시 중구 남외동,경상사고,0,0,1,0,차대차 - 측면직각충돌,신호위반,건조,맑음,교차로 - 교차로안,승용,남,40세,상해없음,승용,남,53세,상해없음
2013020900100053,2013년 2월 9일 01시,토요일,울산광역시 남구 신정동,중상사고,0,1,0,0,차대차 - 추돌 - 주정차중,안전운전불이행,건조,맑음,교차로 - 교차로부근,이륜,남,16세,중상,승용,여,44세,상해없음
2013020900100094,2013년 2월 9일 04시,토요일,울산광역시 북구 시례동,중상사고,0,1,1,0,차대차 - 추돌 - 진행중,안전거리미확보,건조,맑음,단일로 - 기타,승용,남,30세,상해없음,승용,여,63세,중상
2013020900100126,2013년 2월 9일 07시,토요일,울산광역시 남구 삼산동,중상사고,0,1,0,0,차대차 - 측면직각충돌,차로위반,건조,맑음,단일로 - 기타,승용,남,23세,상해없음,화물,남,53세,중상
2013020900100169,2013년 2월 9일 10시,토요일,울산광역시 동구 서부동,중상사고,0,1,1,0,차대차 - 기타,중앙선침범,건조,맑음,단일로 - 기타,승용,남,60세,상해없음,승용,남,41세,중상
2013020900100183,2013년 2월 9일 11시,토요일,울산광역시 동구 일산동,경상사고,0,0,1,0,차대차 - 기타,안전운전불이행,건조,맑음,단일로 - 기타,승용,남,44세,상해없음,이륜,남,27세,경상
2013020900100216,2013년 2월 9일 13시,토요일,울산광역시 남구 신정동,중상사고,0,1,0,0,차대차 - 측면직각충돌,안전거리미확보,건조,맑음,단일로 - 기타,승용,남,48세,상해없음,승용,남,33세,중상
2013020900100217,2013년 2월 9일 13시,토요일,울산광역시 울주군 언양읍,부상신고사고,0,0,0,1,차대사람 - 차도통행중,안전운전불이행,건조,맑음,단일로 - 기타,승용,여,45세,상해없음,보행자,남,44세,부상신고
2013020900100218,2013년 2월 9일 13시,토요일,울산광역시 울주군 청량면,경상사고,0,0,1,0,차대차 - 추돌 - 주정차중,안전운전불이행,건조,맑음,단일로 - 기타,승용,남,34세,상해없음,승용,남,58세,경상
2013020900100236,2013년 2월 9일 14시,토요일,울산광역시 북구 명촌동,경상사고,0,0,2,0,차대차 - 추돌 - 진행중,안전거리미확보,건조,맑음,단일로 - 교량,승용,남,55세,상해없음,승용,남,51세,경상
2013020900100237,2013년 2월 9일 14시,토요일,울산광역시 울주군 온양읍,경상사고,0,0,3,0,차대차 - 기타,안전운전불이행,건조,맑음,교차로 - 교차로부근,승용,남,51세,상해없음,승용,남,28세,경상
2013020900100309,2013년 2월 9일 18시,토요일,울산광역시 동구 전하동,중상사고,0,1,1,0,차대차 - 기타,직진우회전진행방해,건조,맑음,교차로 - 교차로안,승용,남,28세,상해없음,승용,남,29세,중상
2013020900100331,2013년 2월 9일 19시,토요일,울산광역시 중구 학성동,중상사고,0,1,1,0,차대차 - 측면직각충돌,중앙선침범,건조,맑음,단일로 - 기타,승용,남,56세,상해없음,이륜,남,32세,중상
2013020900100365,2013년 2월 9일 21시,토요일,울산광역시 중구 약사동,경상사고,0,0,2,0,차대차 - 추돌 - 주정차중,안전운전불이행,건조,맑음,단일로 - 기타,승합,남,25세,상해없음,승용,남,26세,경상
2013020900100379,2013년 2월 9일 22시,토요일,울산광역시 남구 삼산동,중상사고,0,1,0,0,차대사람 - 차도통행중,안전운전불이행,건조,맑음,단일로 - 횡단보도부근,승용,남,69세,상해없음,보행자,여,57세,중상
2013020900100380,2013년 2월 9일 22시,토요일,울산광역시 남구 삼산동,경상사고,0,0,3,0,차대차 - 추돌 - 주정차중,안전운전불이행,건조,맑음,단일로 - 기타,승합,남,20세,상해없음,승합,남,32세,경상
2013020900100381,2013년 2월 9일 22시,토요일,울산광역시 울주군 삼남면,중상사고,0,1,0,0,차대차 - 기타,중앙선침범,습기,흐림,단일로 - 기타,승합,남,47세,상해없음,승용,여,54세,중상
2013020900100398,2013년 2월 9일 23시,토요일,울산광역시 울주군 서생면,경상사고,0,0,1,0,차량단독 - 공작물충돌,안전운전불이행,건조,맑음,단일로 - 기타,승용,남,26세,경상,,,,
2013021000100028,2013년 2월 10일 02시,일요일,울산광역시 중구 성남동,경상사고,0,0,2,0,차대사람 - 기타,안전운전불이행,건조,맑음,단일로 - 기타,승용,남,26세,상해없음,보행자,남,17세,경상
2013021000100090,2013년 2월 10일 08시,일요일,울산광역시 울주군 온양읍,중상사고,0,1,0,0,차대차 - 기타,교차로운행방법위반,건조,맑음,교차로 - 교차로안,승용,남,43세,상해없음,승용,여,36세,중상
2013021000100332,2013년 2월 10일 21시,일요일,울산광역시 동구 화정동,중상사고,0,1,0,0,차대차 - 기타,안전운전불이행,건조,맑음,교차로 - 교차로안,승용,남,32세,상해없음,이륜,남,27세,중상
2013021100100020,2013년 2월 11일 01시,월요일,울산광역시 남구 신정동,중상사고,0,2,1,0,차대차 - 기타,안전거리미확보,건조,맑음,단일로 - 기타,승용,남,30세,상해없음,승용,남,38세,중상
2013021100100071,2013년 2월 11일 07시,월요일,울산광역시 남구 삼산동,중상사고,0,3,0,0,차대차 - 측면직각충돌,중앙선침범,건조,맑음,단일로 - 기타,화물,남,39세,상해없음,승용,남,26세,중상
2013021100100115,2013년 2월 11일 12시,월요일,울산광역시 남구 신정동,중상사고,0,1,0,0,차대차 - 측면직각충돌,안전운전불이행,건조,맑음,교차로 - 교차로부근,승용,여,22세,상해없음,자전거,여,61세,중상
2013021100100126,2013년 2월 11일 13시,월요일,울산광역시 북구 염포동,경상사고,0,0,5,0,차대차 - 추돌 - 진행중,안전거리미확보,건조,맑음,교차로 - 교차로부근,승용,남,52세,상해없음,승용,남,46세,경상
2013021100100205,2013년 2월 11일 18시,월요일,울산광역시 남구 삼산동,중상사고,0,4,3,0,차대차 - 측면직각충돌,신호위반,건조,맑음,교차로 - 교차로안,승용,여,37세,경상,승용,여,42세,중상
2013021100100206,2013년 2월 11일 18시,월요일,울산광역시 북구 산하동,경상사고,0,0,1,0,차대차 - 측면직각충돌,안전운전불이행,건조,맑음,단일로 - 기타,승용,남,49세,상해없음,이륜,남,74세,경상
2013021200100016,2013년 2월 12일 00시,화요일,울산광역시 남구 삼산동,경상사고,0,0,2,0,차대차 - 기타,안전운전불이행,건조,맑음,교차로 - 교차로부근,승용,남,27세,상해없음,승용,남,72세,경상
2013021200100029,2013년 2월 12일 01시,화요일,울산광역시 울주군 온산읍,경상사고,0,0,1,0,차대차 - 기타,안전운전불이행,건조,맑음,단일로 - 기타,승용,남,29세,상해없음,승용,남,45세,경상
2013021200100081,2013년 2월 12일 07시,화요일,울산광역시 남구 옥동,경상사고,0,0,1,0,차대차 - 측면직각충돌,교차로운행방법위반,건조,맑음,교차로 - 교차로안,승용,남,65세,상해없음,승용,여,48세,경상
2013021200100121,2013년 2월 12일 10시,화요일,울산광역시 울주군 온양읍,경상사고,0,0,1,0,차대차 - 측면직각충돌,직진우회전진행방해,건조,맑음,교차로 - 교차로안,화물,여,50세,상해없음,승용,남,30세,경상
2013021200100259,2013년 2월 12일 15시,화요일,울산광역시 울주군 서생면,중상사고,0,1,0,0,차대사람 - 기타,안전운전불이행,건조,맑음,기타 - 기타,화물,남,49세,상해없음,보행자,남,74세,중상
2013021200100288,2013년 2월 12일 16시,화요일,울산광역시 동구 일산동,경상사고,0,0,1,0,차대차 - 정면충돌,중앙선침범,습기,비,교차로 - 교차로부근,승용,남,64세,상해없음,승용,남,58세,경상
2013021200100350,2013년 2월 12일 18시,화요일,울산광역시 중구 반구동,경상사고,0,0,1,0,차대차 - 측면직각충돌,안전운전불이행,습기,흐림,단일로 - 기타,승용,여,48세,상해없음,자전거,남,50세,경상
2013021200100379,2013년 2월 12일 19시,화요일,울산광역시 중구 태화동,중상사고,0,1,0,0,차대차 - 추돌 - 진행중,안전운전불이행,건조,흐림,단일로 - 기타,화물,남,49세,상해없음,승용,여,41세,중상
2013021200100380,2013년 2월 12일 19시,화요일,울산광역시 남구 야음동,중상사고,0,1,0,0,차대사람 - 횡단중,보행자보호의무위반,건조,맑음,교차로 - 교차로부근,승용,남,44세,상해없음,보행자,남,68세,중상
2013021200100381,2013년 2월 12일 19시,화요일,울산광역시 울주군 온산읍,경상사고,0,0,1,0,차대차 - 기타,안전운전불이행,건조,맑음,단일로 - 기타,승용,남,41세,상해없음,승용,여,59세,경상
2013021200100432,2013년 2월 12일 21시,화요일,울산광역시 중구 반구동,경상사고,0,0,2,0,차대차 - 추돌 - 진행중,안전운전불이행,건조,맑음,단일로 - 기타,승용,남,35세,상해없음,승용,남,39세,경상
2013021200100483,2013년 2월 12일 23시,화요일,울산광역시 남구 삼산동,경상사고,0,0,1,0,차대차 - 측면직각충돌,안전운전불이행,건조,흐림,교차로 - 교차로부근,승용,남,40세,상해없음,승용,여,29세,경상
2013021300100013,2013년 2월 13일 00시,수요일,울산광역시 중구 다운동,중상사고,0,1,2,0,차대차 - 측면직각충돌,신호위반,건조,맑음,교차로 - 교차로안,승용,여,21세,상해없음,승용,여,53세,중상
2013021300100100,2013년 2월 13일 07시,수요일,울산광역시 울주군 언양읍,경상사고,0,0,1,1,차대차 - 추돌 - 진행중,안전거리미확보,건조,맑음,교차로 - 교차로부근,승용,남,50세,부상신고,승용,여,30세,경상
2013021300100131,2013년 2월 13일 08시,수요일,울산광역시 북구 연암동,경상사고,0,0,1,0,차대사람 - 기타,안전운전불이행,건조,맑음,단일로 - 기타,승용,여,40세,상해없음,보행자,남,68세,경상
2013021300100132,2013년 2월 13일 08시,수요일,울산광역시 남구 달동,중상사고,0,1,1,0,차대차 - 측면직각충돌,직진우회전진행방해,건조,맑음,교차로 - 교차로안,승용,여,52세,경상,승용,남,50세,중상
2013021300100344,2013년 2월 13일 17시,수요일,울산광역시 남구 신정동,중상사고,0,1,0,1,차대차 - 정면충돌,신호위반,건조,맑음,교차로 - 교차로안,승합,남,53세,상해없음,화물,남,41세,중상
2013021300100390,2013년 2월 13일 18시,수요일,울산광역시 중구 학산동,중상사고,0,1,0,0,차대사람 - 횡단중,보행자보호의무위반,건조,맑음,단일로 - 횡단보도상,승용,남,53세,상해없음,보행자,남,59세,중상
2013021300100391,2013년 2월 13일 18시,수요일,울산광역시 동구 방어동,경상사고,0,0,1,0,차대차 - 측면직각충돌,교차로운행방법위반,건조,맑음,교차로 - 교차로안,승용,남,52세,상해없음,이륜,남,29세,경상
2013021300100451,2013년 2월 13일 20시,수요일,울산광역시 북구 신천동,경상사고,0,0,1,0,차대차 - 측면직각충돌,안전거리미확보,건조,맑음,교차로 - 교차로부근,승용,남,68세,상해없음,이륜,남,16세,경상
2013021300100452,2013년 2월 13일 20시,수요일,울산광역시 동구 화정동,중상사고,0,1,0,0,차대차 - 측면직각충돌,교차로운행방법위반,건조,맑음,교차로 - 교차로안,승용,남,28세,상해없음,이륜,남,38세,중상
2013021300100477,2013년 2월 13일 21시,수요일,울산광역시 남구 야음동,경상사고,0,0,4,0,차대차 - 정면충돌,신호위반,건조,맑음,교차로 - 교차로부근,승용,남,69세,상해없음,승용,여,43세,경상
2013021300100505,2013년 2월 13일 22시,수요일,울산광역시 남구 달동,경상사고,0,0,2,0,차대차 - 정면충돌,중앙선침범,건조,맑음,교차로 - 교차로부근,승용,남,39세,상해없음,승용,남,20세,상해없음
2013021400100018,2013년 2월 14일 00시,목요일,울산광역시 남구 달동,중상사고,0,1,0,0,차대차 - 추돌 - 주정차중,안전운전불이행,건조,맑음,교차로 - 교차로부근,승용,여,30세,상해없음,승용,남,61세,상해없음
2013021400100029,2013년 2월 14일 01시,목요일,울산광역시 중구 옥교동,중상사고,0,1,0,0,차대차 - 측면직각충돌,직진우회전진행방해,건조,맑음,교차로 - 교차로안,화물,남,33세,상해없음,원동기,남,22세,중상
2013021400100040,2013년 2월 14일 02시,목요일,울산광역시 울주군 웅촌면,사망사고,1,2,0,0,차대사람 - 기타,안전운전불이행,건조,맑음,교차로 - 교차로부근,승용,남,32세,사망,보행자,남,63세,중상
2013021400100046,2013년 2월 14일 03시,목요일,울산광역시 남구 무거동,경상사고,0,0,1,0,차대사람 - 횡단중,안전운전불이행,건조,맑음,단일로 - 기타,승용,남,42세,상해없음,보행자,남,29세,경상
2013021400100082,2013년 2월 14일 07시,목요일,울산광역시 울주군 온산읍,경상사고,0,0,1,0,차대차 - 측면직각충돌,직진우회전진행방해,건조,맑음,교차로 - 교차로부근,이륜,남,48세,경상,승용,남,30세,상해없음
2013021400100083,2013년 2월 14일 07시,목요일,울산광역시 울주군 온산읍,중상사고,0,1,0,0,차대차 - 기타,안전운전불이행,건조,맑음,단일로 - 기타,원동기,남,42세,중상,승용,남,53세,상해없음
2013021400100109,2013년 2월 14일 08시,목요일,울산광역시 남구 옥동,중상사고,0,2,0,0,차대차 - 추돌 - 주정차중,안전거리미확보,건조,맑음,교차로 - 교차로부근,화물,남,42세,상해없음,승용,남,48세,중상
2013021400100246,2013년 2월 14일 14시,목요일,울산광역시 동구 전하동,경상사고,0,0,1,0,차대차 - 측면직각충돌,불법유턴,건조,맑음,교차로 - 교차로안,승용,남,56세,상해없음,이륜,남,81세,경상
2013021400100292,2013년 2월 14일 16시,목요일,울산광역시 중구 남외동,중상사고,0,1,0,0,차대차 - 측면직각충돌,교차로운행방법위반,건조,맑음,교차로 - 교차로안,승합,여,46세,상해없음,이륜,남,57세,중상
2013021400100317,2013년 2월 14일 17시,목요일,울산광역시 동구 일산동,중상사고,0,1,0,0,차대차 - 측면직각충돌,안전운전불이행,건조,맑음,교차로 - 교차로안,승용,남,52세,상해없음,이륜,남,30세,중상
2013021400100318,2013년 2월 14일 17시,목요일,울산광역시 동구 방어동,중상사고,0,1,0,0,차대사람 - 기타,안전운전불이행,건조,맑음,단일로 - 기타,승용,여,38세,상해없음,보행자,남,63세,중상
2013021400100348,2013년 2월 14일 18시,목요일,울산광역시 남구 삼산동,중상사고,0,1,0,0,차대차 - 측면직각충돌,안전운전불이행,건조,맑음,교차로 - 교차로안,승용,남,61세,상해없음,이륜,남,39세,중상
2013021400100389,2013년 2월 14일 19시,목요일,울산광역시 북구 명촌동,경상사고,0,0,1,0,차대차 - 기타,중앙선침범,건조,맑음,단일로 - 기타,승용,남,34세,상해없음,이륜,남,21세,경상
2013021400100438,2013년 2월 14일 21시,목요일,울산광역시 동구 화정동,경상사고,0,0,1,0,차대차 - 측면직각충돌,교차로운행방법위반,건조,맑음,기타 - 기타,승합,남,23세,상해없음,이륜,남,17세,경상
2013021400100497,2013년 2월 14일 23시,목요일,울산광역시 남구 옥동,중상사고,0,1,1,0,차대차 - 측면직각충돌,신호위반,건조,맑음,교차로 - 교차로부근,승용,남,64세,상해없음,승용,남,32세,경상
2013021500100018,2013년 2월 15일 00시,금요일,울산광역시 중구 약사동,경상사고,0,0,2,0,차대차 - 기타,안전운전불이행,건조,맑음,교차로 - 교차로안,승용,남,53세,상해없음,승용,여,42세,경상
2013021500100141,2013년 2월 15일 08시,금요일,울산광역시 울주군 온산읍,경상사고,0,0,2,0,차대차 - 기타,교차로운행방법위반,건조,맑음,교차로 - 교차로안,승용,여,34세,경상,건설기계,남,46세,경상
2013021500100143,2013년 2월 15일 08시,금요일,울산광역시 울주군 청량면,경상사고,0,0,7,2,차대차 - 기타,안전거리미확보,건조,맑음,단일로 - 기타,화물,남,41세,상해없음,화물,남,64세,상해없음
2013021500100289,2013년 2월 15일 14시,금요일,울산광역시 중구 반구동,중상사고,0,1,0,0,차대사람 - 횡단중,보행자보호의무위반,건조,맑음,교차로 - 교차로부근,승용,남,54세,상해없음,보행자,여,36세,중상
2013021500100290,2013년 2월 15일 14시,금요일,울산광역시 남구 용잠동,사망사고,1,0,0,0,차대사람 - 기타,안전운전불이행,건조,맑음,단일로 - 기타,승용,남,46세,상해없음,보행자,남,38세,사망
2013021500100484,2013년 2월 15일 21시,금요일,울산광역시 중구 우정동,경상사고,0,0,1,0,차대사람 - 횡단중,안전운전불이행,건조,맑음,단일로 - 기타,승용,남,55세,상해없음,보행자,남,31세,경상
2013021500100485,2013년 2월 15일 21시,금요일,울산광역시 남구 여천동,경상사고,0,0,3,0,차대차 - 기타,안전운전불이행,건조,맑음,단일로 - 기타,승용,남,30세,경상,승용,여,45세,경상
2013021500100486,2013년 2월 15일 21시,금요일,울산광역시 울주군 범서읍,중상사고,0,2,0,0,차대차 - 측면직각충돌,교차로운행방법위반,건조,맑음,교차로 - 교차로안,승용,남,57세,상해없음,승용,여,28세,중상
2013021500100514,2013년 2월 15일 22시,금요일,울산광역시 남구 신정동,중상사고,0,1,1,0,차대차 - 추돌 - 주정차중,안전운전불이행,건조,맑음,단일로 - 기타,승용,남,37세,상해없음,승용,남,46세,중상
2013021500100515,2013년 2월 15일 22시,금요일,울산광역시 남구 삼산동,경상사고,0,0,2,0,차대차 - 추돌 - 주정차중,안전운전불이행,건조,맑음,교차로 - 교차로부근,승용,남,38세,상해없음,승용,여,46세,경상
2013021500100533,2013년 2월 15일 23시,금요일,울산광역시 동구 전하동,중상사고,0,1,0,0,차대차 - 추돌 - 진행중,안전거리미확보,건조,맑음,단일로 - 기타,승용,남,57세,상해없음,이륜,남,43세,중상
2013021600100027,2013년 2월 16일 00시,토요일,울산광역시 중구 서동,경상사고,0,0,1,0,차대차 - 측면직각충돌,안전거리미확보,건조,맑음,교차로 - 교차로부근,승용,남,32세,상해없음,화물,남,38세,경상
2013021600100028,2013년 2월 16일 00시,토요일,울산광역시 동구 서부동,경상사고,0,0,1,0,차대차 - 정면충돌,신호위반,건조,맑음,교차로 - 교차로안,승용,남,61세,상해없음,승용,여,40세,경상
2013021600100059,2013년 2월 16일 02시,토요일,울산광역시 남구 달동,중상사고,0,2,1,0,차대차 - 추돌 - 진행중,차로위반,건조,맑음,교차로 - 교차로부근,승용,남,27세,상해없음,승용,남,60세,중상
2013021600100116,2013년 2월 16일 06시,토요일,울산광역시 남구 두왕동,경상사고,0,0,1,0,차대차 - 추돌 - 진행중,안전거리미확보,건조,맑음,단일로 - 기타,승용,남,40세,상해없음,승용,남,32세,경상
2013021600100134,2013년 2월 16일 07시,토요일,울산광역시 남구 삼산동,중상사고,0,1,0,0,차대차 - 측면직각충돌,신호위반,건조,맑음,교차로 - 교차로안,승용,남,35세,상해없음,승합,남,64세,중상
2013021600100158,2013년 2월 16일 08시,토요일,울산광역시 북구 효문동,중상사고,0,1,0,0,차대사람 - 횡단중,안전운전불이행,건조,맑음,교차로 - 교차로부근,승합,남,51세,상해없음,보행자,여,68세,중상
2013021600100223,2013년 2월 16일 11시,토요일,울산광역시 동구 전하동,경상사고,0,0,1,0,차대차 - 측면직각충돌,신호위반,건조,맑음,교차로 - 교차로안,승용,남,31세,상해없음,이륜,여,56세,경상
2013021600100357,2013년 2월 16일 17시,토요일,울산광역시 남구 삼산동,중상사고,0,1,0,0,차대사람 - 횡단중,보행자보호의무위반,건조,맑음,단일로 - 기타,승용,남,42세,상해없음,보행자,여,52세,중상
2013021600100388,2013년 2월 16일 18시,토요일,울산광역시 남구 삼산동,경상사고,0,0,1,0,차대차 - 기타,안전운전불이행,건조,맑음,단일로 - 기타,승용,남,44세,상해없음,기타불명,기타불명,기타불명,기타불명
2013021600100389,2013년 2월 16일 18시,토요일,울산광역시 울주군 두동면,중상사고,0,1,0,0,차대사람 - 횡단중,안전운전불이행,건조,맑음,교차로 - 교차로부근,승용,여,50세,상해없음,보행자,여,71세,중상
2013021600100412,2013년 2월 16일 19시,토요일,울산광역시 북구 매곡동,부상신고사고,0,0,0,1,차대차 - 추돌 - 주정차중,안전운전불이행,건조,맑음,단일로 - 기타,이륜,남,46세,부상신고,승용,여,30세,기타불명
2013021600100413,2013년 2월 16일 19시,토요일,울산광역시 울주군 상북면,경상사고,0,0,2,0,차대차 - 기타,교차로운행방법위반,건조,맑음,교차로 - 교차로안,승용,남,30세,상해없음,승용,남,62세,경상
2013021600100414,2013년 2월 16일 19시,토요일,울산광역시 울주군 삼남면,경상사고,0,0,3,0,차대차 - 기타,교차로운행방법위반,건조,맑음,교차로 - 교차로안,승용,여,31세,경상,승용,남,26세,경상
2013021600100458,2013년 2월 16일 21시,토요일,울산광역시 북구 신천동,중상사고,0,1,4,0,차대차 - 측면직각충돌,안전거리미확보,건조,맑음,교차로 - 교차로부근,승용,여,44세,기타불명,승용,남,37세,경상
2013021600100499,2013년 2월 16일 23시,토요일,울산광역시 동구 전하동,경상사고,0,0,3,0,차대차 - 추돌 - 주정차중,안전운전불이행,건조,맑음,단일로 - 기타,승용,남,23세,상해없음,승용,남,52세,상해없음
2013021700100037,2013년 2월 17일 02시,일요일,울산광역시 북구 천곡동,중상사고,0,1,0,0,차대사람 - 기타,안전운전불이행,건조,맑음,교차로 - 교차로안,승합,남,48세,상해없음,보행자,남,21세,중상
2013021700100048,2013년 2월 17일 03시,일요일,울산광역시 중구 태화동,중상사고,0,1,0,0,차대사람 - 횡단중,안전운전불이행,건조,맑음,단일로 - 기타,승용,남,28세,상해없음,보행자,남,33세,중상
2013021700100075,2013년 2월 17일 06시,일요일,울산광역시 북구 명촌동,경상사고,0,0,2,0,차대차 - 추돌 - 주정차중,안전운전불이행,건조,맑음,교차로 - 교차로안,승용,남,26세,상해없음,승용,남,50세,경상
2013021700100167,2013년 2월 17일 13시,일요일,울산광역시 중구 약사동,중상사고,0,1,1,0,차대차 - 측면직각충돌,신호위반,건조,맑음,교차로 - 교차로안,승합,남,48세,중상,승용,남,55세,경상
2013021700100215,2013년 2월 17일 15시,일요일,울산광역시 북구 연암동,경상사고,0,0,1,0,차대차 - 측면직각충돌,교차로운행방법위반,건조,맑음,교차로 - 교차로안,승용,남,52세,상해없음,승용,남,30세,경상
2013021700100293,2013년 2월 17일 19시,일요일,울산광역시 중구 학성동,중상사고,0,1,1,0,차대차 - 추돌 - 진행중,안전운전불이행,건조,맑음,교차로 - 교차로부근,승용,남,39세,상해없음,화물,남,44세,중상
2013021700100312,2013년 2월 17일 20시,일요일,울산광역시 중구 우정동,경상사고,0,0,2,0,차대차 - 측면직각충돌,교차로운행방법위반,건조,맑음,교차로 - 교차로안,원동기,여,22세,경상,승용,남,54세,상해없음
2013021700100361,2013년 2월 17일 22시,일요일,울산광역시 중구 반구동,경상사고,0,0,1,0,차대차 - 추돌 - 진행중,안전운전불이행,건조,맑음,단일로 - 기타,승용,남,62세,상해없음,원동기,남,36세,경상
2013021700100362,2013년 2월 17일 22시,일요일,울산광역시 북구 효문동,경상사고,0,0,1,0,차대차 - 추돌 - 주정차중,안전운전불이행,습기,비,단일로 - 기타,승용,남,52세,상해없음,승용,남,62세,경상
2013021800100076,2013년 2월 18일 07시,월요일,울산광역시 울주군 청량면,중상사고,0,1,0,0,차량단독 - 전도전복,안전운전불이행,습기,비,단일로 - 기타,승용,남,31세,중상,,,,
2013021800100120,2013년 2월 18일 09시,월요일,울산광역시 동구 동부동,중상사고,0,1,0,0,차대차 - 기타,교차로운행방법위반,습기,비,교차로 - 교차로안,승용,남,49세,상해없음,이륜,남,63세,중상
2013021800100199,2013년 2월 18일 12시,월요일,울산광역시 남구 달동,경상사고,0,0,1,1,차대차 - 정면충돌,신호위반,습기,흐림,교차로 - 교차로안,승용,여,36세,상해없음,승용,남,47세,경상
2013021800100221,2013년 2월 18일 13시,월요일,울산광역시 남구 야음동,경상사고,0,0,1,0,차대사람 - 차도통행중,안전운전불이행,습기,흐림,교차로 - 교차로안,이륜,남,16세,상해없음,보행자,여,52세,경상
2013021800100285,2013년 2월 18일 16시,월요일,울산광역시 북구 신천동,중상사고,0,3,1,0,차대차 - 측면직각충돌,안전운전불이행,건조,맑음,단일로 - 기타,승용,여,29세,중상,승용,남,46세,경상
2013021800100286,2013년 2월 18일 16시,월요일,울산광역시 동구 화정동,경상사고,0,0,1,0,차대차 - 기타,기타,건조,맑음,기타 - 기타,승용,여,27세,상해없음,이륜,남,17세,경상
2013021800100369,2013년 2월 18일 19시,월요일,울산광역시 북구 송정동,중상사고,0,1,0,0,차대사람 - 기타,안전운전불이행,건조,맑음,단일로 - 기타,승용,여,53세,상해없음,보행자,남,46세,중상
2013021800100370,2013년 2월 18일 19시,월요일,울산광역시 남구 야음동,중상사고,0,1,0,0,차대차 - 측면직각충돌,안전운전불이행,건조,맑음,단일로 - 기타,승용,여,40세,상해없음,승용,여,22세,중상
2013021800100395,2013년 2월 18일 20시,월요일,울산광역시 남구 달동,경상사고,0,0,1,0,차대차 - 추돌 - 주정차중,안전거리미확보,건조,흐림,교차로 - 교차로부근,승용,남,28세,상해없음,승용,남,39세,경상