사고번호,사고일시,요일,시군구,사고내용,사망자수,중상자수,경상자수,부상신고자수,사고유형,법규위반,노면상태,기상상태,도로형태,가해운전자 차종,가해운전자 성별,가해운전자 연령,가해운전자 상해정도,피해운전자 차종,피해운전자 성별,피해운전자 연령,피해운전자 상해정도
2013032500100142,2013년 3월 25일 09시,월요일,울산광역시 남구 달동,중상사고,0,1,0,0,차대차 - 측면직각충돌,안전운전불이행,건조,맑음,단일로 - 기타,승용,여,59세,상해없음,이륜,남,58세,중상
2013032500100143,2013년 3월 25일 09시,월요일,울산광역시 동구 방어동,경상사고,0,0,3,0,차대차 - 기타,안전운전불이행,건조,맑음,단일로 - 기타,승용,여,60세,상해없음,승용,여,45세,경상
2013032500100203,2013년 3월 25일 11시,월요일,울산광역시 중구 남외동,경상사고,0,0,1,0,차대사람 - 길가장자리구역통행중,안전운전불이행,건조,맑음,교차로 - 교차로안,승용,남,64세,상해없음,보행자,여,55세,경상
2013032500100204,2013년 3월 25일 11시,월요일,울산광역시 남구 무거동,중상사고,0,1,0,0,차대차 - 측면직각충돌,안전운전불이행,건조,맑음,단일로 - 기타,승용,여,38세,상해없음,자전거,남,67세,중상
2013032500100205,2013년 3월 25일 11시,월요일,울산광역시 남구 무거동,중상사고,0,2,1,0,차대차 - 측면직각충돌,신호위반,건조,맑음,교차로 - 교차로안,화물,남,48세,상해없음,승합,남,37세,중상
2013032500100302,2013년 3월 25일 14시,월요일,울산광역시 중구 태화동,경상사고,0,0,2,0,차대차 - 기타,안전운전불이행,건조,맑음,단일로 - 기타,승용,남,52세,상해없음,승합,남,56세,상해없음
2013032500100408,2013년 3월 25일 17시,월요일,울산광역시 울주군 범서읍,중상사고,0,1,1,0,차대차 - 정면충돌,중앙선침범,건조,맑음,단일로 - 기타,화물,남,66세,중상,화물,남,53세,경상
2013032500100409,2013년 3월 25일 17시,월요일,울산광역시 울주군 온산읍,경상사고,0,0,1,0,차대사람 - 횡단중,안전운전불이행,건조,맑음,단일로 - 기타,승용,여,51세,상해없음,보행자,여,45세,경상
2013032500100557,2013년 3월 25일 22시,월요일,울산광역시 남구 신정동,경상사고,0,0,1,0,차대차 - 측면직각충돌,차로위반,건조,맑음,단일로 - 기타,승용,남,42세,상해없음,승용,남,50세,상해없음
2013032600100015,2013년 3월 26일 00시,화요일,울산광역시 남구 야음동,경상사고,0,0,1,0,차대차 - 측면직각충돌,차로위반,건조,맑음,단일로 - 기타,승용,남,49세,상해없음,이륜,남,16세,경상
2013032600100105,2013년 3월 26일 07시,화요일,울산광역시 중구 약사동,경상사고,0,0,1,0,차대차 - 추돌 - 진행중,안전거리미확보,건조,맑음,단일로 - 기타,승용,여,55세,상해없음,원동기,남,24세,경상
2013032600100106,2013년 3월 26일 07시,화요일,울산광역시 남구 신정동,경상사고,0,0,1,0,차대차 - 측면직각충돌,안전운전불이행,건조,맑음,단일로 - 횡단보도부근,자전거,남,57세,경상,승용,여,49세,상해없음
2013032600100195,2013년 3월 26일 10시,화요일,울산광역시 남구 삼산동,경상사고,0,0,1,0,차대차 - 기타,교차로운행방법위반,건조,맑음,교차로 - 교차로안,승용,여,44세,상해없음,이륜,남,47세,경상
2013032600100280,2013년 3월 26일 14시,화요일,울산광역시 중구 남외동,경상사고,0,0,1,0,차대차 - 추돌 - 주정차중,안전운전불이행,건조,맑음,교차로 - 교차로부근,승용,남,51세,상해없음,승용,남,79세,경상
2013032600100281,2013년 3월 26일 14시,화요일,울산광역시 남구 무거동,중상사고,0,1,0,0,차대사람 - 횡단중,신호위반,건조,맑음,단일로 - 횡단보도상,승용,남,55세,상해없음,보행자,남,8세,중상
2013032600100304,2013년 3월 26일 15시,화요일,울산광역시 중구 우정동,경상사고,0,0,1,0,차대차 - 측면직각충돌,신호위반,건조,맑음,교차로 - 교차로안,승용,남,38세,상해없음,이륜,남,36세,경상
2013032600100363,2013년 3월 26일 17시,화요일,울산광역시 중구 약사동,경상사고,0,0,1,0,차대사람 - 횡단중,안전운전불이행,건조,맑음,단일로 - 횡단보도부근,승용,남,39세,상해없음,보행자,남,55세,경상
2013032600100364,2013년 3월 26일 17시,화요일,울산광역시 북구 진장동,경상사고,0,0,1,0,차대차 - 추돌 - 주정차중,안전거리미확보,건조,맑음,교차로 - 교차로부근,승용,남,30세,상해없음,승용,남,47세,경상
2013032600100365,2013년 3월 26일 17시,화요일,울산광역시 남구 삼산동,경상사고,0,0,1,0,차대사람 - 기타,안전운전불이행,건조,맑음,단일로 - 기타,승용,여,45세,상해없음,보행자,여,1세,경상
2013032600100366,2013년 3월 26일 17시,화요일,울산광역시 남구 삼산동,경상사고,0,0,1,0,차대차 - 기타,교차로운행방법위반,건조,맑음,교차로 - 교차로부근,승용,남,45세,상해없음,승용,남,53세,경상
2013032600100398,2013년 3월 26일 18시,화요일,울산광역시 남구 성암동,중상사고,0,1,0,0,차량단독 - 기타,안전운전불이행,건조,맑음,단일로 - 기타,원동기,남,49세,중상,,,,
2013032600100399,2013년 3월 26일 18시,화요일,울산광역시 울주군 온산읍,중상사고,0,1,0,0,차대차 - 측면직각충돌,신호위반,건조,맑음,교차로 - 교차로안,승용,남,50세,상해없음,승용,남,28세,중상
2013032600100437,2013년 3월 26일 19시,화요일,울산광역시 동구 화정동,경상사고,0,0,1,0,차대차 - 측면직각충돌,안전운전불이행,건조,맑음,단일로 - 기타,승용,남,47세,상해없음,이륜,남,56세,경상
2013032600100532,2013년 3월 26일 22시,화요일,울산광역시 북구 진장동,경상사고,0,0,1,0,차대차 - 측면직각충돌,안전운전불이행,건조,맑음,교차로 - 교차로부근,승용,남,67세,상해없음,승합,남,56세,상해없음
2013032600100552,2013년 3월 26일 23시,화요일,울산광역시 남구 무거동,경상사고,0,0,1,0,차대차 - 추돌 - 주정차중,안전운전불이행,건조,맑음,단일로 - 기타,승용,남,57세,상해없음,화물,여,57세,경상
2013032600100553,2013년 3월 26일 23시,화요일,울산광역시 동구 일산동,중상사고,0,2,0,0,차대차 - 추돌 - 주정차중,안전거리미확보,건조,맑음,교차로 - 교차로안,승용,남,28세,기타불명,승용,남,59세,중상
2013032700100043,2013년 3월 27일 01시,수요일,울산광역시 남구 신정동,경상사고,0,0,2,0,차대차 - 추돌 - 주정차중,안전운전불이행,건조,맑음,단일로 - 기타,승용,여,61세,상해없음,승용,남,29세,경상
2013032700100145,2013년 3월 27일 09시,수요일,울산광역시 울주군 청량면,중상사고,0,1,1,0,차대차 - 기타,안전거리미확보,건조,맑음,단일로 - 기타,화물,남,44세,상해없음,승용,남,67세,경상
2013032700100162,2013년 3월 27일 10시,수요일,울산광역시 울주군 범서읍,중상사고,0,1,1,0,차대차 - 기타,직진우회전진행방해,건조,맑음,교차로 - 교차로안,승용,여,50세,경상,승용,남,27세,중상
2013032700100186,2013년 3월 27일 11시,수요일,울산광역시 중구 유곡동,경상사고,0,0,1,0,차대사람 - 기타,안전운전불이행,건조,맑음,단일로 - 기타,승합,남,64세,상해없음,보행자,남,12세,경상
2013032700100249,2013년 3월 27일 13시,수요일,울산광역시 남구 달동,부상신고사고,0,0,0,1,차대차 - 기타,안전운전불이행,기타,기타,단일로 - 기타,승용,남,59세,상해없음,이륜,남,32세,부상신고
2013032700100414,2013년 3월 27일 18시,수요일,울산광역시 북구 화봉동,경상사고,0,0,1,0,차대차 - 측면직각충돌,안전운전불이행,건조,맑음,단일로 - 기타,승합,남,47세,상해없음,이륜,남,59세,경상
2013032700100415,2013년 3월 27일 18시,수요일,울산광역시 동구 화정동,사망사고,1,0,0,0,차대차 - 기타,안전운전불이행,건조,맑음,단일로 - 기타,이륜,남,69세,사망,승용,남,44세,상해없음
2013032700100459,2013년 3월 27일 19시,수요일,울산광역시 남구 야음동,경상사고,0,0,1,0,차대차 - 추돌 - 주정차중,안전운전불이행,건조,맑음,단일로 - 기타,승용,남,58세,상해없음,승용,여,48세,경상
2013032700100494,2013년 3월 27일 20시,수요일,울산광역시 중구 다운동,중상사고,0,1,0,0,차대사람 - 횡단중,안전운전불이행,건조,맑음,단일로 - 기타,승용,남,53세,상해없음,보행자,남,67세,중상
2013032700100521,2013년 3월 27일 21시,수요일,울산광역시 울주군 온산읍,경상사고,0,0,1,0,차대차 - 기타,중앙선침범,건조,맑음,교차로 - 교차로부근,승용,여,50세,상해없음,승용,남,33세,경상
2013032700100555,2013년 3월 27일 22시,수요일,울산광역시 북구 연암동,중상사고,0,1,0,0,차대사람 - 횡단중,신호위반,건조,맑음,교차로 - 교차로안,승용,여,43세,상해없음,보행자,남,44세,중상
2013032700100556,2013년 3월 27일 22시,수요일,울산광역시 북구 화봉동,중상사고,0,1,0,0,차대사람 - 횡단중,안전운전불이행,건조,맑음,단일로 - 기타,승용,여,43세,상해없음,보행자,남,4세,중상
2013032800100111,2013년 3월 28일 07시,목요일,울산광역시 북구 화봉동,사망사고,1,0,0,0,차량단독 - 공작물충돌,안전운전불이행,건조,맑음,단일로 - 기타,승용,남,59세,사망,,,,
2013032800100112,2013년 3월 28일 07시,목요일,울산광역시 중구 태화동,사망사고,1,0,0,0,차대차 - 측면직각충돌,안전운전불이행,건조,맑음,단일로 - 기타,승용,남,55세,상해없음,이륜,남,29세,사망
2013032800100151,2013년 3월 28일 08시,목요일,울산광역시 동구 동부동,경상사고,0,0,2,0,차대차 - 기타,안전거리미확보,건조,맑음,단일로 - 기타,승합,남,44세,상해없음,승용,남,53세,경상
2013032800100347,2013년 3월 28일 16시,목요일,울산광역시 동구 방어동,중상사고,0,1,0,0,차대차 - 측면직각충돌,교차로운행방법위반,건조,맑음,교차로 - 교차로안,승용,여,43세,상해없음,이륜,남,42세,중상
2013032800100477,2013년 3월 28일 20시,목요일,울산광역시 남구 무거동,경상사고,0,0,3,0,차대차 - 추돌 - 주정차중,안전운전불이행,건조,맑음,교차로 - 교차로부근,화물,남,50세,상해없음,승용,남,21세,경상
2013032800100478,2013년 3월 28일 20시,목요일,울산광역시 동구 서부동,중상사고,0,1,1,0,차대차 - 추돌 - 진행중,안전거리미확보,건조,맑음,교차로 - 교차로안,이륜,남,26세,중상,승용,남,50세,경상
2013032800100479,2013년 3월 28일 20시,목요일,울산광역시 울주군 삼남면,경상사고,0,0,1,0,차대차 - 추돌 - 진행중,안전거리미확보,건조,맑음,단일로 - 기타,화물,남,50세,상해없음,건설기계,남,30세,경상
2013032800100517,2013년 3월 28일 21시,목요일,울산광역시 북구 호계동,경상사고,0,0,8,0,차대차 - 추돌 - 주정차중,안전운전불이행,건조,맑음,단일로 - 기타,승용,남,28세,경상,승용,남,36세,경상
2013032800100574,2013년 3월 28일 23시,목요일,울산광역시 동구 서부동,경상사고,0,0,1,0,차대차 - 추돌 - 주정차중,안전운전불이행,건조,맑음,단일로 - 기타,승용,남,33세,상해없음,승용,남,58세,경상
2013032900100051,2013년 3월 29일 02시,금요일,울산광역시 북구 화봉동,부상신고사고,0,0,0,1,차량단독 - 공작물충돌,안전운전불이행,건조,맑음,교차로 - 교차로안,승용,남,24세,부상신고,,,,
2013032900100116,2013년 3월 29일 07시,금요일,울산광역시 남구 야음동,중상사고,0,1,0,0,차대차 - 기타,안전운전불이행,기타,기타,단일로 - 기타,승용,남,26세,기타불명,승용,남,52세,중상
2013032900100117,2013년 3월 29일 07시,금요일,울산광역시 동구 방어동,중상사고,0,1,0,0,차대사람 - 횡단중,안전운전불이행,건조,맑음,단일로 - 기타,이륜,남,23세,상해없음,보행자,남,56세,중상
2013032900100118,2013년 3월 29일 07시,금요일,울산광역시 동구 전하동,경상사고,0,0,1,0,차대차 - 측면직각충돌,교차로운행방법위반,건조,맑음,교차로 - 교차로안,승용,여,49세,상해없음,이륜,남,73세,경상
2013032900100157,2013년 3월 29일 08시,금요일,울산광역시 중구 반구동,중상사고,0,2,0,0,차대차 - 정면충돌,안전운전불이행,건조,맑음,단일로 - 기타,승용,남,52세,중상,화물,남,52세,상해없음
2013032900100185,2013년 3월 29일 09시,금요일,울산광역시 중구 서동,중상사고,0,1,0,0,차대차 - 측면직각충돌,교차로운행방법위반,건조,맑음,교차로 - 교차로안,화물,남,51세,상해없음,자전거,남,68세,중상
2013032900100186,2013년 3월 29일 09시,금요일,울산광역시 남구 삼산동,중상사고,0,1,0,0,차대사람 - 기타,교차로운행방법위반,건조,맑음,교차로 - 교차로안,승용,여,27세,상해없음,보행자,남,45세,중상
2013032900100217,2013년 3월 29일 10시,금요일,울산광역시 울주군 청량면,중상사고,0,1,0,0,차량단독 - 기타,안전운전불이행,건조,맑음,교차로 - 교차로부근,화물,남,31세,중상,,,,
2013032900100245,2013년 3월 29일 12시,금요일,울산광역시 울주군 언양읍,중상사고,0,3,6,1,차대차 - 추돌 - 진행중,안전운전불이행,건조,맑음,단일로 - 기타,승합,남,57세,경상,화물,남,37세,중상
2013032900100355,2013년 3월 29일 15시,금요일,울산광역시 중구 학성동,경상사고,0,0,1,0,차대차 - 측면직각충돌,신호위반,건조,맑음,교차로 - 교차로안,승용,남,51세,상해없음,화물,남,60세,경상
2013032900100392,2013년 3월 29일 16시,금요일,울산광역시 북구 명촌동,경상사고,0,0,1,0,차대차 - 측면직각충돌,안전거리미확보,건조,맑음,교차로 - 교차로부근,화물,남,56세,상해없음,승합,여,51세,경상
2013032900100393,2013년 3월 29일 16시,금요일,울산광역시 북구 명촌동,중상사고,0,1,0,0,차대차 - 측면직각충돌,차로위반,건조,맑음,단일로 - 기타,특수,남,42세,상해없음,승용,여,25세,중상
2013032900100394,2013년 3월 29일 16시,금요일,울산광역시 남구 신정동,중상사고,0,1,3,0,차대차 - 측면직각충돌,교차로운행방법위반,건조,맑음,교차로 - 교차로안,승용,여,43세,경상,승용,여,48세,경상
2013032900100452,2013년 3월 29일 18시,금요일,울산광역시 남구 삼산동,중상사고,0,1,1,0,차대차 - 추돌 - 주정차중,안전운전불이행,건조,맑음,단일로 - 교량,승용,남,50세,상해없음,승용,여,53세,경상
2013032900100500,2013년 3월 29일 19시,금요일,울산광역시 동구 화정동,경상사고,0,0,1,0,차대사람 - 횡단중,안전운전불이행,건조,맑음,단일로 - 기타,화물,남,57세,상해없음,보행자,남,82세,경상
2013032900100533,2013년 3월 29일 20시,금요일,울산광역시 중구 반구동,경상사고,0,0,2,0,차대차 - 측면직각충돌,신호위반,건조,맑음,교차로 - 교차로안,승용,여,31세,상해없음,승용,남,35세,경상
2013032900100573,2013년 3월 29일 21시,금요일,울산광역시 동구 화정동,중상사고,0,1,0,0,차대사람 - 횡단중,안전운전불이행,건조,맑음,단일로 - 기타,원동기,남,19세,상해없음,보행자,남,63세,중상
2013032900100619,2013년 3월 29일 22시,금요일,울산광역시 동구 화정동,경상사고,0,0,1,0,차대차 - 정면충돌,안전운전불이행,건조,맑음,단일로 - 기타,승용,남,48세,상해없음,승용,남,47세,경상
2013032900100662,2013년 3월 29일 23시,금요일,울산광역시 동구 방어동,경상사고,0,0,2,0,차대차 - 측면직각충돌,안전운전불이행,건조,맑음,교차로 - 교차로부근,승합,남,54세,상해없음,이륜,남,35세,경상
2013032900100663,2013년 3월 29일 23시,금요일,울산광역시 동구 전하동,경상사고,0,0,1,0,차대차 - 측면직각충돌,중앙선침범,건조,맑음,단일로 - 기타,원동기,남,33세,상해없음,승용,여,47세,경상
2013032900100664,2013년 3월 29일 23시,금요일,울산광역시 울주군 온양읍,중상사고,0,1,0,0,차대차 - 정면충돌,안전운전불이행,건조,맑음,교차로 - 교차로안,승용,남,47세,상해없음,승용,여,34세,중상
2013033000100109,2013년 3월 30일 04시,토요일,울산광역시 동구 화정동,부상신고사고,0,0,0,1,차대차 - 추돌 - 진행중,안전운전불이행,건조,맑음,교차로 - 교차로안,이륜,남,39세,부상신고,승용,남,56세,상해없음
2013033000100139,2013년 3월 30일 06시,토요일,울산광역시 북구 신천동,중상사고,0,6,3,0,차대차 - 측면직각충돌,신호위반,건조,맑음,교차로 - 교차로안,승합,남,37세,상해없음,승용,남,38세,중상
2013033000100140,2013년 3월 30일 06시,토요일,울산광역시 남구 달동,중상사고,0,1,0,0,차대사람 - 길가장자리구역통행중,안전운전불이행,건조,맑음,단일로 - 기타,승용,남,21세,상해없음,보행자,남,25세,중상
2013033000100183,2013년 3월 30일 08시,토요일,울산광역시 중구 유곡동,경상사고,0,0,1,0,차대차 - 기타,안전거리미확보,건조,맑음,단일로 - 기타,화물,남,32세,상해없음,승용,남,30세,상해없음
2013033000100184,2013년 3월 30일 08시,토요일,울산광역시 중구 반구동,경상사고,0,0,1,0,차대차 - 기타,안전운전불이행,건조,맑음,단일로 - 기타,이륜,남,23세,상해없음,화물,남,44세,경상
2013033000100207,2013년 3월 30일 09시,토요일,울산광역시 북구 신천동,경상사고,0,0,2,0,차대차 - 기타,신호위반,건조,맑음,교차로 - 교차로안,승용,남,51세,상해없음,화물,남,49세,경상
2013033000100281,2013년 3월 30일 12시,토요일,울산광역시 북구 호계동,경상사고,0,0,1,0,차대사람 - 차도통행중,안전운전불이행,건조,맑음,단일로 - 기타,승용,여,41세,상해없음,보행자,남,4세,경상
2013033000100282,2013년 3월 30일 12시,토요일,울산광역시 동구 서부동,경상사고,0,0,3,0,차대차 - 추돌 - 주정차중,안전거리미확보,건조,맑음,단일로 - 기타,이륜,남,25세,상해없음,승용,남,28세,경상
2013033000100283,2013년 3월 30일 12시,토요일,울산광역시 울주군 온산읍,경상사고,0,0,1,0,차대차 - 기타,교차로운행방법위반,건조,맑음,교차로 - 교차로안,승용,남,33세,상해없음,승용,남,31세,경상
2013033000100345,2013년 3월 30일 14시,토요일,울산광역시 중구 성남동,중상사고,0,2,1,0,차대차 - 측면직각충돌,안전운전불이행,건조,맑음,단일로 - 기타,승용,남,29세,경상,승용,여,52세,중상
2013033000100376,2013년 3월 30일 15시,토요일,울산광역시 북구 연암동,중상사고,0,1,0,0,차대차 - 추돌 - 주정차중,안전운전불이행,건조,맑음,단일로 - 기타,승용,남,47세,상해없음,승용,남,51세,기타불명
2013033000100411,2013년 3월 30일 16시,토요일,울산광역시 중구 유곡동,경상사고,0,0,1,0,차대차 - 기타,안전운전불이행,건조,맑음,단일로 - 기타,승용,남,44세,상해없음,건설기계,남,61세,상해없음
2013033000100412,2013년 3월 30일 16시,토요일,울산광역시 울주군 온양읍,경상사고,0,0,1,0,차대차 - 측면직각충돌,안전운전불이행,건조,맑음,단일로 - 횡단보도상,자전거,남,15세,경상,승용,남,31세,상해없음
2013033000100450,2013년 3월 30일 17시,토요일,울산광역시 울주군 온산읍,경상사고,0,0,1,0,차대차 - 추돌 - 진행중,중앙선침범,건조,맑음,교차로 - 교차로안,원동기,남,49세,경상,승용,남,41세,상해없음
2013033000100550,2013년 3월 30일 19시,토요일,울산광역시 중구 우정동,경상사고,0,0,4,0,차대차 - 측면직각충돌,안전운전불이행,건조,흐림,교차로 - 교차로안,승용,남,56세,경상,승용,여,50세,경상
2013033000100673,2013년 3월 30일 22시,토요일,울산광역시 울주군 청량면,부상신고사고,0,0,0,1,차대차 - 기타,안전운전불이행,건조,맑음,교차로 - 교차로부근,승용,남,49세,상해없음,승합,남,39세,부상신고
2013033000100674,2013년 3월 30일 22시,토요일,울산광역시 울주군 온양읍,경상사고,0,0,1,0,차대차 - 정면충돌,중앙선침범,건조,맑음,단일로 - 기타,승용,남,34세,상해없음,승합,남,53세,경상
2013033000100710,2013년 3월 30일 23시,토요일,울산광역시 중구 남외동,중상사고,0,1,0,0,차대차 - 추돌 - 주정차중,안전운전불이행,건조,흐림,교차로 - 교차로부근,승용,남,29세,상해없음,승용,남,54세,중상
2013033100100141,2013년 3월 31일 08시,일요일,울산광역시 동구 일산동,경상사고,0,0,1,0,차대차 - 측면직각충돌,신호위반,건조,맑음,교차로 - 교차로안,승용,여,36세,상해없음,승용,남,48세,경상
2013033100100171,2013년 3월 31일 10시,일요일,울산광역시 중구 다운동,부상신고사고,0,0,0,1,차량단독 - 공작물충돌,안전운전불이행,건조,맑음,단일로 - 기타,승용,남,46세,부상신고,,,,
2013033100100293,2013년 3월 31일 15시,일요일,울산광역시 남구 신정동,중상사고,0,2,2,0,차대차 - 추돌 - 진행중,안전거리미확보,건조,맑음,단일로 - 기타,승용,남,77세,상해없음,승용,남,31세,중상
2013033100100325,2013년 3월 31일 16시,일요일,울산광역시 남구 무거동,경상사고,0,0,3,0,차대차 - 기타,안전운전불이행,건조,맑음,단일로 - 기타,승용,남,48세,상해없음,승용,남,46세,상해없음
2013033100100475,2013년 3월 31일 21시,일요일,울산광역시 중구 학성동,중상사고,0,1,0,0,차대차 - 측면직각충돌,교차로운행방법위반,건조,맑음,교차로 - 교차로안,승용,남,50세,상해없음,승용,남,56세,중상
2013033100100528,2013년 3월 31일 23시,일요일,울산광역시 남구 삼산동,중상사고,0,1,1,0,차대차 - 측면직각충돌,교차로운행방법위반,건조,맑음,교차로 - 교차로안,승용,여,31세,경상,승용,남,42세,중상
2013040100100031,2013년 4월 1일 02시,월요일,울산광역시 북구 양정동,경상사고,0,0,1,0,차량단독 - 공작물충돌,안전운전불이행,건조,맑음,단일로 - 기타,승용,남,28세,상해없음,,,,
2013040100100089,2013년 4월 1일 07시,월요일,울산광역시 울주군 온산읍,경상사고,0,0,1,0,차대차 - 기타,안전운전불이행,건조,맑음,교차로 - 교차로안,승용,남,32세,상해없음,이륜,여,29세,경상
2013040100100177,2013년 4월 1일 10시,월요일,울산광역시 북구 상안동,경상사고,0,0,1,0,차대사람 - 기타,안전운전불이행,건조,맑음,단일로 - 기타,승용,여,30세,상해없음,보행자,남,32세,경상
2013040100100178,2013년 4월 1일 10시,월요일,울산광역시 동구 전하동,경상사고,0,0,2,0,차대차 - 측면직각충돌,안전거리미확보,건조,맑음,단일로 - 기타,승용,여,52세,상해없음,승용,남,33세,경상
2013040100100179,2013년 4월 1일 10시,월요일,울산광역시 울주군 온산읍,경상사고,0,0,1,0,차대차 - 추돌 - 주정차중,중앙선침범,건조,맑음,단일로 - 기타,건설기계,남,54세,상해없음,화물,남,54세,경상
2013040100100245,2013년 4월 1일 13시,월요일,울산광역시 울주군 웅촌면,중상사고,0,1,1,0,차대차 - 기타,안전거리미확보,건조,맑음,단일로 - 기타,승용,남,25세,상해없음,승합,남,67세,상해없음
2013040100100304,2013년 4월 1일 15시,월요일,울산광역시 남구 무거동,경상사고,0,0,1,0,차대차 - 추돌 - 진행중,안전운전불이행,건조,맑음,교차로 - 교차로부근,화물,남,36세,상해없음,승용,여,55세,경상
2013040100100339,2013년 4월 1일 16시,월요일,울산광역시 울주군 청량면,부상신고사고,0,0,0,1,차량단독 - 기타,안전운전불이행,건조,맑음,단일로 - 기타,화물,남,51세,상해없음,,,,
2013040100100370,2013년 4월 1일 17시,월요일,울산광역시 북구 명촌동,경상사고,0,0,2,0,차대차 - 측면직각충돌,직진우회전진행방해,건조,맑음,교차로 - 교차로안,화물,남,45세,상해없음,승용,남,37세,경상
2013040100100423,2013년 4월 1일 19시,월요일,울산광역시 남구 신정동,경상사고,0,0,2,0,차대차 - 기타,안전운전불이행,건조,맑음,단일로 - 기타,승용,남,53세,상해없음,승용,여,32세,경상
2013040100100424,2013년 4월 1일 19시,월요일,울산광역시 남구 야음동,경상사고,0,0,2,0,차대차 - 측면직각충돌,안전운전불이행,건조,맑음,교차로 - 교차로안,승용,남,37세,상해없음,승용,남,23세,경상
2013040100100453,2013년 4월 1일 20시,월요일,울산광역시 중구 다운동,경상사고,0,0,1,0,차대차 - 추돌 - 주정차중,안전운전불이행,건조,맑음,단일로 - 기타,승용,남,46세,상해없음,승용,남,25세,경상
2013040100100454,2013년 4월 1일 20시,월요일,울산광역시 북구 연암동,경상사고,0,0,1,0,차대사람 - 길가장자리구역통행중,안전운전불이행,건조,맑음,단일로 - 기타,화물,남,48세,상해없음,보행자,여,56세,경상
2013040100100535,2013년 4월 1일 23시,월요일,울산광역시 남구 두왕동,경상사고,0,0,1,0,차량단독 - 공작물충돌,안전운전불이행,건조,맑음,단일로 - 기타,승용,남,35세,경상,,,,
2013040200100039,2013년 4월 2일 01시,화요일,울산광역시 남구 달동,경상사고,0,0,1,0,차대차 - 기타,안전운전불이행,건조,맑음,단일로 - 기타,승용,남,45세,상해없음,이륜,남,43세,경상
2013040200100228,2013년 4월 2일 10시,화요일,울산광역시 북구 염포동,경상사고,0,0,1,0,차대차 - 추돌 - 진행중,안전운전불이행,건조,맑음,단일로 - 기타,화물,남,21세,상해없음,이륜,남,53세,경상
2013040200100374,2013년 4월 2일 16시,화요일,울산광역시 울주군 온산읍,중상사고,0,1,1,0,차량단독 - 공작물충돌,안전운전불이행,습기,비,단일로 - 기타,승용,남,56세,경상,,,,
2013040200100533,2013년 4월 2일 21시,화요일,울산광역시 동구 서부동,경상사고,0,0,1,0,차대차 - 추돌 - 진행중,안전거리미확보,건조,맑음,교차로 - 교차로부근,이륜,남,29세,경상,화물,남,27세,상해없음
2013040300100018,2013년 4월 3일 00시,수요일,울산광역시 울주군 온산읍,경상사고,0,0,1,0,차대사람 - 횡단중,안전운전불이행,건조,맑음,교차로 - 교차로안,승용,남,54세,상해없음,보행자,남,63세,경상
2013040300100089,2013년 4월 3일 06시,수요일,울산광역시 북구 화봉동,경상사고,0,0,2,0,차대차 - 추돌 - 주정차중,안전운전불이행,건조,맑음,교차로 - 교차로부근,승용,여,37세,상해없음,승용,남,42세,경상
2013040300100363,2013년 4월 3일 16시,수요일,울산광역시 남구 야음동,중상사고,0,1,0,0,차대차 - 측면직각충돌,신호위반,건조,맑음,교차로 - 교차로안,원동기,남,52세,중상,승용,남,48세,상해없음
2013040300100364,2013년 4월 3일 16시,수요일,울산광역시 울주군 언양읍,경상사고,0,0,1,0,차대사람 - 길가장자리구역통행중,안전운전불이행,건조,맑음,단일로 - 기타,승용,남,43세,상해없음,보행자,남,70세,경상
2013040300100407,2013년 4월 3일 17시,수요일,울산광역시 울주군 범서읍,경상사고,0,0,1,0,차대차 - 기타,중앙선침범,건조,맑음,단일로 - 기타,원동기,남,74세,경상,승용,남,54세,상해없음
2013040300100489,2013년 4월 3일 19시,수요일,울산광역시 남구 야음동,경상사고,0,0,1,0,차대차 - 기타,안전거리미확보,건조,맑음,단일로 - 기타,승용,남,64세,상해없음,승용,여,48세,경상
2013040300100490,2013년 4월 3일 19시,수요일,울산광역시 남구 삼산동,중상사고,0,1,0,0,차대사람 - 횡단중,안전운전불이행,건조,맑음,단일로 - 기타,자전거,남,59세,상해없음,보행자,여,62세,중상
2013040300100491,2013년 4월 3일 19시,수요일,울산광역시 울주군 온산읍,경상사고,0,0,2,0,차대차 - 측면직각충돌,안전운전불이행,건조,맑음,교차로 - 교차로안,승용,남,56세,상해없음,승용,남,50세,경상
2013040300100522,2013년 4월 3일 20시,수요일,울산광역시 울주군 온산읍,경상사고,0,0,1,0,차대사람 - 기타,안전운전불이행,건조,맑음,단일로 - 기타,승용,여,48세,상해없음,보행자,남,48세,경상
2013040300100623,2013년 4월 3일 23시,수요일,울산광역시 중구 반구동,경상사고,0,0,1,0,차대차 - 측면직각충돌,교차로운행방법위반,건조,맑음,교차로 - 교차로안,승용,남,44세,상해없음,승용,남,55세,경상
2013040300100624,2013년 4월 3일 23시,수요일,울산광역시 중구 학성동,경상사고,0,0,2,0,차대차 - 추돌 - 주정차중,안전운전불이행,건조,맑음,단일로 - 기타,승용,남,32세,상해없음,승용,남,26세,경상
2013040300100625,2013년 4월 3일 23시,수요일,울산광역시 남구 무거동,경상사고,0,0,1,0,차대차 - 추돌 - 주정차중,안전운전불이행,건조,맑음,단일로 - 기타,승용,남,34세,상해없음,승용,남,47세,경상