사고번호,사고일시,요일,시군구,사고내용,사망자수,중상자수,경상자수,부상신고자수,사고유형,법규위반,노면상태,기상상태,도로형태,가해운전자 차종,가해운전자 성별,가해운전자 연령,가해운전자 상해정도,피해운전자 차종,피해운전자 성별,피해운전자 연령,피해운전자 상해정도
2013040300100626,2013년 4월 3일 23시,수요일,울산광역시 남구 달동,경상사고,0,0,1,0,차대사람 - 기타,안전운전불이행,건조,맑음,단일로 - 기타,승용,남,59세,상해없음,보행자,남,23세,경상
2013040300100627,2013년 4월 3일 23시,수요일,울산광역시 울주군 온산읍,경상사고,0,0,2,0,차대차 - 추돌 - 주정차중,안전운전불이행,건조,맑음,기타 - 기타,승용,남,29세,상해없음,승용,남,24세,경상
2013040400100043,2013년 4월 4일 01시,목요일,울산광역시 남구 옥동,중상사고,0,2,2,0,차대차 - 추돌 - 진행중,안전운전불이행,건조,맑음,단일로 - 기타,승용,남,30세,상해없음,승용,남,55세,경상
2013040400100060,2013년 4월 4일 02시,목요일,울산광역시 북구 명촌동,중상사고,0,1,1,0,차대차 - 정면충돌,중앙선침범,건조,맑음,단일로 - 기타,승용,남,43세,상해없음,승용,남,54세,중상
2013040400100210,2013년 4월 4일 10시,목요일,울산광역시 남구 삼산동,경상사고,0,0,1,0,차대사람 - 기타,안전운전불이행,건조,맑음,단일로 - 교량,화물,남,63세,상해없음,보행자,남,42세,경상
2013040400100252,2013년 4월 4일 12시,목요일,울산광역시 남구 야음동,중상사고,0,1,0,0,차대차 - 정면충돌,중앙선침범,건조,맑음,교차로 - 교차로부근,승용,남,35세,상해없음,이륜,남,28세,중상
2013040400100253,2013년 4월 4일 12시,목요일,울산광역시 울주군 청량면,부상신고사고,0,0,0,1,차대차 - 추돌 - 진행중,차로위반,건조,맑음,단일로 - 기타,승용,여,42세,상해없음,승용,남,40세,부상신고
2013040400100431,2013년 4월 4일 18시,목요일,울산광역시 남구 달동,경상사고,0,0,1,0,차대사람 - 횡단중,신호위반,건조,맑음,교차로 - 교차로부근,승합,남,42세,상해없음,보행자,여,16세,경상
2013040400100432,2013년 4월 4일 18시,목요일,울산광역시 북구 양정동,중상사고,0,1,0,0,차대차 - 측면직각충돌,안전거리미확보,건조,맑음,단일로 - 기타,이륜,남,30세,상해없음,이륜,남,45세,중상
2013040400100433,2013년 4월 4일 18시,목요일,울산광역시 울주군 온산읍,중상사고,0,1,0,0,차대차 - 기타,신호위반,건조,맑음,교차로 - 교차로안,화물,남,49세,상해없음,원동기,남,17세,중상
2013040400100468,2013년 4월 4일 19시,목요일,울산광역시 남구 신정동,중상사고,0,1,0,0,차대사람 - 횡단중,보행자보호의무위반,건조,맑음,단일로 - 횡단보도상,화물,남,27세,상해없음,보행자,남,51세,중상
2013040400100555,2013년 4월 4일 22시,목요일,울산광역시 동구 화정동,중상사고,0,1,0,0,차대사람 - 기타,안전운전불이행,건조,맑음,단일로 - 기타,승합,남,53세,상해없음,보행자,남,46세,중상
2013040400100604,2013년 4월 4일 23시,목요일,울산광역시 남구 신정동,중상사고,0,1,0,0,차대사람 - 횡단중,안전운전불이행,건조,맑음,단일로 - 기타,승용,남,64세,상해없음,보행자,남,42세,중상
2013040400100605,2013년 4월 4일 23시,목요일,울산광역시 동구 서부동,사망사고,1,0,0,0,차량단독 - 기타,안전운전불이행,건조,맑음,단일로 - 기타,이륜,남,22세,사망,,,,
2013040500100053,2013년 4월 5일 02시,금요일,울산광역시 동구 전하동,중상사고,0,1,0,0,차대차 - 측면직각충돌,안전거리미확보,건조,맑음,단일로 - 기타,승용,남,59세,상해없음,이륜,남,40세,중상
2013040500100151,2013년 4월 5일 08시,금요일,울산광역시 북구 진장동,중상사고,0,1,5,0,차대차 - 측면직각충돌,차로위반,건조,맑음,단일로 - 기타,화물,남,43세,상해없음,승합,남,41세,경상
2013040500100152,2013년 4월 5일 08시,금요일,울산광역시 남구 삼산동,중상사고,0,1,0,0,차량단독 - 기타,기타,건조,맑음,교차로 - 교차로부근,승합,남,40세,상해없음,,,,
2013040500100187,2013년 4월 5일 09시,금요일,울산광역시 동구 방어동,경상사고,0,0,2,0,차대차 - 측면직각충돌,신호위반,건조,맑음,교차로 - 교차로안,화물,남,72세,상해없음,승용,여,53세,경상
2013040500100188,2013년 4월 5일 09시,금요일,울산광역시 울주군 청량면,경상사고,0,0,1,0,차대차 - 측면직각충돌,교차로운행방법위반,건조,맑음,단일로 - 기타,화물,남,32세,상해없음,화물,남,43세,상해없음
2013040500100286,2013년 4월 5일 13시,금요일,울산광역시 중구 복산동,중상사고,0,1,0,0,차대차 - 측면직각충돌,신호위반,건조,맑음,교차로 - 교차로안,승용,남,44세,상해없음,이륜,남,20세,중상
2013040500100307,2013년 4월 5일 14시,금요일,울산광역시 남구 신정동,경상사고,0,0,1,0,차대사람 - 횡단중,안전운전불이행,건조,맑음,단일로 - 기타,승용,남,52세,상해없음,보행자,여,57세,경상
2013040500100383,2013년 4월 5일 16시,금요일,울산광역시 중구 동동,경상사고,0,0,1,0,차대차 - 추돌 - 주정차중,안전거리미확보,건조,맑음,교차로 - 교차로부근,승용,남,41세,상해없음,특수,남,32세,경상
2013040500100517,2013년 4월 5일 19시,금요일,울산광역시 울주군 온산읍,경상사고,0,0,1,0,차대사람 - 기타,안전운전불이행,건조,맑음,단일로 - 기타,승용,여,34세,상해없음,보행자,여,46세,경상
2013040500100518,2013년 4월 5일 19시,금요일,울산광역시 울주군 온양읍,중상사고,0,1,0,0,차대차 - 정면충돌,중앙선침범,건조,맑음,교차로 - 교차로부근,승용,남,38세,상해없음,승용,남,30세,중상
2013040500100560,2013년 4월 5일 20시,금요일,울산광역시 남구 신정동,중상사고,0,1,1,0,차대차 - 추돌 - 진행중,안전거리미확보,건조,맑음,단일로 - 기타,승용,남,47세,상해없음,승용,남,57세,경상
2013040500100590,2013년 4월 5일 21시,금요일,울산광역시 남구 무거동,경상사고,0,0,1,0,차대차 - 추돌 - 진행중,차로위반,건조,맑음,단일로 - 기타,승용,남,51세,상해없음,승용,남,62세,경상
2013040600100033,2013년 4월 6일 00시,토요일,울산광역시 남구 신정동,경상사고,0,0,1,0,차대차 - 기타,안전운전불이행,건조,맑음,교차로 - 교차로안,승용,남,40세,상해없음,승용,남,56세,경상
2013040600100034,2013년 4월 6일 00시,토요일,울산광역시 남구 무거동,경상사고,0,0,1,0,차대사람 - 기타,안전운전불이행,건조,맑음,교차로 - 교차로안,승용,남,50세,상해없음,보행자,남,36세,경상
2013040600100091,2013년 4월 6일 02시,토요일,울산광역시 동구 화정동,경상사고,0,0,1,0,차대차 - 기타,안전운전불이행,습기,비,단일로 - 기타,승용,남,25세,상해없음,승용,남,48세,경상
2013040600100139,2013년 4월 6일 04시,토요일,울산광역시 중구 반구동,중상사고,0,1,0,0,차대사람 - 기타,안전운전불이행,습기,비,단일로 - 기타,승용,남,37세,상해없음,보행자,여,69세,중상
2013040600100140,2013년 4월 6일 04시,토요일,울산광역시 남구 삼산동,중상사고,0,1,0,0,차량단독 - 공작물충돌,안전운전불이행,습기,비,교차로 - 교차로안,승용,남,39세,중상,,,,
2013040600100157,2013년 4월 6일 05시,토요일,울산광역시 남구 삼산동,중상사고,0,1,0,0,차대사람 - 횡단중,안전운전불이행,습기,비,교차로 - 교차로안,승용,여,63세,상해없음,보행자,남,18세,중상
2013040600100218,2013년 4월 6일 08시,토요일,울산광역시 남구 신정동,경상사고,0,0,2,0,차대차 - 측면직각충돌,교차로운행방법위반,습기,비,교차로 - 교차로안,승용,여,52세,기타불명,승용,여,49세,경상
2013040600100219,2013년 4월 6일 08시,토요일,울산광역시 남구 달동,중상사고,0,1,0,0,차대차 - 추돌 - 진행중,신호위반,습기,비,교차로 - 교차로안,승용,여,52세,상해없음,화물,남,28세,상해없음
2013040600100282,2013년 4월 6일 11시,토요일,울산광역시 동구 방어동,경상사고,0,0,2,0,차대차 - 기타,안전운전불이행,습기,비,단일로 - 기타,승용,남,50세,상해없음,승용,여,26세,경상
2013040600100389,2013년 4월 6일 14시,토요일,울산광역시 남구 두왕동,경상사고,0,0,1,0,차대차 - 추돌 - 주정차중,안전운전불이행,습기,맑음,교차로 - 교차로부근,승용,여,42세,상해없음,승용,여,51세,경상
2013040600100417,2013년 4월 6일 15시,토요일,울산광역시 남구 무거동,경상사고,0,0,1,0,차량단독 - 공작물충돌,안전운전불이행,습기,비,단일로 - 기타,승용,남,19세,경상,,,,
2013040600100418,2013년 4월 6일 15시,토요일,울산광역시 울주군 언양읍,경상사고,0,0,1,0,차량단독 - 기타,안전운전불이행,습기,비,교차로 - 교차로안,이륜,남,39세,경상,,,,
2013040600100449,2013년 4월 6일 16시,토요일,울산광역시 중구 태화동,중상사고,0,1,0,1,차대차 - 측면직각충돌,중앙선침범,건조,맑음,단일로 - 기타,승용,남,21세,부상신고,승용,여,57세,중상
2013040600100478,2013년 4월 6일 17시,토요일,울산광역시 북구 진장동,경상사고,0,0,4,0,차대차 - 측면직각충돌,안전운전불이행,건조,맑음,교차로 - 교차로부근,승용,남,56세,상해없음,화물,남,49세,경상
2013040600100479,2013년 4월 6일 17시,토요일,울산광역시 울주군 온산읍,중상사고,0,1,0,0,차대사람 - 횡단중,보행자보호의무위반,습기,흐림,교차로 - 교차로안,승합,남,64세,상해없음,보행자,여,15세,중상
2013040600100514,2013년 4월 6일 18시,토요일,울산광역시 남구 달동,중상사고,0,1,0,0,차대차 - 측면직각충돌,신호위반,건조,흐림,교차로 - 교차로안,승용,남,51세,상해없음,이륜,남,46세,중상
2013040600100568,2013년 4월 6일 19시,토요일,울산광역시 북구 명촌동,경상사고,0,0,3,0,차대차 - 측면직각충돌,안전거리미확보,건조,맑음,단일로 - 기타,승용,여,41세,상해없음,승용,남,58세,상해없음
2013040600100569,2013년 4월 6일 19시,토요일,울산광역시 남구 삼산동,중상사고,0,1,0,0,차대차 - 기타,안전운전불이행,건조,맑음,단일로 - 기타,승용,남,62세,상해없음,이륜,남,27세,중상
2013040600100570,2013년 4월 6일 19시,토요일,울산광역시 울주군 온양읍,경상사고,0,0,2,0,차대차 - 추돌 - 진행중,안전거리미확보,습기,비,단일로 - 기타,승용,남,24세,상해없음,승용,여,31세,경상
2013040600100678,2013년 4월 6일 21시,토요일,울산광역시 남구 신정동,경상사고,0,0,2,0,차대차 - 기타,안전운전불이행,습기,비,단일로 - 기타,승용,여,45세,상해없음,승용,남,18세,경상
2013040600100679,2013년 4월 6일 21시,토요일,울산광역시 동구 서부동,중상사고,0,1,0,0,차대차 - 추돌 - 진행중,안전거리미확보,건조,맑음,단일로 - 기타,이륜,남,20세,중상,승용,남,49세,상해없음
2013040600100680,2013년 4월 6일 21시,토요일,울산광역시 울주군 범서읍,경상사고,0,0,1,0,차대차 - 추돌 - 주정차중,안전운전불이행,습기,비,단일로 - 기타,승용,남,33세,상해없음,승용,남,33세,상해없음
2013040600100725,2013년 4월 6일 22시,토요일,울산광역시 동구 전하동,중상사고,0,1,0,0,차대사람 - 기타,안전운전불이행,건조,맑음,단일로 - 기타,승용,남,33세,상해없음,보행자,남,55세,중상
2013040600100726,2013년 4월 6일 22시,토요일,울산광역시 울주군 삼남면,중상사고,0,1,2,0,차대차 - 추돌 - 주정차중,안전거리미확보,습기,비,교차로 - 교차로부근,화물,남,44세,상해없음,승용,여,38세,중상
2013040600100782,2013년 4월 6일 23시,토요일,울산광역시 중구 우정동,중상사고,0,1,0,0,차대사람 - 횡단중,안전운전불이행,습기,비,교차로 - 교차로안,이륜,남,47세,상해없음,보행자,여,65세,중상
2013040700100033,2013년 4월 7일 00시,일요일,울산광역시 남구 신정동,경상사고,0,0,1,0,차대차 - 추돌 - 주정차중,안전운전불이행,습기,비,교차로 - 교차로부근,승용,남,24세,상해없음,승용,남,34세,경상
2013040700100070,2013년 4월 7일 01시,일요일,울산광역시 중구 태화동,사망사고,1,0,0,0,차대사람 - 횡단중,안전운전불이행,습기,비,교차로 - 교차로부근,승용,남,26세,상해없음,보행자,남,48세,사망
2013040700100071,2013년 4월 7일 01시,일요일,울산광역시 남구 신정동,중상사고,0,1,0,0,차대차 - 기타,안전거리미확보,건조,맑음,단일로 - 기타,승용,남,51세,상해없음,승용,남,48세,상해없음
2013040700100090,2013년 4월 7일 02시,일요일,울산광역시 남구 신정동,경상사고,0,0,1,0,차대차 - 기타,안전운전불이행,습기,비,교차로 - 교차로안,승용,남,42세,상해없음,승용,남,56세,경상
2013040700100107,2013년 4월 7일 03시,일요일,울산광역시 북구 연암동,중상사고,0,2,0,0,차량단독 - 공작물충돌,안전운전불이행,습기,비,단일로 - 교량,승용,남,26세,중상,,,,
2013040700100108,2013년 4월 7일 03시,일요일,울산광역시 남구 신정동,중상사고,0,2,0,0,차대차 - 기타,안전운전불이행,습기,비,교차로 - 교차로부근,승용,남,33세,상해없음,승용,남,30세,중상
2013040700100109,2013년 4월 7일 03시,일요일,울산광역시 중구 태화동,경상사고,0,0,2,0,차대차 - 기타,안전운전불이행,습기,비,교차로 - 교차로부근,승용,남,33세,상해없음,승용,남,32세,경상
2013040700100134,2013년 4월 7일 05시,일요일,울산광역시 남구 무거동,경상사고,0,0,1,0,차대차 - 추돌 - 주정차중,안전운전불이행,습기,비,교차로 - 교차로부근,승용,여,41세,상해없음,승용,남,35세,경상
2013040700100216,2013년 4월 7일 11시,일요일,울산광역시 남구 삼산동,경상사고,0,0,2,0,차대차 - 추돌 - 진행중,신호위반,건조,맑음,교차로 - 교차로안,승용,남,19세,상해없음,승용,남,27세,경상
2013040700100235,2013년 4월 7일 12시,일요일,울산광역시 중구 복산동,중상사고,0,3,0,0,차대차 - 측면직각충돌,직진우회전진행방해,건조,맑음,교차로 - 교차로안,승용,남,35세,상해없음,승용,남,59세,중상
2013040700100236,2013년 4월 7일 12시,일요일,울산광역시 남구 신정동,중상사고,0,1,0,0,차량단독 - 기타,기타,건조,맑음,교차로 - 교차로안,승합,남,23세,상해없음,,,,
2013040700100471,2013년 4월 7일 19시,일요일,울산광역시 중구 우정동,경상사고,0,0,2,0,차대차 - 추돌 - 진행중,안전운전불이행,건조,맑음,단일로 - 기타,화물,남,60세,상해없음,승용,여,37세,경상
2013040700100535,2013년 4월 7일 21시,일요일,울산광역시 남구 삼산동,경상사고,0,0,2,0,차대차 - 추돌 - 진행중,안전운전불이행,건조,맑음,단일로 - 교량,승용,남,42세,상해없음,승용,여,27세,경상
2013040800100102,2013년 4월 8일 07시,월요일,울산광역시 중구 옥교동,중상사고,0,1,0,0,차대차 - 측면직각충돌,안전거리미확보,건조,맑음,교차로 - 교차로부근,승용,남,55세,상해없음,이륜,남,25세,중상
2013040800100103,2013년 4월 8일 07시,월요일,울산광역시 남구 삼산동,경상사고,0,0,2,0,차대차 - 추돌 - 진행중,안전거리미확보,건조,맑음,단일로 - 기타,화물,남,70세,상해없음,승용,남,51세,경상
2013040800100104,2013년 4월 8일 07시,월요일,울산광역시 북구 양정동,중상사고,0,1,0,0,차대차 - 추돌 - 진행중,안전거리미확보,건조,맑음,단일로 - 기타,승용,여,53세,상해없음,승용,남,26세,중상
2013040800100132,2013년 4월 8일 08시,월요일,울산광역시 중구 옥교동,중상사고,0,1,0,0,차대사람 - 횡단중,신호위반,건조,맑음,교차로 - 교차로안,승용,남,53세,상해없음,보행자,여,19세,중상
2013040800100133,2013년 4월 8일 08시,월요일,울산광역시 동구 방어동,중상사고,0,1,0,0,차대사람 - 기타,안전운전불이행,건조,맑음,교차로 - 교차로안,승합,남,61세,상해없음,보행자,남,62세,중상
2013040800100183,2013년 4월 8일 10시,월요일,울산광역시 동구 전하동,중상사고,0,1,0,0,차대사람 - 횡단중,보행자보호의무위반,건조,맑음,단일로 - 기타,승용,여,24세,상해없음,보행자,여,50세,중상
2013040800100198,2013년 4월 8일 11시,월요일,울산광역시 동구 전하동,부상신고사고,0,0,0,1,차대사람 - 횡단중,안전운전불이행,건조,맑음,교차로 - 교차로부근,승합,남,42세,상해없음,보행자,여,51세,부상신고
2013040800100226,2013년 4월 8일 12시,월요일,울산광역시 남구 신정동,경상사고,0,0,3,0,차대차 - 추돌 - 진행중,안전운전불이행,건조,맑음,단일로 - 기타,화물,남,52세,상해없음,승용,남,24세,경상
2013040800100301,2013년 4월 8일 15시,월요일,울산광역시 북구 구유동,중상사고,0,1,0,0,차대차 - 정면충돌,중앙선침범,건조,맑음,단일로 - 기타,화물,남,61세,상해없음,승용,여,59세,중상
2013040800100335,2013년 4월 8일 16시,월요일,울산광역시 남구 달동,경상사고,0,0,1,0,차대사람 - 횡단중,보행자보호의무위반,건조,맑음,단일로 - 기타,승용,여,57세,상해없음,보행자,여,51세,경상
2013040800100398,2013년 4월 8일 18시,월요일,울산광역시 남구 삼산동,경상사고,0,0,1,0,차대차 - 추돌 - 주정차중,안전운전불이행,건조,맑음,교차로 - 교차로부근,기타불명,기타불명,기타불명,기타불명,승용,여,59세,경상
2013040800100399,2013년 4월 8일 18시,월요일,울산광역시 울주군 온산읍,중상사고,0,1,0,0,차대차 - 측면직각충돌,중앙선침범,건조,맑음,단일로 - 기타,승용,남,44세,상해없음,승용,남,66세,중상
2013040800100456,2013년 4월 8일 20시,월요일,울산광역시 울주군 온산읍,중상사고,0,1,0,0,차대차 - 추돌 - 진행중,안전거리미확보,건조,맑음,교차로 - 교차로안,화물,남,50세,상해없음,승용,남,54세,중상
2013040800100457,2013년 4월 8일 20시,월요일,울산광역시 울주군 서생면,중상사고,0,1,0,0,차대사람 - 횡단중,안전운전불이행,건조,맑음,단일로 - 기타,승용,여,54세,상해없음,보행자,남,44세,중상
2013040800100493,2013년 4월 8일 21시,월요일,울산광역시 북구 명촌동,경상사고,0,0,1,0,차대사람 - 차도통행중,안전운전불이행,건조,맑음,단일로 - 기타,기타불명,기타불명,기타불명,기타불명,보행자,남,23세,경상
2013040800100531,2013년 4월 8일 22시,월요일,울산광역시 북구 상안동,중상사고,0,1,0,0,차대차 - 추돌 - 진행중,안전거리미확보,건조,맑음,단일로 - 기타,이륜,남,16세,상해없음,이륜,남,16세,중상
2013040900100056,2013년 4월 9일 02시,화요일,울산광역시 북구 양정동,중상사고,0,1,1,0,차량단독 - 전도전복,안전운전불이행,건조,맑음,단일로 - 기타,이륜,남,18세,경상,,,,
2013040900100065,2013년 4월 9일 03시,화요일,울산광역시 남구 삼산동,중상사고,0,1,0,0,차대사람 - 횡단중,안전운전불이행,건조,맑음,단일로 - 기타,승용,여,27세,상해없음,보행자,남,28세,중상
2013040900100097,2013년 4월 9일 06시,화요일,울산광역시 북구 진장동,경상사고,0,0,1,0,차대차 - 추돌 - 진행중,안전운전불이행,건조,맑음,단일로 - 기타,승합,남,53세,상해없음,승용,남,50세,경상
2013040900100098,2013년 4월 9일 06시,화요일,울산광역시 남구 신정동,경상사고,0,0,1,1,차대차 - 추돌 - 주정차중,안전거리미확보,건조,맑음,단일로 - 기타,승용,남,38세,상해없음,승용,남,34세,경상
2013040900100122,2013년 4월 9일 07시,화요일,울산광역시 울주군 청량면,중상사고,0,1,0,0,차대사람 - 횡단중,안전운전불이행,건조,맑음,단일로 - 기타,승용,남,28세,상해없음,보행자,남,61세,중상
2013040900100151,2013년 4월 9일 08시,화요일,울산광역시 남구 삼산동,경상사고,0,0,1,0,차대사람 - 기타,안전운전불이행,건조,맑음,교차로 - 교차로안,승용,여,26세,상해없음,보행자,남,42세,경상
2013040900100191,2013년 4월 9일 09시,화요일,울산광역시 남구 달동,중상사고,0,1,0,0,차대사람 - 횡단중,안전운전불이행,건조,맑음,단일로 - 기타,승합,남,48세,상해없음,보행자,여,43세,중상
2013040900100244,2013년 4월 9일 11시,화요일,울산광역시 남구 삼산동,중상사고,0,1,0,0,차대사람 - 횡단중,신호위반,건조,맑음,교차로 - 교차로부근,승합,남,31세,상해없음,보행자,여,42세,중상
2013040900100284,2013년 4월 9일 13시,화요일,울산광역시 남구 삼산동,중상사고,0,2,0,0,차대차 - 기타,안전운전불이행,건조,맑음,단일로 - 기타,승합,남,44세,상해없음,승용,남,58세,중상
2013040900100335,2013년 4월 9일 15시,화요일,울산광역시 북구 호계동,경상사고,0,0,3,1,차대차 - 추돌 - 진행중,안전거리미확보,건조,맑음,교차로 - 교차로안,승용,남,51세,상해없음,화물,남,51세,경상
2013040900100519,2013년 4월 9일 21시,화요일,울산광역시 남구 선암동,경상사고,0,0,1,0,차대사람 - 횡단중,안전운전불이행,건조,맑음,단일로 - 기타,승용,남,30세,상해없음,보행자,남,3세,경상
2013040900100520,2013년 4월 9일 21시,화요일,울산광역시 동구 서부동,중상사고,0,1,0,0,차대차 - 추돌 - 주정차중,안전운전불이행,건조,맑음,단일로 - 기타,승용,남,73세,상해없음,승용,여,63세,중상
2013040900100549,2013년 4월 9일 22시,화요일,울산광역시 동구 서부동,중상사고,0,1,0,0,차대사람 - 횡단중,보행자보호의무위반,건조,맑음,교차로 - 교차로안,승용,남,44세,상해없음,보행자,여,54세,중상
2013040900100567,2013년 4월 9일 23시,화요일,울산광역시 북구 중산동,중상사고,0,1,0,0,차대사람 - 횡단중,안전운전불이행,건조,맑음,교차로 - 교차로부근,승용,남,53세,상해없음,보행자,남,54세,중상
2013041000100021,2013년 4월 10일 00시,수요일,울산광역시 울주군 언양읍,중상사고,0,1,0,0,차대차 - 기타,안전운전불이행,건조,맑음,교차로 - 교차로안,원동기,남,28세,중상,승용,남,44세,상해없음
2013041000100098,2013년 4월 10일 07시,수요일,울산광역시 남구 야음동,중상사고,0,4,3,0,차대차 - 측면직각충돌,교차로운행방법위반,건조,맑음,교차로 - 교차로부근,승용,남,47세,상해없음,승용,남,26세,중상
2013041000100099,2013년 4월 10일 07시,수요일,울산광역시 동구 동부동,경상사고,0,0,1,0,차대차 - 측면직각충돌,안전거리미확보,건조,맑음,단일로 - 기타,이륜,남,54세,경상,승용,여,32세,상해없음
2013041000100100,2013년 4월 10일 07시,수요일,울산광역시 울주군 언양읍,경상사고,0,0,4,0,차대차 - 기타,안전운전불이행,건조,맑음,단일로 - 기타,승용,남,52세,상해없음,승용,남,60세,상해없음
2013041000100230,2013년 4월 10일 11시,수요일,울산광역시 울주군 범서읍,중상사고,0,1,0,0,차대사람 - 횡단중,보행자보호의무위반,건조,맑음,교차로 - 교차로안,화물,남,61세,상해없음,보행자,남,18세,중상
2013041000100305,2013년 4월 10일 14시,수요일,울산광역시 북구 호계동,경상사고,0,0,1,0,차대차 - 측면직각충돌,안전거리미확보,건조,맑음,단일로 - 기타,화물,남,55세,상해없음,화물,남,32세,경상
2013041000100402,2013년 4월 10일 17시,수요일,울산광역시 남구 여천동,중상사고,0,1,0,0,차대차 - 측면직각충돌,안전운전불이행,건조,맑음,단일로 - 기타,이륜,남,42세,중상,화물,남,41세,상해없음
2013041000100541,2013년 4월 10일 21시,수요일,울산광역시 남구 삼산동,중상사고,0,1,0,0,차대차 - 측면직각충돌,신호위반,건조,맑음,교차로 - 교차로안,승용,남,36세,중상,승합,남,48세,상해없음
2013041000100566,2013년 4월 10일 22시,수요일,울산광역시 남구 야음동,중상사고,0,1,0,0,차대차 - 기타,안전운전불이행,건조,맑음,교차로 - 교차로부근,이륜,남,20세,중상,승용,남,21세,상해없음
2013041000100567,2013년 4월 10일 22시,수요일,울산광역시 동구 방어동,중상사고,0,1,0,0,차대차 - 측면직각충돌,교차로운행방법위반,건조,맑음,교차로 - 교차로안,승용,남,48세,상해없음,이륜,남,37세,중상
2013041000100589,2013년 4월 10일 23시,수요일,울산광역시 중구 남외동,경상사고,0,0,1,1,차대차 - 기타,신호위반,건조,맑음,교차로 - 교차로안,이륜,남,47세,부상신고,승용,남,25세,경상
2013041000100590,2013년 4월 10일 23시,수요일,울산광역시 남구 무거동,경상사고,0,0,1,0,차대차 - 측면직각충돌,안전운전불이행,건조,맑음,단일로 - 기타,승용,남,56세,상해없음,이륜,남,26세,경상
2013041000100591,2013년 4월 10일 23시,수요일,울산광역시 남구 달동,중상사고,0,2,0,0,차대차 - 기타,안전거리미확보,건조,맑음,교차로 - 교차로부근,승용,남,29세,상해없음,승용,여,41세,중상
2013041000100592,2013년 4월 10일 23시,수요일,울산광역시 북구 염포동,경상사고,0,0,2,0,차대차 - 기타,직진우회전진행방해,건조,맑음,교차로 - 교차로부근,승용,여,52세,상해없음,승용,남,45세,경상
2013041100100024,2013년 4월 11일 00시,목요일,울산광역시 중구 유곡동,부상신고사고,0,0,0,1,차대차 - 추돌 - 주정차중,안전운전불이행,건조,맑음,단일로 - 기타,기타불명,기타불명,기타불명,기타불명,승합,남,68세,상해없음
2013041100100025,2013년 4월 11일 00시,목요일,울산광역시 울주군 언양읍,경상사고,0,0,2,0,차대차 - 기타,안전운전불이행,건조,맑음,단일로 - 기타,승합,남,45세,경상,승용,여,53세,경상
2013041100100073,2013년 4월 11일 05시,목요일,울산광역시 남구 삼산동,경상사고,0,0,1,0,차량단독 - 도로외이탈 - 추락,안전운전불이행,건조,맑음,단일로 - 기타,승용,남,28세,상해없음,,,,
2013041100100122,2013년 4월 11일 07시,목요일,울산광역시 동구 일산동,중상사고,0,1,1,0,차대차 - 추돌 - 진행중,안전운전불이행,건조,맑음,교차로 - 교차로안,이륜,남,30세,중상,이륜,남,32세,경상
2013041100100251,2013년 4월 11일 12시,목요일,울산광역시 울주군 온산읍,경상사고,0,0,2,0,차대차 - 정면충돌,안전운전불이행,건조,맑음,교차로 - 교차로부근,승용,남,58세,상해없음,승용,남,36세,기타불명
2013041100100279,2013년 4월 11일 13시,목요일,울산광역시 북구 호계동,중상사고,0,1,0,0,차대사람 - 기타,안전운전불이행,건조,맑음,단일로 - 기타,승합,남,41세,상해없음,보행자,남,68세,중상
2013041100100280,2013년 4월 11일 13시,목요일,울산광역시 북구 진장동,중상사고,0,1,1,0,차대차 - 측면직각충돌,안전거리미확보,건조,맑음,단일로 - 기타,화물,남,33세,경상,승용,남,37세,중상
2013041100100425,2013년 4월 11일 18시,목요일,울산광역시 중구 우정동,중상사고,0,1,0,0,차대차 - 측면직각충돌,안전운전불이행,건조,맑음,교차로 - 교차로부근,자전거,남,26세,중상,이륜,남,48세,상해없음
2013041100100426,2013년 4월 11일 18시,목요일,울산광역시 동구 방어동,중상사고,0,1,0,0,차대차 - 추돌 - 진행중,안전운전불이행,건조,맑음,교차로 - 교차로안,이륜,남,55세,중상,승합,남,66세,상해없음
2013041100100498,2013년 4월 11일 20시,목요일,울산광역시 북구 매곡동,중상사고,0,1,0,0,차대차 - 측면직각충돌,신호위반,건조,맑음,교차로 - 교차로안,승용,남,51세,상해없음,이륜,남,53세,중상
2013041100100531,2013년 4월 11일 21시,목요일,울산광역시 북구 신천동,경상사고,0,0,3,1,차대차 - 측면직각충돌,신호위반,건조,맑음,교차로 - 교차로안,승용,여,54세,부상신고,승용,남,67세,경상
2013041100100604,2013년 4월 11일 23시,목요일,울산광역시 동구 전하동,중상사고,0,1,0,0,차대차 - 측면직각충돌,과속,건조,맑음,단일로 - 기타,승용,남,30세,상해없음,승용,남,45세,상해없음
2013041200100022,2013년 4월 12일 00시,금요일,울산광역시 남구 달동,경상사고,0,0,1,0,차대사람 - 기타,안전운전불이행,건조,맑음,교차로 - 교차로안,승용,여,29세,상해없음,보행자,남,32세,경상
2013041200100040,2013년 4월 12일 01시,금요일,울산광역시 남구 달동,경상사고,0,0,1,0,차대사람 - 길가장자리구역통행중,신호위반,건조,맑음,단일로 - 기타,승용,남,50세,상해없음,보행자,남,32세,경상
2013041200100104,2013년 4월 12일 06시,금요일,울산광역시 동구 일산동,중상사고,0,1,0,0,차대차 - 측면직각충돌,안전운전불이행,건조,맑음,교차로 - 교차로안,승용,여,50세,상해없음,승용,남,25세,중상
2013041200100131,2013년 4월 12일 07시,금요일,울산광역시 북구 달천동,중상사고,0,1,1,0,차대차 - 측면직각충돌,신호위반,건조,맑음,교차로 - 교차로안,승용,여,52세,중상,승용,남,42세,경상