사고번호,사고일시,요일,시군구,사고내용,사망자수,중상자수,경상자수,부상신고자수,사고유형,법규위반,노면상태,기상상태,도로형태,가해운전자 차종,가해운전자 성별,가해운전자 연령,가해운전자 상해정도,피해운전자 차종,피해운전자 성별,피해운전자 연령,피해운전자 상해정도
2013041200100132,2013년 4월 12일 07시,금요일,울산광역시 울주군 온산읍,중상사고,0,1,0,0,차대차 - 기타,안전운전불이행,건조,맑음,교차로 - 교차로안,원동기,남,47세,중상,승용,남,53세,상해없음
2013041200100133,2013년 4월 12일 07시,금요일,울산광역시 울주군 온산읍,중상사고,0,1,2,0,차대차 - 기타,신호위반,건조,맑음,교차로 - 교차로안,승용,여,26세,상해없음,화물,남,52세,경상
2013041200100134,2013년 4월 12일 07시,금요일,울산광역시 울주군 웅촌면,경상사고,0,0,1,0,차대차 - 기타,안전거리미확보,건조,맑음,단일로 - 기타,기타불명,기타불명,기타불명,기타불명,승합,남,46세,상해없음
2013041200100169,2013년 4월 12일 08시,금요일,울산광역시 북구 천곡동,부상신고사고,0,0,0,2,차대차 - 추돌 - 진행중,안전거리미확보,건조,맑음,단일로 - 기타,승용,남,53세,상해없음,승용,남,66세,부상신고
2013041200100248,2013년 4월 12일 11시,금요일,울산광역시 동구 방어동,경상사고,0,0,2,0,차대차 - 추돌 - 진행중,안전거리미확보,건조,맑음,단일로 - 기타,승용,여,54세,상해없음,승용,남,31세,상해없음
2013041200100249,2013년 4월 12일 11시,금요일,울산광역시 울주군 청량면,중상사고,0,1,0,0,차대차 - 측면직각충돌,교차로운행방법위반,건조,맑음,교차로 - 교차로안,화물,남,49세,상해없음,화물,여,52세,중상
2013041200100276,2013년 4월 12일 12시,금요일,울산광역시 울주군 상북면,경상사고,0,0,1,0,차대차 - 추돌 - 진행중,안전거리미확보,건조,맑음,단일로 - 기타,건설기계,남,59세,상해없음,승용,여,53세,경상
2013041200100303,2013년 4월 12일 13시,금요일,울산광역시 북구 양정동,중상사고,0,1,0,0,차대사람 - 횡단중,신호위반,건조,맑음,교차로 - 교차로부근,승용,남,44세,상해없음,보행자,여,23세,중상
2013041200100332,2013년 4월 12일 14시,금요일,울산광역시 남구 달동,중상사고,0,1,0,0,차대사람 - 횡단중,신호위반,건조,맑음,단일로 - 기타,승용,여,41세,상해없음,보행자,여,54세,중상
2013041200100333,2013년 4월 12일 14시,금요일,울산광역시 울주군 언양읍,부상신고사고,0,0,0,1,차대차 - 측면직각충돌,안전운전불이행,건조,맑음,단일로 - 기타,승용,여,60세,상해없음,이륜,남,18세,부상신고
2013041200100396,2013년 4월 12일 16시,금요일,울산광역시 울주군 언양읍,중상사고,0,1,0,0,차대사람 - 횡단중,보행자보호의무위반,건조,맑음,단일로 - 횡단보도상,화물,남,43세,상해없음,보행자,여,6세,중상
2013041200100522,2013년 4월 12일 19시,금요일,울산광역시 북구 화봉동,경상사고,0,0,2,0,차대차 - 측면직각충돌,중앙선침범,건조,맑음,교차로 - 교차로부근,승용,남,77세,상해없음,화물,남,35세,경상
2013041200100523,2013년 4월 12일 19시,금요일,울산광역시 남구 삼산동,경상사고,0,0,1,0,차대차 - 기타,안전운전불이행,기타,기타,교차로 - 교차로안,화물,남,45세,상해없음,화물,남,74세,경상
2013041200100524,2013년 4월 12일 19시,금요일,울산광역시 동구 전하동,중상사고,0,1,0,0,차대차 - 추돌 - 진행중,안전운전불이행,건조,맑음,단일로 - 기타,이륜,남,17세,중상,화물,여,30세,상해없음
2013041200100609,2013년 4월 12일 21시,금요일,울산광역시 북구 화봉동,중상사고,0,1,0,0,차대차 - 추돌 - 주정차중,안전운전불이행,건조,맑음,단일로 - 기타,이륜,남,15세,중상,건설기계,여,52세,기타불명
2013041200100610,2013년 4월 12일 21시,금요일,울산광역시 남구 무거동,중상사고,0,1,0,0,차대차 - 추돌 - 진행중,안전운전불이행,건조,맑음,단일로 - 기타,승용,남,38세,상해없음,승용,남,45세,중상
2013041300100051,2013년 4월 13일 02시,토요일,울산광역시 북구 효문동,중상사고,0,1,0,0,차대차 - 기타,신호위반,건조,맑음,교차로 - 교차로부근,승용,남,53세,상해없음,승용,남,31세,상해없음
2013041300100065,2013년 4월 13일 03시,토요일,울산광역시 남구 삼산동,부상신고사고,0,0,0,1,차대사람 - 기타,안전운전불이행,건조,맑음,교차로 - 교차로부근,승용,남,21세,상해없음,보행자,남,19세,부상신고
2013041300100120,2013년 4월 13일 07시,토요일,울산광역시 동구 방어동,중상사고,0,1,1,0,차대차 - 기타,중앙선침범,건조,맑음,교차로 - 교차로부근,이륜,남,32세,중상,승용,남,25세,경상
2013041300100194,2013년 4월 13일 10시,토요일,울산광역시 중구 반구동,중상사고,0,1,0,0,차대차 - 측면직각충돌,신호위반,건조,맑음,교차로 - 교차로부근,이륜,남,52세,중상,승용,남,64세,상해없음
2013041300100233,2013년 4월 13일 11시,토요일,울산광역시 남구 신정동,경상사고,0,0,1,0,차대차 - 정면충돌,안전운전불이행,건조,맑음,단일로 - 기타,자전거,남,13세,경상,자전거,남,55세,상해없음
2013041300100299,2013년 4월 13일 13시,토요일,울산광역시 북구 양정동,경상사고,0,0,1,0,차대차 - 추돌 - 주정차중,안전거리미확보,건조,맑음,단일로 - 기타,승용,남,52세,상해없음,승용,여,46세,경상
2013041300100300,2013년 4월 13일 13시,토요일,울산광역시 울주군 청량면,경상사고,0,0,3,0,차대차 - 기타,안전거리미확보,건조,맑음,단일로 - 기타,건설기계,남,46세,상해없음,승합,남,36세,경상
2013041300100437,2013년 4월 13일 17시,토요일,울산광역시 울주군 범서읍,경상사고,0,0,2,0,차대차 - 추돌 - 주정차중,안전운전불이행,건조,맑음,단일로 - 기타,승용,남,46세,상해없음,승용,남,63세,경상
2013041300100463,2013년 4월 13일 17시,토요일,울산광역시 남구 삼산동,중상사고,0,1,0,0,차대차 - 측면직각충돌,안전운전불이행,건조,맑음,교차로 - 교차로안,승용,여,49세,상해없음,승용,남,54세,중상
2013041300100566,2013년 4월 13일 20시,토요일,울산광역시 울주군 온산읍,중상사고,0,1,0,0,차대차 - 측면직각충돌,신호위반,건조,맑음,교차로 - 교차로안,원동기,남,45세,중상,특수,남,49세,상해없음
2013041300100630,2013년 4월 13일 22시,토요일,울산광역시 동구 전하동,경상사고,0,0,1,0,차대사람 - 횡단중,안전운전불이행,건조,맑음,단일로 - 기타,승용,남,24세,상해없음,보행자,남,46세,경상
2013041300100631,2013년 4월 13일 22시,토요일,울산광역시 동구 화정동,경상사고,0,0,1,0,차대사람 - 기타,안전운전불이행,건조,맑음,단일로 - 기타,승용,남,18세,상해없음,보행자,남,50세,경상
2013041400100017,2013년 4월 14일 00시,일요일,울산광역시 동구 서부동,경상사고,0,0,3,0,차대차 - 추돌 - 주정차중,안전운전불이행,건조,맑음,교차로 - 교차로부근,승용,남,59세,상해없음,승용,남,51세,경상
2013041400100091,2013년 4월 14일 05시,일요일,울산광역시 남구 신정동,중상사고,0,1,0,0,차대사람 - 횡단중,신호위반,건조,맑음,단일로 - 기타,승용,남,40세,상해없음,보행자,남,79세,중상
2013041400100103,2013년 4월 14일 06시,일요일,울산광역시 남구 신정동,경상사고,0,0,1,0,차대차 - 측면직각충돌,신호위반,건조,맑음,교차로 - 교차로안,승용,남,19세,상해없음,승용,남,53세,경상
2013041400100133,2013년 4월 14일 08시,일요일,울산광역시 남구 신정동,중상사고,0,1,0,0,차대차 - 측면직각충돌,안전운전불이행,건조,맑음,교차로 - 교차로안,승용,남,24세,상해없음,이륜,남,44세,중상
2013041400100146,2013년 4월 14일 09시,일요일,울산광역시 남구 신정동,중상사고,0,1,0,0,차대차 - 측면직각충돌,교차로운행방법위반,건조,맑음,교차로 - 교차로안,이륜,남,31세,중상,승용,남,36세,상해없음
2013041400100216,2013년 4월 14일 12시,일요일,울산광역시 동구 화정동,경상사고,0,0,1,0,차대사람 - 횡단중,신호위반,습기,비,단일로 - 횡단보도상,이륜,남,37세,상해없음,보행자,여,71세,경상
2013041400100246,2013년 4월 14일 13시,일요일,울산광역시 울주군 상북면,중상사고,0,3,2,0,차대차 - 측면직각충돌,중앙선침범,건조,맑음,단일로 - 기타,승용,남,56세,상해없음,승용,남,37세,중상
2013041400100247,2013년 4월 14일 13시,일요일,울산광역시 울주군 온산읍,중상사고,0,1,0,0,차대차 - 측면직각충돌,직진우회전진행방해,건조,맑음,교차로 - 교차로안,승용,남,28세,상해없음,원동기,남,60세,중상
2013041400100267,2013년 4월 14일 14시,일요일,울산광역시 울주군 청량면,경상사고,0,0,1,0,차대사람 - 기타,안전운전불이행,건조,맑음,단일로 - 기타,승용,남,59세,상해없음,보행자,남,36세,경상
2013041400100274,2013년 4월 14일 15시,일요일,울산광역시 울주군 두서면,경상사고,0,0,4,0,차대차 - 추돌 - 진행중,안전거리미확보,건조,맑음,단일로 - 기타,승용,남,60세,상해없음,승용,남,41세,경상
2013041400100297,2013년 4월 14일 15시,일요일,울산광역시 북구 명촌동,중상사고,0,1,0,0,차대차 - 추돌 - 주정차중,안전운전불이행,건조,맑음,교차로 - 교차로부근,승용,남,47세,상해없음,승용,여,46세,중상
2013041400100371,2013년 4월 14일 17시,일요일,울산광역시 남구 무거동,경상사고,0,0,1,0,차대차 - 측면직각충돌,직진우회전진행방해,건조,맑음,교차로 - 교차로안,승합,기타불명,기타불명,기타불명,자전거,남,9세,경상
2013041400100400,2013년 4월 14일 18시,일요일,울산광역시 울주군 범서읍,중상사고,0,1,2,0,차대차 - 추돌 - 진행중,안전운전불이행,건조,맑음,단일로 - 기타,승용,남,44세,경상,승용,여,62세,경상
2013041400100401,2013년 4월 14일 18시,일요일,울산광역시 울주군 온산읍,중상사고,0,1,0,1,차대차 - 기타,교차로운행방법위반,건조,맑음,교차로 - 교차로부근,승용,여,45세,상해없음,이륜,남,26세,중상
2013041400100436,2013년 4월 14일 19시,일요일,울산광역시 남구 야음동,경상사고,0,0,1,0,차대차 - 측면직각충돌,교차로운행방법위반,건조,맑음,교차로 - 교차로안,승용,여,47세,상해없음,원동기,남,32세,경상
2013041400100473,2013년 4월 14일 20시,일요일,울산광역시 북구 신천동,중상사고,0,1,0,0,차대차 - 측면직각충돌,안전운전불이행,건조,맑음,단일로 - 기타,승용,남,35세,상해없음,원동기,남,16세,중상
2013041400100474,2013년 4월 14일 20시,일요일,울산광역시 남구 무거동,경상사고,0,0,1,0,차대사람 - 기타,안전운전불이행,건조,맑음,교차로 - 교차로안,화물,남,63세,상해없음,보행자,남,46세,경상
2013041400100490,2013년 4월 14일 21시,일요일,울산광역시 남구 신정동,중상사고,0,3,0,0,차대차 - 추돌 - 진행중,안전운전불이행,건조,맑음,단일로 - 기타,승용,남,33세,상해없음,승용,남,25세,중상
2013041400100491,2013년 4월 14일 21시,일요일,울산광역시 울주군 온산읍,경상사고,0,0,1,0,차대차 - 기타,안전운전불이행,습기,맑음,교차로 - 교차로부근,승용,남,23세,상해없음,승용,남,29세,경상
2013041400100523,2013년 4월 14일 23시,일요일,울산광역시 남구 옥동,중상사고,0,1,0,0,차량단독 - 공작물충돌,안전운전불이행,건조,맑음,단일로 - 기타,승용,여,32세,중상,,,,
2013041400100524,2013년 4월 14일 23시,일요일,울산광역시 울주군 범서읍,사망사고,1,0,0,0,차량단독 - 공작물충돌,안전운전불이행,건조,맑음,교차로 - 교차로부근,승용,남,28세,사망,,,,
2013041500100009,2013년 4월 15일 00시,월요일,울산광역시 남구 삼산동,중상사고,0,1,0,0,차대차 - 추돌 - 주정차중,안전운전불이행,건조,맑음,단일로 - 기타,승용,남,29세,상해없음,승용,남,59세,중상
2013041500100020,2013년 4월 15일 01시,월요일,울산광역시 남구 삼산동,중상사고,0,1,0,0,차량단독 - 공작물충돌,안전운전불이행,건조,맑음,단일로 - 기타,승용,남,22세,중상,,,,
2013041500100134,2013년 4월 15일 09시,월요일,울산광역시 중구 남외동,경상사고,0,0,2,0,차대차 - 측면직각충돌,안전운전불이행,건조,맑음,단일로 - 기타,승용,남,53세,경상,승용,여,42세,경상
2013041500100221,2013년 4월 15일 13시,월요일,울산광역시 중구 복산동,중상사고,0,1,0,0,차대차 - 측면직각충돌,안전운전불이행,건조,맑음,교차로 - 교차로부근,화물,남,73세,상해없음,자전거,남,67세,중상
2013041500100267,2013년 4월 15일 15시,월요일,울산광역시 울주군 온산읍,중상사고,0,1,0,0,차대사람 - 기타,안전운전불이행,건조,맑음,교차로 - 교차로안,원동기,남,17세,상해없음,보행자,남,10세,중상
2013041500100268,2013년 4월 15일 15시,월요일,울산광역시 울주군 언양읍,경상사고,0,0,1,0,차대차 - 기타,교차로운행방법위반,건조,맑음,교차로 - 교차로안,승용,여,42세,경상,화물,남,45세,상해없음
2013041500100302,2013년 4월 15일 16시,월요일,울산광역시 동구 화정동,경상사고,0,0,1,0,차대차 - 측면직각충돌,직진우회전진행방해,건조,맑음,교차로 - 교차로안,승용,남,72세,상해없음,이륜,여,51세,경상
2013041500100398,2013년 4월 15일 19시,월요일,울산광역시 동구 화정동,경상사고,0,0,1,0,차대사람 - 기타,안전운전불이행,건조,맑음,교차로 - 교차로안,화물,남,69세,상해없음,보행자,여,36세,경상
2013041500100428,2013년 4월 15일 20시,월요일,울산광역시 중구 반구동,경상사고,0,0,1,0,차대사람 - 기타,안전운전불이행,건조,맑음,단일로 - 기타,기타불명,기타불명,기타불명,기타불명,보행자,남,40세,경상
2013041500100429,2013년 4월 15일 20시,월요일,울산광역시 남구 달동,경상사고,0,0,1,0,차대사람 - 기타,안전운전불이행,건조,맑음,단일로 - 기타,승용,남,25세,상해없음,보행자,남,52세,경상
2013041500100490,2013년 4월 15일 22시,월요일,울산광역시 남구 옥동,중상사고,0,1,1,0,차대차 - 추돌 - 진행중,안전운전불이행,건조,맑음,단일로 - 기타,승용,남,51세,상해없음,승용,남,28세,경상
2013041500100491,2013년 4월 15일 22시,월요일,울산광역시 동구 화정동,중상사고,0,2,0,0,차대차 - 측면직각충돌,안전운전불이행,건조,맑음,교차로 - 교차로안,승용,남,58세,상해없음,이륜,남,27세,중상
2013041600100014,2013년 4월 16일 00시,화요일,울산광역시 중구 북정동,중상사고,0,2,1,0,차대차 - 기타,신호위반,건조,맑음,교차로 - 교차로안,승용,여,53세,상해없음,승합,남,56세,중상
2013041600100061,2013년 4월 16일 05시,화요일,울산광역시 울주군 상북면,경상사고,0,0,1,0,차량단독 - 공작물충돌,안전운전불이행,습기,비,교차로 - 교차로안,승용,남,34세,상해없음,,,,
2013041600100080,2013년 4월 16일 06시,화요일,울산광역시 중구 옥교동,중상사고,0,1,0,0,차대사람 - 차도통행중,안전운전불이행,건조,맑음,단일로 - 기타,이륜,남,46세,상해없음,보행자,여,68세,중상
2013041600100081,2013년 4월 16일 06시,화요일,울산광역시 중구 약사동,경상사고,0,0,1,0,차대차 - 추돌 - 주정차중,안전거리미확보,건조,맑음,교차로 - 교차로부근,건설기계,남,59세,상해없음,특수,남,36세,상해없음
2013041600100132,2013년 4월 16일 08시,화요일,울산광역시 울주군 범서읍,부상신고사고,0,0,0,1,차대차 - 추돌 - 주정차중,교차로운행방법위반,건조,맑음,교차로 - 교차로안,화물,남,38세,상해없음,승용,여,41세,부상신고
2013041600100158,2013년 4월 16일 09시,화요일,울산광역시 남구 신정동,경상사고,0,0,1,0,차대차 - 기타,안전운전불이행,건조,맑음,단일로 - 횡단보도부근,승합,남,38세,상해없음,승용,남,58세,상해없음
2013041600100178,2013년 4월 16일 10시,화요일,울산광역시 남구 무거동,중상사고,0,1,0,0,차대차 - 기타,안전운전불이행,기타,기타,교차로 - 교차로부근,승용,여,39세,상해없음,이륜,남,57세,중상
2013041600100220,2013년 4월 16일 12시,화요일,울산광역시 동구 일산동,중상사고,0,1,3,0,차대차 - 기타,안전거리미확보,건조,맑음,단일로 - 기타,특수,남,46세,상해없음,승용,여,31세,중상
2013041600100221,2013년 4월 16일 12시,화요일,울산광역시 울주군 언양읍,경상사고,0,0,1,1,차대차 - 기타,안전운전불이행,건조,맑음,교차로 - 교차로안,승용,남,51세,부상신고,승용,여,27세,경상
2013041600100250,2013년 4월 16일 13시,화요일,울산광역시 동구 화정동,중상사고,0,1,0,0,차대사람 - 기타,안전운전불이행,건조,맑음,단일로 - 기타,승용,남,29세,상해없음,보행자,여,66세,중상
2013041600100343,2013년 4월 16일 16시,화요일,울산광역시 남구 신정동,경상사고,0,0,6,0,차대차 - 추돌 - 진행중,안전거리미확보,건조,맑음,단일로 - 기타,승용,남,53세,상해없음,화물,남,59세,경상
2013041600100483,2013년 4월 16일 21시,화요일,울산광역시 남구 신정동,중상사고,0,1,0,0,차대차 - 기타,안전운전불이행,건조,맑음,단일로 - 기타,승용,남,47세,상해없음,승용,남,58세,중상
2013041600100484,2013년 4월 16일 21시,화요일,울산광역시 울주군 범서읍,중상사고,0,1,0,0,차대사람 - 횡단중,보행자보호의무위반,건조,맑음,단일로 - 기타,승용,남,68세,상해없음,보행자,남,55세,중상
2013041600100543,2013년 4월 16일 23시,화요일,울산광역시 북구 호계동,중상사고,0,1,0,0,차대차 - 측면직각충돌,안전운전불이행,건조,맑음,단일로 - 기타,승용,남,37세,상해없음,승합,남,41세,중상
2013041600100544,2013년 4월 16일 23시,화요일,울산광역시 남구 달동,중상사고,0,2,3,0,차대차 - 추돌 - 주정차중,안전거리미확보,건조,맑음,교차로 - 교차로부근,승용,남,47세,상해없음,승용,남,34세,경상
2013041700100044,2013년 4월 17일 02시,수요일,울산광역시 중구 반구동,경상사고,0,0,1,0,차대차 - 측면직각충돌,안전운전불이행,건조,맑음,교차로 - 교차로안,승용,남,49세,상해없음,승용,여,60세,경상
2013041700100085,2013년 4월 17일 06시,수요일,울산광역시 중구 학성동,경상사고,0,0,1,0,차대차 - 측면직각충돌,안전운전불이행,습기,흐림,단일로 - 기타,승용,여,49세,상해없음,이륜,남,67세,경상
2013041700100119,2013년 4월 17일 07시,수요일,울산광역시 동구 화정동,경상사고,0,0,1,0,차대차 - 기타,직진우회전진행방해,건조,맑음,교차로 - 교차로부근,승용,남,70세,상해없음,이륜,남,48세,경상
2013041700100120,2013년 4월 17일 07시,수요일,울산광역시 울주군 온산읍,경상사고,0,0,2,0,차대차 - 측면직각충돌,신호위반,건조,맑음,교차로 - 교차로안,화물,남,34세,경상,승용,남,59세,경상
2013041700100189,2013년 4월 17일 09시,수요일,울산광역시 울주군 온양읍,중상사고,0,1,0,0,차량단독 - 공작물충돌,안전운전불이행,건조,맑음,단일로 - 기타,승용,여,62세,중상,,,,
2013041700100238,2013년 4월 17일 11시,수요일,울산광역시 남구 달동,경상사고,0,0,1,1,차대차 - 측면직각충돌,교차로운행방법위반,건조,맑음,교차로 - 교차로안,승용,남,45세,상해없음,승용,여,44세,부상신고
2013041700100279,2013년 4월 17일 13시,수요일,울산광역시 중구 반구동,경상사고,0,0,1,0,차대차 - 추돌 - 주정차중,안전운전불이행,건조,맑음,단일로 - 횡단보도부근,승용,남,39세,상해없음,승합,남,48세,경상
2013041700100330,2013년 4월 17일 15시,수요일,울산광역시 울주군 청량면,경상사고,0,0,2,0,차대차 - 측면직각충돌,안전운전불이행,건조,맑음,교차로 - 교차로안,화물,남,36세,상해없음,승합,남,52세,경상
2013041700100399,2013년 4월 17일 17시,수요일,울산광역시 중구 성안동,경상사고,0,0,1,0,차대차 - 기타,안전운전불이행,건조,흐림,교차로 - 교차로안,화물,남,50세,상해없음,화물,남,56세,경상
2013041700100400,2013년 4월 17일 17시,수요일,울산광역시 남구 야음동,경상사고,0,0,1,0,차대차 - 정면충돌,안전운전불이행,건조,흐림,교차로 - 교차로부근,승용,남,27세,상해없음,이륜,남,46세,경상
2013041700100437,2013년 4월 17일 18시,수요일,울산광역시 남구 야음동,경상사고,0,0,1,0,차대차 - 측면직각충돌,신호위반,건조,흐림,교차로 - 교차로안,승용,남,27세,상해없음,이륜,남,44세,경상
2013041700100502,2013년 4월 17일 20시,수요일,울산광역시 북구 염포동,중상사고,0,1,0,0,차대사람 - 횡단중,안전운전불이행,건조,흐림,단일로 - 기타,승용,남,23세,상해없음,보행자,남,26세,중상
2013041800100052,2013년 4월 18일 03시,목요일,울산광역시 북구 명촌동,사망사고,1,0,0,0,차대사람 - 기타,과속,건조,맑음,단일로 - 기타,승용,남,30세,상해없음,보행자,남,31세,사망
2013041800100099,2013년 4월 18일 07시,목요일,울산광역시 남구 무거동,중상사고,0,1,0,0,차대사람 - 횡단중,신호위반,기타,기타,단일로 - 기타,화물,남,41세,상해없음,보행자,여,17세,중상
2013041800100100,2013년 4월 18일 07시,목요일,울산광역시 울주군 온양읍,중상사고,0,1,0,0,차대차 - 측면직각충돌,교차로운행방법위반,건조,맑음,교차로 - 교차로안,화물,남,56세,상해없음,원동기,남,69세,중상
2013041800100135,2013년 4월 18일 08시,목요일,울산광역시 울주군 청량면,부상신고사고,0,0,0,1,차량단독 - 전도전복,안전운전불이행,건조,맑음,단일로 - 기타,화물,남,33세,부상신고,,,,
2013041800100195,2013년 4월 18일 10시,목요일,울산광역시 북구 화봉동,중상사고,0,1,0,0,차대차 - 측면직각충돌,안전거리미확보,건조,맑음,교차로 - 교차로부근,승용,여,26세,상해없음,승합,남,41세,상해없음
2013041800100214,2013년 4월 18일 11시,목요일,울산광역시 울주군 온산읍,경상사고,0,0,3,0,차대차 - 기타,신호위반,건조,맑음,교차로 - 교차로안,승용,여,61세,경상,승용,여,30세,경상
2013041800100271,2013년 4월 18일 13시,목요일,울산광역시 남구 무거동,경상사고,0,0,2,0,차대차 - 측면직각충돌,중앙선침범,건조,맑음,단일로 - 기타,승용,남,63세,상해없음,승합,남,39세,경상
2013041800100293,2013년 4월 18일 14시,목요일,울산광역시 남구 신정동,경상사고,0,0,1,0,차대사람 - 기타,안전운전불이행,건조,맑음,단일로 - 횡단보도상,승용,남,39세,상해없음,보행자,여,31세,경상
2013041800100407,2013년 4월 18일 17시,목요일,울산광역시 동구 전하동,중상사고,0,1,0,0,차대차 - 기타,안전운전불이행,건조,맑음,교차로 - 교차로부근,승용,여,41세,기타불명,자전거,남,11세,중상
2013041800100476,2013년 4월 18일 19시,목요일,울산광역시 중구 남외동,경상사고,0,0,2,0,차대차 - 추돌 - 진행중,교차로운행방법위반,건조,맑음,교차로 - 교차로안,승용,남,54세,기타불명,승용,여,22세,경상
2013041800100477,2013년 4월 18일 19시,목요일,울산광역시 북구 양정동,경상사고,0,0,1,0,차대차 - 측면직각충돌,안전운전불이행,건조,맑음,교차로 - 교차로안,승용,남,46세,상해없음,자전거,남,35세,경상
2013041800100506,2013년 4월 18일 20시,목요일,울산광역시 중구 성남동,부상신고사고,0,0,0,1,차대사람 - 기타,안전운전불이행,건조,맑음,단일로 - 기타,승용,여,61세,상해없음,보행자,여,16세,부상신고
2013041800100539,2013년 4월 18일 21시,목요일,울산광역시 울주군 온산읍,부상신고사고,0,0,0,1,차대차 - 기타,안전운전불이행,건조,맑음,단일로 - 기타,이륜,기타불명,기타불명,기타불명,승용,남,37세,부상신고
2013041900100124,2013년 4월 19일 07시,금요일,울산광역시 남구 장생포동,경상사고,0,0,2,0,차대차 - 측면직각충돌,교차로운행방법위반,건조,흐림,교차로 - 교차로안,승용,남,30세,경상,승용,남,48세,경상
2013041900100125,2013년 4월 19일 07시,금요일,울산광역시 동구 일산동,경상사고,0,0,1,0,차대차 - 측면직각충돌,직진우회전진행방해,건조,맑음,교차로 - 교차로안,승용,남,33세,기타불명,승용,남,57세,경상
2013041900100234,2013년 4월 19일 11시,금요일,울산광역시 울주군 온산읍,부상신고사고,0,0,0,1,차대차 - 추돌 - 주정차중,안전운전불이행,건조,맑음,교차로 - 교차로부근,승용,남,46세,상해없음,화물,남,56세,상해없음
2013041900100329,2013년 4월 19일 14시,금요일,울산광역시 북구 화봉동,사망사고,1,0,0,0,차대차 - 측면직각충돌,신호위반,건조,맑음,교차로 - 교차로안,화물,남,60세,상해없음,이륜,남,74세,사망
2013041900100365,2013년 4월 19일 15시,금요일,울산광역시 남구 신정동,경상사고,0,0,1,0,차대차 - 측면직각충돌,차로위반,건조,맑음,단일로 - 기타,승용,남,31세,상해없음,승용,남,54세,경상
2013041900100397,2013년 4월 19일 16시,금요일,울산광역시 남구 두왕동,중상사고,0,1,0,0,차대차 - 기타,안전운전불이행,건조,맑음,단일로 - 기타,승용,남,43세,상해없음,승용,남,61세,중상
2013041900100398,2013년 4월 19일 16시,금요일,울산광역시 울주군 웅촌면,중상사고,0,1,0,0,차대사람 - 기타,안전운전불이행,건조,맑음,단일로 - 기타,승합,남,56세,상해없음,보행자,여,17세,중상
2013041900100525,2013년 4월 19일 19시,금요일,울산광역시 북구 천곡동,경상사고,0,0,1,0,차대사람 - 기타,안전운전불이행,건조,맑음,단일로 - 기타,승용,여,47세,상해없음,보행자,남,29세,경상
2013041900100526,2013년 4월 19일 19시,금요일,울산광역시 남구 삼산동,중상사고,0,1,0,0,차대사람 - 횡단중,안전운전불이행,건조,맑음,교차로 - 교차로안,승용,남,57세,상해없음,보행자,남,60세,중상
2013041900100527,2013년 4월 19일 19시,금요일,울산광역시 동구 방어동,경상사고,0,0,1,0,차대차 - 기타,안전거리미확보,건조,맑음,단일로 - 기타,승용,남,52세,상해없음,화물,남,28세,경상
2013041900100640,2013년 4월 19일 22시,금요일,울산광역시 북구 연암동,경상사고,0,0,1,0,차대차 - 추돌 - 진행중,안전운전불이행,건조,맑음,단일로 - 기타,승용,남,43세,경상,화물,남,49세,상해없음
2013041900100641,2013년 4월 19일 22시,금요일,울산광역시 동구 동부동,경상사고,0,0,1,0,차대사람 - 횡단중,안전운전불이행,건조,맑음,단일로 - 기타,승용,남,56세,상해없음,보행자,남,38세,경상
2013041900100676,2013년 4월 19일 23시,금요일,울산광역시 북구 화봉동,경상사고,0,0,1,0,차대차 - 측면직각충돌,교차로운행방법위반,건조,맑음,교차로 - 교차로안,승용,남,56세,상해없음,원동기,남,16세,경상
2013041900100677,2013년 4월 19일 23시,금요일,울산광역시 남구 삼산동,경상사고,0,0,1,0,차대차 - 기타,안전운전불이행,건조,맑음,교차로 - 교차로부근,승용,기타불명,기타불명,기타불명,이륜,남,16세,경상
2013041900100678,2013년 4월 19일 23시,금요일,울산광역시 동구 일산동,중상사고,0,1,0,0,차대사람 - 기타,안전운전불이행,건조,맑음,단일로 - 기타,이륜,남,36세,상해없음,보행자,남,45세,중상
2013041900100679,2013년 4월 19일 23시,금요일,울산광역시 울주군 웅촌면,경상사고,0,0,1,0,차대차 - 추돌 - 진행중,안전운전불이행,건조,맑음,교차로 - 교차로안,승용,남,30세,경상,화물,남,44세,상해없음
2013042000100035,2013년 4월 20일 00시,토요일,울산광역시 남구 삼산동,경상사고,0,0,2,0,차대차 - 추돌 - 진행중,안전운전불이행,건조,맑음,교차로 - 교차로부근,승용,남,54세,상해없음,승용,여,37세,경상
2013042000100061,2013년 4월 20일 01시,토요일,울산광역시 동구 일산동,경상사고,0,0,1,0,차대차 - 기타,신호위반,건조,맑음,교차로 - 교차로안,이륜,남,25세,상해없음,승용,남,39세,상해없음
2013042000100123,2013년 4월 20일 05시,토요일,울산광역시 중구 성남동,경상사고,0,0,1,0,차대차 - 추돌 - 진행중,안전운전불이행,건조,맑음,단일로 - 기타,기타불명,기타불명,기타불명,기타불명,자전거,남,70세,경상
2013042000100124,2013년 4월 20일 05시,토요일,울산광역시 남구 신정동,중상사고,0,1,0,0,차대차 - 측면직각충돌,교차로운행방법위반,건조,맑음,교차로 - 교차로안,화물,남,59세,상해없음,건설기계,남,51세,중상
2013042000100195,2013년 4월 20일 08시,토요일,울산광역시 울주군 서생면,경상사고,0,0,3,0,차량단독 - 공작물충돌,안전운전불이행,습기,비,단일로 - 기타,화물,남,65세,상해없음,,,,