사고번호,사고일시,요일,시군구,사고내용,사망자수,중상자수,경상자수,부상신고자수,사고유형,법규위반,노면상태,기상상태,도로형태,가해운전자 차종,가해운전자 성별,가해운전자 연령,가해운전자 상해정도,피해운전자 차종,피해운전자 성별,피해운전자 연령,피해운전자 상해정도
2013042700100639,2013년 4월 27일 22시,토요일,울산광역시 중구 복산동,경상사고,0,0,2,0,차대차 - 측면직각충돌,신호위반,건조,맑음,교차로 - 교차로안,승용,남,19세,상해없음,승용,남,51세,경상
2013042700100640,2013년 4월 27일 22시,토요일,울산광역시 중구 교동,중상사고,0,1,0,0,차대사람 - 기타,안전운전불이행,건조,맑음,단일로 - 기타,이륜,남,16세,상해없음,보행자,남,65세,중상
2013042800100025,2013년 4월 28일 00시,일요일,울산광역시 중구 태화동,경상사고,0,0,1,0,차대차 - 기타,안전운전불이행,건조,맑음,교차로 - 교차로안,이륜,남,23세,경상,승용,남,30세,상해없음
2013042800100066,2013년 4월 28일 03시,일요일,울산광역시 중구 학산동,중상사고,0,1,1,0,차대차 - 측면직각충돌,교차로운행방법위반,건조,맑음,교차로 - 교차로안,이륜,남,21세,중상,승용,남,42세,경상
2013042800100098,2013년 4월 28일 05시,일요일,울산광역시 남구 삼산동,경상사고,0,0,1,0,차대차 - 추돌 - 진행중,차로위반,건조,맑음,단일로 - 기타,승용,남,46세,상해없음,승용,남,23세,경상
2013042800100124,2013년 4월 28일 07시,일요일,울산광역시 울주군 온양읍,중상사고,0,1,0,0,차대사람 - 횡단중,안전운전불이행,건조,맑음,교차로 - 교차로안,승용,남,37세,상해없음,보행자,여,55세,중상
2013042800100251,2013년 4월 28일 13시,일요일,울산광역시 남구 신정동,경상사고,0,0,1,0,차대차 - 측면직각충돌,신호위반,건조,맑음,교차로 - 교차로안,이륜,기타불명,기타불명,기타불명,자전거,남,78세,경상
2013042800100319,2013년 4월 28일 15시,일요일,울산광역시 울주군 두서면,중상사고,0,4,2,2,차대차 - 측면직각충돌,중앙선침범,건조,맑음,단일로 - 기타,승용,여,56세,중상,승용,남,49세,경상
2013042800100352,2013년 4월 28일 16시,일요일,울산광역시 중구 학성동,경상사고,0,0,4,0,차대차 - 추돌 - 진행중,안전거리미확보,건조,맑음,단일로 - 기타,승용,남,50세,상해없음,승용,남,50세,경상
2013042800100353,2013년 4월 28일 16시,일요일,울산광역시 남구 삼산동,중상사고,0,1,0,0,차대차 - 측면직각충돌,안전운전불이행,건조,맑음,교차로 - 교차로안,자전거,남,12세,중상,승용,남,50세,상해없음
2013042800100411,2013년 4월 28일 18시,일요일,울산광역시 남구 무거동,중상사고,0,1,0,0,차대차 - 측면직각충돌,차로위반,건조,맑음,교차로 - 교차로부근,승용,여,34세,상해없음,이륜,남,16세,중상
2013042800100438,2013년 4월 28일 19시,일요일,울산광역시 동구 전하동,중상사고,0,1,0,0,차대차 - 기타,차로위반,건조,맑음,단일로 - 기타,승용,여,46세,상해없음,이륜,남,52세,중상
2013042800100439,2013년 4월 28일 19시,일요일,울산광역시 동구 서부동,경상사고,0,0,1,0,차량단독 - 공작물충돌,안전운전불이행,건조,맑음,교차로 - 교차로부근,자전거,남,50세,경상,,,,
2013042800100466,2013년 4월 28일 20시,일요일,울산광역시 울주군 청량면,경상사고,0,0,4,0,차대차 - 추돌 - 진행중,교차로운행방법위반,건조,맑음,교차로 - 교차로안,승용,남,23세,경상,승용,남,45세,경상
2013042800100498,2013년 4월 28일 21시,일요일,울산광역시 중구 우정동,경상사고,0,0,3,0,차대차 - 추돌 - 진행중,안전운전불이행,건조,맑음,교차로 - 교차로부근,화물,남,39세,상해없음,승용,남,26세,경상
2013042800100499,2013년 4월 28일 21시,일요일,울산광역시 남구 야음동,경상사고,0,0,2,0,차대사람 - 기타,안전운전불이행,건조,맑음,단일로 - 기타,이륜,남,17세,경상,보행자,남,56세,경상
2013042800100520,2013년 4월 28일 22시,일요일,울산광역시 남구 신정동,중상사고,0,1,0,0,차대사람 - 길가장자리구역통행중,안전운전불이행,습기,비,단일로 - 기타,승합,남,39세,상해없음,보행자,남,44세,중상
2013042800100521,2013년 4월 28일 22시,일요일,울산광역시 남구 무거동,중상사고,0,1,2,0,차대차 - 측면직각충돌,교차로운행방법위반,건조,맑음,교차로 - 교차로안,승용,남,47세,중상,승용,남,52세,경상
2013042800100549,2013년 4월 28일 23시,일요일,울산광역시 중구 동동,경상사고,0,0,1,0,차대차 - 측면직각충돌,교차로운행방법위반,건조,맑음,교차로 - 교차로안,승용,남,26세,경상,승용,남,32세,상해없음
2013042900100022,2013년 4월 29일 01시,월요일,울산광역시 남구 신정동,경상사고,0,0,3,0,차대차 - 측면직각충돌,신호위반,건조,맑음,교차로 - 교차로안,승용,남,52세,상해없음,승용,여,30세,경상
2013042900100047,2013년 4월 29일 04시,월요일,울산광역시 울주군 웅촌면,경상사고,0,0,1,0,차대차 - 추돌 - 진행중,안전거리미확보,건조,맑음,단일로 - 기타,승용,남,46세,상해없음,승용,남,47세,경상
2013042900100097,2013년 4월 29일 07시,월요일,울산광역시 울주군 언양읍,경상사고,0,0,1,0,차대차 - 추돌 - 진행중,신호위반,건조,맑음,교차로 - 교차로안,승용,남,45세,상해없음,승용,여,48세,경상
2013042900100171,2013년 4월 29일 09시,월요일,울산광역시 중구 우정동,중상사고,0,1,0,0,차대사람 - 횡단중,안전운전불이행,건조,맑음,교차로 - 교차로안,승용,남,64세,상해없음,보행자,남,85세,중상
2013042900100211,2013년 4월 29일 11시,월요일,울산광역시 중구 태화동,부상신고사고,0,0,0,1,차대차 - 기타,안전운전불이행,건조,맑음,단일로 - 기타,승용,여,49세,부상신고,승용,남,22세,상해없음
2013042900100289,2013년 4월 29일 14시,월요일,울산광역시 중구 태화동,경상사고,0,0,3,0,차대차 - 측면직각충돌,안전운전불이행,건조,맑음,단일로 - 기타,화물,남,39세,상해없음,승용,여,42세,경상
2013042900100317,2013년 4월 29일 15시,월요일,울산광역시 남구 신정동,중상사고,0,1,0,0,차대사람 - 기타,불법유턴,건조,맑음,단일로 - 기타,화물,남,45세,상해없음,보행자,여,82세,중상
2013042900100318,2013년 4월 29일 15시,월요일,울산광역시 남구 신정동,중상사고,0,1,0,0,차대사람 - 길가장자리구역통행중,안전운전불이행,건조,맑음,단일로 - 기타,승용,남,44세,상해없음,보행자,여,61세,중상
2013042900100342,2013년 4월 29일 16시,월요일,울산광역시 남구 무거동,경상사고,0,0,1,0,차대차 - 기타,안전운전불이행,건조,맑음,단일로 - 기타,승용,남,57세,상해없음,자전거,남,10세,경상
2013042900100343,2013년 4월 29일 16시,월요일,울산광역시 남구 무거동,중상사고,0,1,0,0,차대사람 - 횡단중,안전운전불이행,건조,맑음,교차로 - 교차로안,승용,남,50세,상해없음,보행자,여,45세,중상
2013042900100494,2013년 4월 29일 21시,월요일,울산광역시 남구 삼산동,경상사고,0,0,1,0,차대차 - 추돌 - 주정차중,안전운전불이행,건조,맑음,교차로 - 교차로부근,승용,남,64세,상해없음,승용,여,37세,경상
2013042900100517,2013년 4월 29일 22시,월요일,울산광역시 북구 진장동,경상사고,0,0,6,1,차대차 - 추돌 - 진행중,안전운전불이행,건조,맑음,교차로 - 교차로부근,승용,남,41세,부상신고,승합,남,50세,경상
2013042900100548,2013년 4월 29일 23시,월요일,울산광역시 북구 진장동,중상사고,0,1,2,0,차대차 - 추돌 - 주정차중,안전운전불이행,건조,흐림,교차로 - 교차로부근,승용,남,41세,상해없음,이륜,남,23세,경상
2013043000100020,2013년 4월 30일 00시,화요일,울산광역시 울주군 온산읍,부상신고사고,0,0,0,1,차량단독 - 전도전복,안전운전불이행,건조,맑음,단일로 - 기타,승용,남,21세,상해없음,,,,
2013043000100104,2013년 4월 30일 07시,화요일,울산광역시 북구 명촌동,경상사고,0,0,1,0,차대사람 - 횡단중,안전운전불이행,건조,맑음,교차로 - 교차로안,승용,여,29세,상해없음,보행자,여,59세,경상
2013043000100137,2013년 4월 30일 08시,화요일,울산광역시 북구 명촌동,중상사고,0,1,0,0,차대차 - 측면직각충돌,중앙선침범,건조,맑음,단일로 - 기타,승용,남,48세,상해없음,이륜,남,35세,중상
2013043000100138,2013년 4월 30일 08시,화요일,울산광역시 중구 약사동,경상사고,0,0,1,0,차대사람 - 길가장자리구역통행중,안전운전불이행,건조,맑음,단일로 - 기타,기타불명,기타불명,기타불명,기타불명,보행자,남,16세,경상
2013043000100273,2013년 4월 30일 13시,화요일,울산광역시 중구 복산동,경상사고,0,0,1,0,차대사람 - 횡단중,보행자보호의무위반,건조,맑음,교차로 - 교차로안,승용,남,28세,상해없음,보행자,여,35세,경상
2013043000100338,2013년 4월 30일 15시,화요일,울산광역시 남구 달동,경상사고,0,0,1,0,차대차 - 측면직각충돌,교차로운행방법위반,건조,맑음,단일로 - 기타,승용,남,55세,상해없음,승용,여,40세,경상
2013043000100458,2013년 4월 30일 18시,화요일,울산광역시 중구 학산동,경상사고,0,0,1,0,차대사람 - 기타,안전운전불이행,건조,맑음,단일로 - 기타,승용,남,59세,상해없음,보행자,여,65세,경상
2013043000100531,2013년 4월 30일 20시,화요일,울산광역시 동구 방어동,중상사고,0,1,0,0,차대사람 - 횡단중,안전운전불이행,건조,맑음,교차로 - 교차로안,이륜,남,18세,상해없음,보행자,남,21세,중상
2013043000100532,2013년 4월 30일 20시,화요일,울산광역시 울주군 온산읍,중상사고,0,1,0,0,차대차 - 추돌 - 진행중,안전운전불이행,건조,맑음,단일로 - 기타,이륜,남,39세,중상,승용,남,29세,상해없음
2013043000100557,2013년 4월 30일 21시,화요일,울산광역시 울주군 범서읍,중상사고,0,1,0,1,차대차 - 추돌 - 주정차중,안전운전불이행,건조,맑음,단일로 - 기타,승용,여,35세,부상신고,승용,남,47세,중상
2013043000100626,2013년 4월 30일 23시,화요일,울산광역시 남구 신정동,중상사고,0,2,0,1,차대차 - 기타,안전운전불이행,건조,맑음,단일로 - 기타,승용,남,40세,상해없음,승용,남,30세,중상
2013043000100627,2013년 4월 30일 23시,화요일,울산광역시 남구 신정동,경상사고,0,0,1,0,차대차 - 측면직각충돌,안전거리미확보,건조,맑음,단일로 - 기타,승용,남,27세,상해없음,이륜,남,26세,경상
2013043000100628,2013년 4월 30일 23시,화요일,울산광역시 울주군 온양읍,경상사고,0,0,1,0,차대차 - 기타,중앙선침범,건조,맑음,교차로 - 교차로부근,승용,남,63세,상해없음,이륜,남,26세,경상
2013050100100085,2013년 5월 1일 03시,수요일,울산광역시 남구 삼산동,경상사고,0,0,3,0,차대차 - 정면충돌,안전운전불이행,건조,맑음,교차로 - 교차로부근,승용,남,21세,상해없음,승용,남,23세,경상
2013050100100124,2013년 5월 1일 06시,수요일,울산광역시 남구 신정동,경상사고,0,0,1,0,차대차 - 측면직각충돌,안전운전불이행,건조,맑음,교차로 - 교차로부근,승용,여,27세,상해없음,이륜,남,35세,경상
2013050100100178,2013년 5월 1일 08시,수요일,울산광역시 북구 신천동,중상사고,0,1,0,0,차대차 - 기타,신호위반,건조,맑음,교차로 - 교차로안,승용,남,72세,상해없음,승용,여,41세,중상
2013050100100242,2013년 5월 1일 11시,수요일,울산광역시 남구 무거동,경상사고,0,0,1,0,차대차 - 측면직각충돌,신호위반,건조,맑음,교차로 - 교차로안,승용,남,55세,상해없음,승용,남,33세,경상
2013050100100298,2013년 5월 1일 13시,수요일,울산광역시 중구 성남동,경상사고,0,0,1,0,차대사람 - 횡단중,보행자보호의무위반,건조,맑음,단일로 - 횡단보도상,승용,남,52세,상해없음,보행자,여,29세,경상
2013050100100323,2013년 5월 1일 14시,수요일,울산광역시 남구 야음동,중상사고,0,1,0,0,차량단독 - 기타,안전운전불이행,건조,맑음,단일로 - 기타,승합,남,59세,상해없음,,,,
2013050100100324,2013년 5월 1일 14시,수요일,울산광역시 동구 일산동,경상사고,0,0,1,0,차대사람 - 기타,안전운전불이행,건조,맑음,단일로 - 기타,승용,기타불명,기타불명,기타불명,보행자,여,11세,경상
2013050100100432,2013년 5월 1일 17시,수요일,울산광역시 중구 복산동,경상사고,0,0,1,0,차대차 - 측면직각충돌,안전운전불이행,건조,맑음,단일로 - 기타,승합,남,42세,상해없음,이륜,남,40세,경상
2013050100100467,2013년 5월 1일 18시,수요일,울산광역시 울주군 온산읍,중상사고,0,1,1,0,차대차 - 추돌 - 진행중,교차로운행방법위반,건조,맑음,교차로 - 교차로안,승용,남,33세,상해없음,승합,남,29세,경상
2013050100100501,2013년 5월 1일 19시,수요일,울산광역시 북구 화봉동,경상사고,0,0,1,0,차대차 - 측면직각충돌,중앙선침범,건조,맑음,단일로 - 기타,승용,여,43세,상해없음,이륜,남,17세,경상
2013050100100544,2013년 5월 1일 20시,수요일,울산광역시 울주군 온산읍,경상사고,0,0,1,0,차대차 - 측면직각충돌,차로위반,건조,맑음,교차로 - 교차로부근,승용,남,49세,상해없음,이륜,남,44세,경상
2013050200100019,2013년 5월 2일 01시,목요일,울산광역시 중구 태화동,중상사고,0,1,0,0,차대차 - 측면직각충돌,신호위반,건조,맑음,교차로 - 교차로안,승용,남,32세,상해없음,승용,남,27세,중상
2013050200100020,2013년 5월 2일 01시,목요일,울산광역시 남구 달동,경상사고,0,0,1,0,차대차 - 측면직각충돌,신호위반,건조,맑음,교차로 - 교차로안,승용,여,31세,상해없음,승용,여,55세,경상
2013050200100029,2013년 5월 2일 02시,목요일,울산광역시 남구 삼산동,중상사고,0,1,0,0,차대차 - 측면직각충돌,직진우회전진행방해,건조,맑음,교차로 - 교차로안,승용,남,38세,상해없음,승용,여,23세,중상
2013050200100083,2013년 5월 2일 07시,목요일,울산광역시 북구 화봉동,경상사고,0,0,2,0,차대차 - 측면직각충돌,중앙선침범,건조,맑음,단일로 - 기타,승용,남,33세,상해없음,승용,여,40세,경상
2013050200100084,2013년 5월 2일 07시,목요일,울산광역시 동구 일산동,경상사고,0,0,1,0,차대차 - 기타,안전운전불이행,건조,맑음,단일로 - 기타,이륜,남,44세,상해없음,자전거,남,22세,경상
2013050200100124,2013년 5월 2일 08시,목요일,울산광역시 남구 무거동,경상사고,0,0,1,0,차대사람 - 횡단중,신호위반,건조,맑음,단일로 - 횡단보도상,승용,여,25세,상해없음,보행자,남,14세,경상
2013050200100138,2013년 5월 2일 09시,목요일,울산광역시 울주군 범서읍,중상사고,0,1,0,0,차대차 - 측면직각충돌,안전거리미확보,건조,맑음,단일로 - 기타,화물,남,50세,상해없음,승용,여,61세,중상
2013050200100226,2013년 5월 2일 12시,목요일,울산광역시 북구 신천동,경상사고,0,0,1,0,차대차 - 기타,안전운전불이행,건조,맑음,교차로 - 교차로부근,화물,남,42세,상해없음,승용,남,49세,경상
2013050200100227,2013년 5월 2일 12시,목요일,울산광역시 남구 신정동,경상사고,0,0,2,0,차대차 - 측면직각충돌,차로위반,건조,맑음,교차로 - 교차로부근,승용,남,67세,상해없음,승용,여,22세,경상
2013050200100317,2013년 5월 2일 15시,목요일,울산광역시 동구 전하동,중상사고,0,1,0,0,차대사람 - 횡단중,보행자보호의무위반,건조,맑음,단일로 - 횡단보도상,승용,남,67세,상해없음,보행자,여,50세,중상
2013050200100318,2013년 5월 2일 15시,목요일,울산광역시 북구 양정동,중상사고,0,1,0,0,차대차 - 기타,직진우회전진행방해,건조,맑음,교차로 - 교차로안,승합,남,37세,상해없음,이륜,남,34세,중상
2013050200100346,2013년 5월 2일 16시,목요일,울산광역시 울주군 상북면,사망사고,1,0,0,0,차량단독 - 공작물충돌,안전운전불이행,습기,비,단일로 - 기타,원동기,남,41세,사망,,,,
2013050200100394,2013년 5월 2일 17시,목요일,울산광역시 남구 삼산동,중상사고,0,1,0,0,차대차 - 정면충돌,안전운전불이행,건조,맑음,교차로 - 교차로안,이륜,남,17세,중상,승용,남,45세,상해없음
2013050200100464,2013년 5월 2일 19시,목요일,울산광역시 중구 반구동,경상사고,0,0,1,1,차대차 - 추돌 - 주정차중,안전운전불이행,습기,비,단일로 - 기타,화물,남,21세,상해없음,승용,남,31세,경상
2013050200100465,2013년 5월 2일 19시,목요일,울산광역시 동구 서부동,중상사고,0,1,0,0,차대차 - 추돌 - 진행중,안전운전불이행,습기,비,단일로 - 기타,승용,기타불명,기타불명,기타불명,이륜,남,60세,중상
2013050200100502,2013년 5월 2일 20시,목요일,울산광역시 남구 무거동,경상사고,0,0,1,0,차대차 - 측면직각충돌,교차로운행방법위반,습기,비,교차로 - 교차로안,이륜,남,49세,경상,승용,여,22세,상해없음
2013050200100503,2013년 5월 2일 20시,목요일,울산광역시 울주군 온산읍,경상사고,0,0,1,0,차대차 - 기타,신호위반,습기,비,교차로 - 교차로안,화물,남,51세,상해없음,승용,남,55세,경상
2013050200100536,2013년 5월 2일 21시,목요일,울산광역시 북구 중산동,중상사고,0,2,0,0,차대차 - 측면직각충돌,신호위반,건조,맑음,교차로 - 교차로안,화물,남,61세,상해없음,승용,남,43세,중상
2013050200100593,2013년 5월 2일 23시,목요일,울산광역시 동구 화정동,중상사고,0,2,0,0,차대차 - 추돌 - 진행중,안전운전불이행,습기,흐림,교차로 - 교차로안,이륜,남,68세,중상,이륜,남,35세,중상
2013050200100594,2013년 5월 2일 23시,목요일,울산광역시 북구 염포동,경상사고,0,0,1,0,차대차 - 기타,신호위반,건조,맑음,교차로 - 교차로안,승용,남,29세,상해없음,승용,남,51세,경상
2013050200100595,2013년 5월 2일 23시,목요일,울산광역시 북구 염포동,경상사고,0,0,2,0,차대차 - 추돌 - 진행중,안전운전불이행,건조,맑음,교차로 - 교차로안,원동기,남,21세,상해없음,승용,여,51세,경상
2013050300100029,2013년 5월 3일 00시,금요일,울산광역시 남구 달동,경상사고,0,0,1,0,차대차 - 기타,안전운전불이행,기타,기타,교차로 - 교차로부근,승용,남,36세,상해없음,승용,남,47세,경상
2013050300100030,2013년 5월 3일 00시,금요일,울산광역시 동구 방어동,경상사고,0,0,1,0,차대사람 - 기타,안전운전불이행,습기,비,기타 - 기타,승용,여,37세,상해없음,보행자,남,22세,경상
2013050300100042,2013년 5월 3일 01시,금요일,울산광역시 북구 호계동,경상사고,0,0,1,0,차량단독 - 전도전복,과속,건조,맑음,단일로 - 기타,승용,남,44세,상해없음,,,,
2013050300100081,2013년 5월 3일 05시,금요일,울산광역시 중구 다운동,사망사고,1,0,0,0,차대사람 - 기타,신호위반,건조,흐림,단일로 - 횡단보도상,승용,남,29세,상해없음,보행자,남,76세,사망
2013050300100169,2013년 5월 3일 08시,금요일,울산광역시 남구 두왕동,중상사고,0,2,0,0,차대차 - 추돌 - 진행중,안전운전불이행,건조,맑음,단일로 - 기타,승용,남,23세,상해없음,승용,남,53세,중상
2013050300100245,2013년 5월 3일 11시,금요일,울산광역시 중구 반구동,부상신고사고,0,0,0,1,차대차 - 측면직각충돌,안전운전불이행,건조,맑음,단일로 - 기타,승용,남,31세,기타불명,자전거,남,17세,부상신고
2013050300100436,2013년 5월 3일 17시,금요일,울산광역시 남구 무거동,중상사고,0,1,0,0,차대사람 - 횡단중,안전운전불이행,건조,맑음,단일로 - 횡단보도상,승용,남,45세,상해없음,보행자,남,12세,중상
2013050300100437,2013년 5월 3일 17시,금요일,울산광역시 남구 삼산동,중상사고,0,1,1,0,차대차 - 추돌 - 주정차중,교차로운행방법위반,건조,맑음,교차로 - 교차로안,승용,남,39세,상해없음,승합,남,40세,상해없음
2013050300100518,2013년 5월 3일 19시,금요일,울산광역시 북구 진장동,중상사고,0,1,5,0,차대차 - 측면직각충돌,신호위반,습기,비,교차로 - 교차로안,승용,남,18세,경상,승용,남,35세,경상
2013050300100519,2013년 5월 3일 19시,금요일,울산광역시 남구 신정동,중상사고,0,1,0,0,차대사람 - 차도통행중,안전운전불이행,습기,비,교차로 - 교차로안,승용,남,52세,상해없음,보행자,여,59세,중상
2013050300100558,2013년 5월 3일 20시,금요일,울산광역시 중구 다운동,부상신고사고,0,0,0,1,차대차 - 추돌 - 진행중,교차로운행방법위반,습기,비,교차로 - 교차로안,승용,남,35세,상해없음,이륜,남,16세,부상신고
2013050300100559,2013년 5월 3일 20시,금요일,울산광역시 동구 전하동,경상사고,0,0,1,0,차대사람 - 횡단중,신호위반,건조,맑음,단일로 - 횡단보도상,승용,남,66세,상해없음,보행자,남,21세,경상
2013050300100603,2013년 5월 3일 21시,금요일,울산광역시 중구 태화동,중상사고,0,1,0,0,차대사람 - 횡단중,안전운전불이행,습기,비,단일로 - 기타,승용,여,50세,상해없음,보행자,남,17세,중상
2013050300100604,2013년 5월 3일 21시,금요일,울산광역시 중구 다운동,경상사고,0,0,1,0,차대사람 - 횡단중,안전운전불이행,습기,비,교차로 - 교차로안,승용,남,45세,상해없음,보행자,남,13세,경상
2013050300100605,2013년 5월 3일 21시,금요일,울산광역시 남구 삼산동,중상사고,0,1,0,0,차대사람 - 횡단중,신호위반,건조,맑음,단일로 - 횡단보도상,승용,남,54세,상해없음,보행자,남,58세,중상
2013050300100650,2013년 5월 3일 22시,금요일,울산광역시 중구 복산동,경상사고,0,0,1,0,차대차 - 측면직각충돌,교차로운행방법위반,습기,비,교차로 - 교차로안,승용,남,42세,상해없음,승합,남,47세,상해없음
2013050300100651,2013년 5월 3일 22시,금요일,울산광역시 남구 무거동,중상사고,0,1,0,0,차대차 - 측면직각충돌,안전운전불이행,습기,비,단일로 - 기타,승용,남,45세,상해없음,자전거,남,51세,중상
2013050300100652,2013년 5월 3일 22시,금요일,울산광역시 동구 전하동,중상사고,0,1,0,0,차대차 - 기타,신호위반,건조,맑음,단일로 - 횡단보도상,이륜,남,23세,상해없음,자전거,남,21세,중상
2013050300100653,2013년 5월 3일 22시,금요일,울산광역시 울주군 온산읍,중상사고,0,1,0,0,차대사람 - 횡단중,안전운전불이행,습기,비,교차로 - 교차로부근,승용,남,53세,상해없음,보행자,남,29세,중상
2013050400100030,2013년 5월 4일 00시,토요일,울산광역시 북구 중산동,경상사고,0,0,1,0,차대차 - 추돌 - 진행중,안전운전불이행,건조,맑음,교차로 - 교차로안,승용,남,29세,상해없음,승용,남,68세,경상
2013050400100031,2013년 5월 4일 00시,토요일,울산광역시 동구 화정동,경상사고,0,0,1,0,차대차 - 측면직각충돌,신호위반,건조,맑음,교차로 - 교차로안,승용,남,50세,상해없음,승용,남,41세,경상
2013050400100052,2013년 5월 4일 01시,토요일,울산광역시 동구 일산동,중상사고,0,1,0,0,차대차 - 기타,안전운전불이행,습기,흐림,교차로 - 교차로안,승용,여,43세,상해없음,이륜,남,30세,중상
2013050400100083,2013년 5월 4일 03시,토요일,울산광역시 남구 무거동,경상사고,0,0,3,0,차대차 - 추돌 - 진행중,안전운전불이행,건조,맑음,교차로 - 교차로부근,승용,남,29세,상해없음,승용,남,26세,경상
2013050400100092,2013년 5월 4일 04시,토요일,울산광역시 남구 달동,중상사고,0,1,0,0,차대차 - 측면직각충돌,신호위반,건조,맑음,교차로 - 교차로안,승용,남,65세,상해없음,승용,남,30세,중상
2013050400100105,2013년 5월 4일 05시,토요일,울산광역시 남구 신정동,중상사고,0,1,0,0,차대차 - 측면직각충돌,안전운전불이행,건조,맑음,교차로 - 교차로안,승용,남,58세,상해없음,자전거,남,68세,중상
2013050400100259,2013년 5월 4일 12시,토요일,울산광역시 북구 명촌동,경상사고,0,0,1,0,차대차 - 추돌 - 진행중,안전운전불이행,건조,맑음,단일로 - 기타,승용,남,46세,상해없음,이륜,남,19세,상해없음
2013050400100290,2013년 5월 4일 13시,토요일,울산광역시 남구 신정동,중상사고,0,1,0,0,차량단독 - 기타,기타,건조,맑음,단일로 - 기타,승합,남,37세,상해없음,,,,
2013050400100291,2013년 5월 4일 13시,토요일,울산광역시 남구 신정동,경상사고,0,0,4,0,차대차 - 기타,안전운전불이행,건조,맑음,기타 - 기타,승용,남,73세,상해없음,승용,남,26세,경상
2013050400100292,2013년 5월 4일 13시,토요일,울산광역시 동구 방어동,경상사고,0,0,1,0,차대사람 - 기타,안전운전불이행,건조,맑음,단일로 - 기타,화물,남,38세,상해없음,보행자,남,58세,경상
2013050400100293,2013년 5월 4일 13시,토요일,울산광역시 울주군 온양읍,중상사고,0,1,0,0,차대차 - 기타,안전운전불이행,건조,맑음,단일로 - 기타,기타불명,기타불명,기타불명,기타불명,화물,남,26세,상해없음
2013050400100332,2013년 5월 4일 14시,토요일,울산광역시 북구 연암동,중상사고,0,1,0,0,차대차 - 기타,안전운전불이행,건조,맑음,교차로 - 교차로안,화물,남,53세,상해없음,자전거,남,39세,중상
2013050400100536,2013년 5월 4일 20시,토요일,울산광역시 남구 삼산동,경상사고,0,0,1,0,차대사람 - 길가장자리구역통행중,교차로운행방법위반,건조,맑음,교차로 - 교차로부근,승용,여,36세,상해없음,보행자,남,35세,경상
2013050400100601,2013년 5월 4일 22시,토요일,울산광역시 동구 방어동,경상사고,0,0,1,0,차대차 - 측면직각충돌,안전운전불이행,건조,맑음,단일로 - 기타,승용,남,27세,상해없음,승용,남,50세,경상
2013050500100019,2013년 5월 5일 00시,일요일,울산광역시 남구 삼산동,경상사고,0,0,1,0,차대사람 - 횡단중,안전운전불이행,건조,맑음,단일로 - 기타,승용,남,35세,상해없음,보행자,남,30세,경상
2013050500100066,2013년 5월 5일 03시,일요일,울산광역시 남구 삼산동,경상사고,0,0,2,0,차대사람 - 길가장자리구역통행중,안전운전불이행,건조,맑음,교차로 - 교차로부근,승용,남,26세,상해없음,보행자,남,20세,경상
2013050500100104,2013년 5월 5일 06시,일요일,울산광역시 울주군 온산읍,경상사고,0,0,1,0,차대사람 - 횡단중,안전운전불이행,건조,맑음,교차로 - 교차로안,화물,남,40세,상해없음,보행자,여,68세,경상
2013050500100116,2013년 5월 5일 07시,일요일,울산광역시 중구 반구동,중상사고,0,1,2,0,차대차 - 측면직각충돌,신호위반,건조,맑음,교차로 - 교차로안,승용,여,61세,경상,승용,남,60세,상해없음
2013050500100173,2013년 5월 5일 10시,일요일,울산광역시 동구 방어동,경상사고,0,0,1,0,차대사람 - 기타,안전운전불이행,건조,맑음,단일로 - 기타,기타불명,기타불명,기타불명,기타불명,보행자,남,4세,경상
2013050500100215,2013년 5월 5일 12시,일요일,울산광역시 남구 신정동,중상사고,0,1,0,0,차대차 - 기타,안전운전불이행,건조,맑음,단일로 - 기타,승용,여,37세,상해없음,자전거,남,45세,중상
2013050500100243,2013년 5월 5일 13시,일요일,울산광역시 북구 효문동,중상사고,0,1,0,0,차대차 - 측면직각충돌,안전거리미확보,건조,맑음,단일로 - 기타,이륜,남,45세,중상,승합,남,39세,상해없음
2013050500100287,2013년 5월 5일 15시,일요일,울산광역시 울주군 언양읍,중상사고,0,2,0,0,차대차 - 측면직각충돌,안전거리미확보,건조,맑음,단일로 - 기타,승용,남,39세,상해없음,승용,남,28세,중상
2013050500100317,2013년 5월 5일 15시,일요일,울산광역시 울주군 서생면,부상신고사고,0,0,0,1,차대사람 - 횡단중,안전운전불이행,건조,맑음,단일로 - 기타,승용,여,25세,상해없음,보행자,남,35세,부상신고
2013050500100406,2013년 5월 5일 18시,일요일,울산광역시 울주군 두서면,경상사고,0,0,3,0,차대차 - 기타,안전운전불이행,건조,맑음,단일로 - 기타,승용,남,49세,상해없음,승용,남,36세,경상
2013050500100468,2013년 5월 5일 19시,일요일,울산광역시 중구 성남동,중상사고,0,1,0,0,차대차 - 측면직각충돌,신호위반,건조,맑음,교차로 - 교차로안,승용,여,28세,상해없음,이륜,남,24세,중상
2013050500100527,2013년 5월 5일 21시,일요일,울산광역시 남구 달동,중상사고,0,1,0,0,차대사람 - 횡단중,안전운전불이행,건조,맑음,교차로 - 교차로부근,화물,남,42세,상해없음,보행자,남,56세,중상
2013050500100528,2013년 5월 5일 21시,일요일,울산광역시 울주군 청량면,중상사고,0,1,4,0,차대차 - 측면직각충돌,신호위반,건조,맑음,교차로 - 교차로안,승용,여,43세,경상,승용,남,41세,중상