사고번호,사고일시,요일,시군구,사고내용,사망자수,중상자수,경상자수,부상신고자수,사고유형,법규위반,노면상태,기상상태,도로형태,가해운전자 차종,가해운전자 성별,가해운전자 연령,가해운전자 상해정도,피해운전자 차종,피해운전자 성별,피해운전자 연령,피해운전자 상해정도
2013053000100270,2013년 5월 30일 12시,목요일,울산광역시 북구 화봉동,경상사고,0,0,1,0,차대차 - 측면직각충돌,안전거리미확보,건조,맑음,단일로 - 기타,화물,남,41세,상해없음,승용,여,40세,경상
2013053000100382,2013년 5월 30일 16시,목요일,울산광역시 중구 반구동,경상사고,0,0,1,0,차대차 - 추돌 - 주정차중,안전거리미확보,건조,맑음,교차로 - 교차로부근,승합,남,35세,상해없음,승용,여,48세,경상
2013053000100477,2013년 5월 30일 19시,목요일,울산광역시 중구 반구동,경상사고,0,0,1,0,차대차 - 기타,안전운전불이행,건조,맑음,단일로 - 기타,화물,남,45세,상해없음,자전거,남,44세,경상
2013053000100478,2013년 5월 30일 19시,목요일,울산광역시 남구 야음동,중상사고,0,1,0,0,차대차 - 측면직각충돌,교차로운행방법위반,건조,맑음,교차로 - 교차로안,이륜,남,29세,중상,승용,남,54세,상해없음
2013053000100479,2013년 5월 30일 19시,목요일,울산광역시 울주군 온산읍,경상사고,0,0,1,0,차대차 - 측면직각충돌,신호위반,건조,맑음,교차로 - 교차로안,승용,남,42세,상해없음,승용,여,47세,경상
2013053000100637,2013년 5월 30일 23시,목요일,울산광역시 울주군 언양읍,중상사고,0,1,0,0,차대차 - 기타,안전운전불이행,건조,맑음,단일로 - 기타,승용,남,26세,중상,승용,남,40세,상해없음
2013053100100076,2013년 5월 31일 04시,금요일,울산광역시 울주군 상북면,경상사고,0,0,1,0,차대사람 - 기타,안전운전불이행,건조,맑음,단일로 - 기타,승용,남,62세,상해없음,보행자,남,30세,경상
2013053100100151,2013년 5월 31일 08시,금요일,울산광역시 중구 우정동,경상사고,0,0,1,0,차대사람 - 기타,안전운전불이행,건조,맑음,단일로 - 기타,승용,여,56세,상해없음,보행자,여,45세,경상
2013053100100212,2013년 5월 31일 10시,금요일,울산광역시 남구 삼산동,경상사고,0,0,1,0,차대사람 - 횡단중,교차로운행방법위반,건조,맑음,교차로 - 교차로부근,승용,남,44세,상해없음,보행자,남,37세,경상
2013053100100242,2013년 5월 31일 11시,금요일,울산광역시 중구 다운동,경상사고,0,0,1,0,차대사람 - 기타,안전운전불이행,건조,맑음,단일로 - 기타,승용,여,41세,상해없음,보행자,남,75세,경상
2013053100100243,2013년 5월 31일 11시,금요일,울산광역시 남구 삼산동,중상사고,0,1,0,0,차대차 - 측면직각충돌,교차로운행방법위반,건조,맑음,교차로 - 교차로안,화물,남,32세,상해없음,이륜,남,26세,중상
2013053100100244,2013년 5월 31일 11시,금요일,울산광역시 동구 전하동,중상사고,0,1,0,0,차대사람 - 기타,안전운전불이행,건조,맑음,기타 - 기타,화물,남,37세,상해없음,보행자,남,87세,중상
2013053100100270,2013년 5월 31일 12시,금요일,울산광역시 남구 달동,중상사고,0,1,0,0,차량단독 - 기타,안전운전불이행,건조,맑음,단일로 - 기타,승합,남,57세,상해없음,,,,
2013053100100297,2013년 5월 31일 13시,금요일,울산광역시 남구 달동,경상사고,0,0,1,0,차대사람 - 기타,안전운전불이행,기타,기타,기타 - 기타,승용,남,43세,상해없음,보행자,여,37세,경상
2013053100100298,2013년 5월 31일 13시,금요일,울산광역시 남구 야음동,경상사고,0,0,1,0,차대사람 - 기타,불법유턴,건조,맑음,기타 - 기타,승용,남,53세,상해없음,보행자,여,60세,경상
2013053100100435,2013년 5월 31일 17시,금요일,울산광역시 북구 신천동,경상사고,0,0,1,0,차대차 - 측면직각충돌,안전운전불이행,건조,맑음,단일로 - 기타,승용,남,38세,상해없음,승용,남,32세,경상
2013053100100436,2013년 5월 31일 17시,금요일,울산광역시 북구 효문동,중상사고,0,1,0,0,차대차 - 측면직각충돌,안전운전불이행,건조,맑음,단일로 - 기타,기타불명,기타불명,기타불명,기타불명,승용,남,25세,상해없음
2013053100100483,2013년 5월 31일 18시,금요일,울산광역시 동구 일산동,경상사고,0,0,1,0,차대차 - 정면충돌,신호위반,건조,맑음,교차로 - 교차로안,승용,남,51세,상해없음,이륜,남,43세,경상
2013053100100561,2013년 5월 31일 20시,금요일,울산광역시 남구 신정동,중상사고,0,1,0,0,차대차 - 기타,교차로운행방법위반,건조,맑음,교차로 - 교차로안,승용,남,54세,상해없음,이륜,남,44세,중상
2013060100100026,2013년 6월 1일 00시,토요일,울산광역시 중구 우정동,경상사고,0,0,2,0,차대차 - 측면직각충돌,신호위반,건조,맑음,교차로 - 교차로안,승용,여,60세,상해없음,승용,남,59세,경상
2013060100100027,2013년 6월 1일 00시,토요일,울산광역시 울주군 삼남면,경상사고,0,0,2,0,차대차 - 기타,안전운전불이행,건조,맑음,단일로 - 기타,승용,남,32세,상해없음,승용,남,30세,경상
2013060100100150,2013년 6월 1일 07시,토요일,울산광역시 북구 신천동,중상사고,0,1,1,0,차대사람 - 기타,안전운전불이행,건조,맑음,단일로 - 기타,승용,남,25세,상해없음,보행자,남,69세,중상
2013060100100151,2013년 6월 1일 07시,토요일,울산광역시 울주군 청량면,중상사고,0,1,0,0,차량단독 - 공작물충돌,안전운전불이행,건조,맑음,단일로 - 기타,승용,남,22세,중상,,,,
2013060100100252,2013년 6월 1일 11시,토요일,울산광역시 북구 시례동,중상사고,0,1,0,0,차대차 - 기타,안전운전불이행,건조,맑음,교차로 - 교차로안,승용,여,39세,상해없음,원동기,남,73세,중상
2013060100100253,2013년 6월 1일 11시,토요일,울산광역시 중구 반구동,경상사고,0,0,1,0,차대차 - 기타,안전운전불이행,건조,맑음,교차로 - 교차로안,기타불명,기타불명,기타불명,기타불명,자전거,남,74세,경상
2013060100100254,2013년 6월 1일 11시,토요일,울산광역시 남구 달동,중상사고,0,1,0,0,차대사람 - 보도통행중,안전운전불이행,건조,맑음,단일로 - 기타,승용,남,25세,상해없음,보행자,여,22세,중상
2013060100100384,2013년 6월 1일 15시,토요일,울산광역시 북구 중산동,부상신고사고,0,0,0,1,차대차 - 추돌 - 주정차중,안전운전불이행,건조,맑음,단일로 - 기타,기타불명,기타불명,기타불명,기타불명,승용,남,45세,상해없음
2013060100100385,2013년 6월 1일 15시,토요일,울산광역시 남구 무거동,중상사고,0,3,7,0,차대차 - 추돌 - 진행중,안전운전불이행,건조,맑음,교차로 - 교차로부근,승합,남,47세,상해없음,승합,남,56세,경상
2013060100100413,2013년 6월 1일 16시,토요일,울산광역시 중구 학성동,중상사고,0,1,0,0,차대사람 - 기타,안전운전불이행,건조,맑음,단일로 - 기타,승용,남,31세,상해없음,보행자,여,76세,중상
2013060100100531,2013년 6월 1일 19시,토요일,울산광역시 남구 삼산동,경상사고,0,0,1,0,차대차 - 기타,안전운전불이행,기타,기타,단일로 - 기타,승용,남,56세,상해없음,승용,남,30세,경상
2013060100100532,2013년 6월 1일 19시,토요일,울산광역시 울주군 상북면,부상신고사고,0,0,0,1,차대차 - 기타,교차로운행방법위반,건조,맑음,교차로 - 교차로안,이륜,남,49세,부상신고,승용,남,53세,상해없음
2013060100100600,2013년 6월 1일 21시,토요일,울산광역시 남구 삼산동,경상사고,0,0,1,0,차대차 - 기타,안전운전불이행,기타,기타,단일로 - 기타,승용,남,44세,상해없음,승용,남,70세,경상
2013060100100626,2013년 6월 1일 22시,토요일,울산광역시 중구 학성동,부상신고사고,0,0,0,1,차대차 - 추돌 - 진행중,안전거리미확보,건조,맑음,교차로 - 교차로안,이륜,남,15세,부상신고,승용,남,56세,상해없음
2013060200100079,2013년 6월 2일 03시,일요일,울산광역시 남구 여천동,경상사고,0,0,1,0,차량단독 - 공작물충돌,안전운전불이행,건조,맑음,단일로 - 기타,승용,남,24세,상해없음,,,,
2013060200100133,2013년 6월 2일 07시,일요일,울산광역시 남구 달동,중상사고,0,1,0,0,차대차 - 측면직각충돌,교차로운행방법위반,건조,맑음,교차로 - 교차로안,승용,남,63세,상해없음,승용,여,57세,중상
2013060200100256,2013년 6월 2일 13시,일요일,울산광역시 남구 상개동,경상사고,0,0,2,0,차대차 - 측면직각충돌,안전운전불이행,건조,맑음,단일로 - 기타,승용,남,30세,상해없음,승용,여,37세,경상
2013060200100309,2013년 6월 2일 15시,일요일,울산광역시 남구 무거동,중상사고,0,1,0,0,차대사람 - 횡단중,보행자보호의무위반,건조,맑음,단일로 - 횡단보도상,승용,남,40세,상해없음,보행자,여,71세,중상
2013060200100376,2013년 6월 2일 17시,일요일,울산광역시 남구 두왕동,중상사고,0,1,0,0,차대차 - 추돌 - 진행중,안전거리미확보,건조,맑음,단일로 - 기타,승용,기타불명,기타불명,기타불명,승용,남,36세,중상
2013060200100377,2013년 6월 2일 17시,일요일,울산광역시 남구 삼산동,경상사고,0,0,1,0,차대차 - 기타,중앙선침범,건조,맑음,단일로 - 기타,승용,기타불명,기타불명,기타불명,자전거,남,59세,경상
2013060200100378,2013년 6월 2일 17시,일요일,울산광역시 울주군 범서읍,경상사고,0,0,3,1,차대차 - 기타,안전거리미확보,건조,맑음,단일로 - 기타,승용,남,57세,상해없음,승용,남,48세,부상신고
2013060200100404,2013년 6월 2일 18시,일요일,울산광역시 북구 호계동,중상사고,0,1,0,0,차대차 - 추돌 - 진행중,안전운전불이행,건조,맑음,교차로 - 교차로안,원동기,남,52세,중상,승용,남,39세,상해없음
2013060200100405,2013년 6월 2일 18시,일요일,울산광역시 남구 선암동,경상사고,0,0,1,0,차대차 - 추돌 - 주정차중,안전운전불이행,건조,맑음,단일로 - 기타,승용,남,61세,상해없음,승용,남,53세,경상
2013060200100437,2013년 6월 2일 19시,일요일,울산광역시 동구 전하동,경상사고,0,0,1,0,차대차 - 기타,기타,건조,맑음,단일로 - 기타,승용,남,50세,상해없음,이륜,남,30세,경상
2013060200100469,2013년 6월 2일 20시,일요일,울산광역시 남구 삼산동,경상사고,0,0,2,0,차대차 - 측면직각충돌,신호위반,건조,맑음,교차로 - 교차로안,승용,남,28세,경상,승용,남,68세,경상
2013060200100497,2013년 6월 2일 21시,일요일,울산광역시 중구 서동,부상신고사고,0,0,0,1,차대차 - 추돌 - 주정차중,안전운전불이행,건조,맑음,단일로 - 기타,승용,남,60세,부상신고,승용,남,74세,상해없음
2013060200100498,2013년 6월 2일 21시,일요일,울산광역시 남구 무거동,경상사고,0,0,1,0,차대사람 - 차도통행중,안전운전불이행,건조,맑음,단일로 - 기타,이륜,남,19세,상해없음,보행자,여,12세,경상
2013060200100499,2013년 6월 2일 21시,일요일,울산광역시 동구 방어동,경상사고,0,0,1,0,차대사람 - 기타,안전운전불이행,건조,맑음,교차로 - 교차로부근,이륜,남,49세,상해없음,보행자,남,35세,경상
2013060300100012,2013년 6월 3일 00시,월요일,울산광역시 남구 삼산동,중상사고,0,1,0,0,차대차 - 측면직각충돌,신호위반,건조,맑음,교차로 - 교차로안,승용,남,53세,상해없음,승용,여,46세,중상
2013060300100062,2013년 6월 3일 06시,월요일,울산광역시 북구 염포동,중상사고,0,1,6,0,차대차 - 추돌 - 주정차중,안전운전불이행,건조,맑음,교차로 - 교차로부근,화물,남,42세,상해없음,승용,남,42세,중상
2013060300100128,2013년 6월 3일 08시,월요일,울산광역시 중구 남외동,부상신고사고,0,0,0,1,차대차 - 측면직각충돌,안전운전불이행,건조,맑음,교차로 - 교차로부근,이륜,남,66세,부상신고,승용,여,39세,상해없음
2013060300100218,2013년 6월 3일 11시,월요일,울산광역시 북구 명촌동,경상사고,0,0,2,0,차대차 - 추돌 - 진행중,안전운전불이행,건조,맑음,단일로 - 기타,화물,남,43세,상해없음,승용,여,49세,경상
2013060300100244,2013년 6월 3일 12시,월요일,울산광역시 동구 동부동,경상사고,0,0,1,0,차대사람 - 보도통행중,보행자보호의무위반,건조,맑음,교차로 - 교차로안,승용,여,34세,상해없음,보행자,남,23세,경상
2013060300100276,2013년 6월 3일 13시,월요일,울산광역시 남구 달동,중상사고,0,1,0,0,차대차 - 측면직각충돌,교차로운행방법위반,건조,맑음,교차로 - 교차로안,승용,여,57세,상해없음,이륜,남,49세,중상
2013060300100436,2013년 6월 3일 18시,월요일,울산광역시 중구 우정동,경상사고,0,0,1,0,차대차 - 정면충돌,직진우회전진행방해,건조,맑음,교차로 - 교차로안,승용,여,43세,상해없음,승용,여,47세,경상
2013060300100437,2013년 6월 3일 18시,월요일,울산광역시 남구 야음동,경상사고,0,0,1,0,차대차 - 측면직각충돌,교차로운행방법위반,건조,맑음,교차로 - 교차로부근,승용,여,48세,상해없음,자전거,남,65세,경상
2013060300100514,2013년 6월 3일 20시,월요일,울산광역시 울주군 서생면,중상사고,0,1,0,0,차대차 - 측면직각충돌,중앙선침범,건조,흐림,단일로 - 기타,승용,여,41세,상해없음,승용,남,58세,중상
2013060300100546,2013년 6월 3일 21시,월요일,울산광역시 북구 중산동,경상사고,0,0,1,0,차대사람 - 기타,안전운전불이행,건조,맑음,단일로 - 기타,화물,남,48세,상해없음,보행자,여,55세,경상
2013060300100580,2013년 6월 3일 22시,월요일,울산광역시 중구 북정동,중상사고,0,1,0,0,차대차 - 추돌 - 주정차중,안전운전불이행,건조,맑음,단일로 - 기타,승용,남,48세,상해없음,승용,남,49세,중상
2013060300100581,2013년 6월 3일 22시,월요일,울산광역시 남구 삼산동,중상사고,0,1,0,0,차대차 - 측면직각충돌,신호위반,건조,맑음,교차로 - 교차로안,화물,남,53세,상해없음,이륜,남,43세,중상
2013060300100582,2013년 6월 3일 22시,월요일,울산광역시 울주군 온산읍,경상사고,0,0,1,0,차대차 - 추돌 - 주정차중,안전운전불이행,건조,맑음,단일로 - 기타,승용,남,48세,상해없음,승용,남,55세,경상
2013060400100114,2013년 6월 4일 07시,화요일,울산광역시 남구 신정동,경상사고,0,0,3,0,차대차 - 기타,안전거리미확보,건조,맑음,교차로 - 교차로안,승용,남,30세,상해없음,화물,남,39세,상해없음
2013060400100115,2013년 6월 4일 07시,화요일,울산광역시 울주군 청량면,경상사고,0,0,1,0,차대차 - 측면직각충돌,중앙선침범,건조,맑음,단일로 - 기타,승용,남,22세,상해없음,승용,남,54세,경상
2013060400100156,2013년 6월 4일 08시,화요일,울산광역시 울주군 삼남면,경상사고,0,0,1,0,차대차 - 측면직각충돌,신호위반,건조,맑음,교차로 - 교차로안,승합,남,48세,상해없음,화물,남,64세,경상
2013060400100363,2013년 6월 4일 16시,화요일,울산광역시 남구 삼산동,경상사고,0,0,1,0,차대사람 - 길가장자리구역통행중,안전운전불이행,건조,맑음,단일로 - 기타,승용,여,27세,상해없음,보행자,여,48세,경상
2013060400100364,2013년 6월 4일 16시,화요일,울산광역시 동구 화정동,경상사고,0,0,1,0,차대차 - 측면직각충돌,안전거리미확보,건조,맑음,단일로 - 기타,승용,남,58세,상해없음,승용,여,37세,경상
2013060400100442,2013년 6월 4일 18시,화요일,울산광역시 남구 달동,중상사고,0,1,0,0,차대차 - 측면직각충돌,안전운전불이행,건조,맑음,단일로 - 기타,승용,남,36세,상해없음,이륜,남,35세,중상
2013060400100443,2013년 6월 4일 18시,화요일,울산광역시 울주군 범서읍,부상신고사고,0,0,0,1,차대차 - 기타,안전운전불이행,건조,맑음,교차로 - 교차로안,자전거,남,12세,부상신고,승용,남,44세,상해없음
2013060400100514,2013년 6월 4일 20시,화요일,울산광역시 남구 무거동,중상사고,0,1,0,0,차대사람 - 기타,보행자보호의무위반,기타,기타,단일로 - 기타,승용,여,58세,상해없음,보행자,여,10세,중상
2013060400100559,2013년 6월 4일 22시,화요일,울산광역시 남구 삼산동,중상사고,0,1,0,0,차대차 - 기타,안전운전불이행,건조,맑음,교차로 - 교차로안,승용,남,42세,상해없음,승용,남,48세,중상
2013060400100560,2013년 6월 4일 22시,화요일,울산광역시 동구 방어동,중상사고,0,1,0,0,차대사람 - 횡단중,신호위반,건조,맑음,단일로 - 기타,승용,남,26세,상해없음,보행자,남,37세,중상
2013060500100022,2013년 6월 5일 00시,수요일,울산광역시 울주군 웅촌면,중상사고,0,1,0,0,차대사람 - 기타,안전운전불이행,건조,맑음,단일로 - 기타,승용,남,27세,상해없음,보행자,남,42세,중상
2013060500100043,2013년 6월 5일 01시,수요일,울산광역시 동구 화정동,중상사고,0,1,0,0,차대사람 - 횡단중,안전운전불이행,건조,맑음,교차로 - 교차로안,승용,남,46세,상해없음,보행자,남,24세,중상
2013060500100061,2013년 6월 5일 03시,수요일,울산광역시 울주군 범서읍,중상사고,0,1,0,0,차대사람 - 횡단중,안전운전불이행,기타,흐림,교차로 - 교차로안,승합,남,37세,상해없음,보행자,남,69세,중상
2013060500100100,2013년 6월 5일 06시,수요일,울산광역시 중구 태화동,중상사고,0,1,0,0,차대차 - 기타,중앙선침범,건조,맑음,교차로 - 교차로부근,승용,남,58세,상해없음,이륜,남,26세,중상
2013060500100130,2013년 6월 5일 07시,수요일,울산광역시 동구 전하동,경상사고,0,0,1,0,차대차 - 측면직각충돌,교차로운행방법위반,건조,맑음,교차로 - 교차로안,승용,남,49세,상해없음,자전거,남,17세,경상
2013060500100239,2013년 6월 5일 11시,수요일,울산광역시 남구 상개동,경상사고,0,0,4,0,차대차 - 기타,안전운전불이행,기타,기타,단일로 - 기타,이륜,남,59세,상해없음,승용,남,38세,경상
2013060500100240,2013년 6월 5일 11시,수요일,울산광역시 남구 매암동,경상사고,0,0,1,0,차대차 - 기타,신호위반,건조,맑음,교차로 - 교차로안,승합,남,39세,상해없음,승용,남,47세,경상
2013060500100256,2013년 6월 5일 12시,수요일,울산광역시 중구 남외동,중상사고,0,1,0,0,차대차 - 측면직각충돌,신호위반,건조,맑음,교차로 - 교차로안,원동기,남,59세,중상,승용,남,34세,상해없음
2013060500100288,2013년 6월 5일 13시,수요일,울산광역시 남구 신정동,중상사고,0,1,0,0,차대사람 - 횡단중,안전운전불이행,건조,맑음,단일로 - 기타,승용,여,37세,상해없음,보행자,여,60세,중상
2013060500100312,2013년 6월 5일 14시,수요일,울산광역시 북구 호계동,중상사고,0,1,0,0,차대차 - 측면직각충돌,중앙선침범,건조,맑음,단일로 - 기타,승용,여,40세,상해없음,승용,여,57세,중상
2013060500100443,2013년 6월 5일 18시,수요일,울산광역시 중구 옥교동,중상사고,0,1,0,0,차대차 - 추돌 - 주정차중,안전운전불이행,건조,맑음,단일로 - 기타,승용,남,63세,상해없음,승용,남,71세,중상
2013060500100471,2013년 6월 5일 19시,수요일,울산광역시 중구 옥교동,중상사고,0,1,0,0,차대사람 - 횡단중,안전운전불이행,건조,맑음,교차로 - 교차로부근,승용,남,30세,기타불명,보행자,여,23세,중상
2013060500100472,2013년 6월 5일 19시,수요일,울산광역시 중구 복산동,경상사고,0,0,1,0,차대차 - 측면직각충돌,안전운전불이행,건조,맑음,단일로 - 기타,승용,남,67세,상해없음,승용,여,33세,경상
2013060500100516,2013년 6월 5일 20시,수요일,울산광역시 중구 남외동,경상사고,0,0,1,0,차대사람 - 기타,안전운전불이행,건조,맑음,교차로 - 교차로부근,승용,남,45세,상해없음,보행자,남,56세,경상
2013060500100549,2013년 6월 5일 21시,수요일,울산광역시 남구 무거동,중상사고,0,2,3,0,차대차 - 추돌 - 주정차중,안전운전불이행,건조,맑음,단일로 - 교량,승용,남,30세,상해없음,승용,남,23세,중상
2013060500100573,2013년 6월 5일 22시,수요일,울산광역시 남구 신정동,중상사고,0,1,0,0,차대사람 - 횡단중,안전운전불이행,건조,흐림,교차로 - 교차로부근,승용,남,52세,상해없음,보행자,남,54세,중상
2013060500100574,2013년 6월 5일 22시,수요일,울산광역시 남구 삼산동,중상사고,0,1,0,0,차대차 - 기타,교차로운행방법위반,건조,맑음,교차로 - 교차로안,승용,남,50세,상해없음,자전거,남,55세,중상
2013060500100604,2013년 6월 5일 23시,수요일,울산광역시 동구 일산동,중상사고,0,1,0,0,차대사람 - 기타,중앙선침범,건조,맑음,단일로 - 기타,승용,남,66세,상해없음,보행자,남,38세,중상
2013060500100605,2013년 6월 5일 23시,수요일,울산광역시 울주군 범서읍,중상사고,0,1,0,0,차대차 - 기타,중앙선침범,건조,맑음,교차로 - 교차로부근,승용,남,37세,상해없음,이륜,남,34세,중상
2013060600100023,2013년 6월 6일 00시,목요일,울산광역시 남구 삼산동,중상사고,0,1,0,0,차대사람 - 횡단중,중앙선침범,건조,맑음,단일로 - 기타,승용,남,45세,상해없음,보행자,여,34세,중상
2013060600100233,2013년 6월 6일 11시,목요일,울산광역시 울주군 상북면,중상사고,0,1,0,0,차대차 - 추돌 - 진행중,안전운전불이행,건조,맑음,단일로 - 기타,승용,여,60세,상해없음,자전거,여,58세,중상
2013060600100320,2013년 6월 6일 14시,목요일,울산광역시 울주군 웅촌면,중상사고,0,1,0,0,차대사람 - 기타,안전운전불이행,건조,맑음,단일로 - 기타,승용,남,32세,상해없음,보행자,남,54세,중상
2013060600100407,2013년 6월 6일 17시,목요일,울산광역시 남구 성암동,중상사고,0,3,5,0,차대차 - 추돌 - 주정차중,안전거리미확보,건조,맑음,단일로 - 기타,화물,남,54세,상해없음,승용,남,55세,중상
2013060600100408,2013년 6월 6일 17시,목요일,울산광역시 동구 전하동,경상사고,0,0,1,0,차대차 - 측면직각충돌,교차로운행방법위반,건조,맑음,교차로 - 교차로안,원동기,남,56세,상해없음,승용,여,49세,경상
2013060600100546,2013년 6월 6일 22시,목요일,울산광역시 남구 달동,경상사고,0,0,1,0,차대사람 - 기타,안전운전불이행,건조,맑음,교차로 - 교차로부근,승용,남,33세,상해없음,보행자,여,24세,경상
2013060700100022,2013년 6월 7일 01시,금요일,울산광역시 북구 송정동,경상사고,0,0,1,0,차대사람 - 횡단중,안전운전불이행,건조,맑음,교차로 - 교차로안,승용,남,40세,상해없음,보행자,여,53세,경상
2013060700100036,2013년 6월 7일 03시,금요일,울산광역시 중구 성안동,경상사고,0,0,2,0,차대차 - 측면직각충돌,안전운전불이행,건조,맑음,교차로 - 교차로안,승용,남,29세,상해없음,승용,남,26세,경상
2013060700100037,2013년 6월 7일 03시,금요일,울산광역시 남구 무거동,사망사고,1,1,1,0,차대차 - 추돌 - 진행중,안전운전불이행,건조,맑음,단일로 - 교량,승용,남,26세,경상,이륜,남,15세,중상
2013060700100067,2013년 6월 7일 06시,금요일,울산광역시 남구 야음동,경상사고,0,0,2,0,차대차 - 기타,안전운전불이행,기타,기타,단일로 - 기타,승용,남,46세,상해없음,승합,남,56세,경상
2013060700100068,2013년 6월 7일 06시,금요일,울산광역시 울주군 온산읍,경상사고,0,0,1,0,차대차 - 기타,안전운전불이행,건조,맑음,단일로 - 기타,이륜,남,44세,경상,승용,남,29세,상해없음
2013060700100097,2013년 6월 7일 07시,금요일,울산광역시 남구 삼산동,경상사고,0,0,1,0,차대차 - 추돌 - 진행중,안전운전불이행,건조,맑음,단일로 - 기타,승용,남,35세,상해없음,승용,남,57세,경상
2013060700100130,2013년 6월 7일 08시,금요일,울산광역시 남구 달동,경상사고,0,0,1,0,차대차 - 추돌 - 주정차중,안전운전불이행,건조,맑음,단일로 - 기타,승용,남,42세,상해없음,승용,남,33세,경상
2013060700100198,2013년 6월 7일 10시,금요일,울산광역시 남구 옥동,중상사고,0,1,1,0,차대차 - 추돌 - 진행중,안전거리미확보,건조,맑음,교차로 - 교차로부근,화물,남,39세,상해없음,승용,남,54세,중상
2013060700100249,2013년 6월 7일 12시,금요일,울산광역시 남구 달동,경상사고,0,0,3,0,차대차 - 추돌 - 진행중,안전운전불이행,건조,맑음,단일로 - 기타,승용,남,55세,상해없음,승용,남,57세,경상
2013060700100361,2013년 6월 7일 15시,금요일,울산광역시 남구 신정동,경상사고,0,0,1,0,차대사람 - 기타,안전운전불이행,건조,맑음,단일로 - 기타,승합,남,47세,상해없음,보행자,여,46세,경상
2013060700100362,2013년 6월 7일 15시,금요일,울산광역시 북구 양정동,경상사고,0,0,1,0,차대사람 - 기타,안전운전불이행,건조,맑음,교차로 - 교차로부근,승합,남,66세,기타불명,보행자,여,81세,경상
2013060700100389,2013년 6월 7일 16시,금요일,울산광역시 북구 명촌동,중상사고,0,2,0,0,차대차 - 측면직각충돌,직진우회전진행방해,건조,맑음,교차로 - 교차로안,화물,남,45세,상해없음,승용,남,55세,중상
2013060700100390,2013년 6월 7일 16시,금요일,울산광역시 동구 방어동,중상사고,0,1,1,0,차대차 - 측면직각충돌,교차로운행방법위반,건조,맑음,교차로 - 교차로안,승용,여,49세,중상,승용,남,34세,경상
2013060700100476,2013년 6월 7일 18시,금요일,울산광역시 남구 신정동,중상사고,0,1,5,0,차대차 - 측면직각충돌,차로위반,건조,맑음,단일로 - 기타,승용,남,48세,상해없음,승합,남,46세,상해없음
2013060700100513,2013년 6월 7일 19시,금요일,울산광역시 울주군 웅촌면,중상사고,0,1,0,0,차대차 - 측면직각충돌,교차로운행방법위반,건조,맑음,교차로 - 교차로안,승용,여,56세,상해없음,승용,남,28세,중상
2013060700100553,2013년 6월 7일 20시,금요일,울산광역시 중구 태화동,경상사고,0,0,1,0,차대사람 - 보도통행중,기타,건조,맑음,단일로 - 기타,이륜,남,17세,상해없음,보행자,여,61세,경상
2013060700100595,2013년 6월 7일 21시,금요일,울산광역시 중구 약사동,경상사고,0,0,1,0,차대사람 - 보도통행중,기타,건조,맑음,기타 - 기타,승용,남,22세,상해없음,보행자,여,37세,경상
2013060700100634,2013년 6월 7일 22시,금요일,울산광역시 남구 무거동,중상사고,0,1,3,0,차대차 - 추돌 - 진행중,안전운전불이행,건조,맑음,교차로 - 교차로부근,승용,남,29세,중상,화물,남,51세,경상
2013060700100656,2013년 6월 7일 23시,금요일,울산광역시 남구 옥동,경상사고,0,0,2,0,차대차 - 정면충돌,중앙선침범,건조,맑음,교차로 - 교차로부근,승용,남,42세,상해없음,승용,남,23세,경상
2013060700100657,2013년 6월 7일 23시,금요일,울산광역시 남구 달동,경상사고,0,0,1,0,차대차 - 기타,안전운전불이행,건조,맑음,단일로 - 기타,이륜,남,16세,경상,승용,남,56세,상해없음
2013060800100023,2013년 6월 8일 00시,토요일,울산광역시 남구 옥동,중상사고,0,3,1,0,차대차 - 추돌 - 주정차중,안전운전불이행,건조,맑음,교차로 - 교차로부근,승용,남,35세,중상,승용,여,21세,중상
2013060800100064,2013년 6월 8일 02시,토요일,울산광역시 남구 달동,경상사고,0,0,1,0,차대사람 - 길가장자리구역통행중,안전운전불이행,건조,맑음,단일로 - 기타,승용,남,25세,상해없음,보행자,남,44세,경상
2013060800100065,2013년 6월 8일 02시,토요일,울산광역시 동구 전하동,중상사고,0,1,0,0,차대차 - 추돌 - 진행중,안전거리미확보,건조,맑음,교차로 - 교차로부근,승용,남,71세,상해없음,이륜,남,19세,중상
2013060800100083,2013년 6월 8일 03시,토요일,울산광역시 남구 달동,경상사고,0,0,2,0,차대차 - 측면직각충돌,신호위반,건조,맑음,교차로 - 교차로안,승용,남,52세,상해없음,승용,남,19세,경상
2013060800100132,2013년 6월 8일 06시,토요일,울산광역시 남구 삼산동,경상사고,0,0,1,0,차대차 - 측면직각충돌,안전운전불이행,건조,맑음,단일로 - 기타,승용,여,33세,상해없음,승용,남,50세,경상
2013060800100233,2013년 6월 8일 10시,토요일,울산광역시 중구 학산동,경상사고,0,0,1,0,차대사람 - 길가장자리구역통행중,안전운전불이행,건조,맑음,단일로 - 기타,화물,남,30세,상해없음,보행자,여,68세,경상
2013060800100298,2013년 6월 8일 12시,토요일,울산광역시 북구 호계동,중상사고,0,1,0,0,차대사람 - 기타,신호위반,건조,맑음,단일로 - 기타,승합,남,37세,상해없음,보행자,남,63세,중상
2013060800100299,2013년 6월 8일 12시,토요일,울산광역시 남구 무거동,경상사고,0,0,1,0,차대차 - 측면직각충돌,안전거리미확보,건조,맑음,단일로 - 기타,이륜,남,23세,경상,이륜,남,42세,상해없음