사고번호,사고일시,요일,시군구,사고내용,사망자수,중상자수,경상자수,부상신고자수,사고유형,법규위반,노면상태,기상상태,도로형태,가해운전자 차종,가해운전자 성별,가해운전자 연령,가해운전자 상해정도,피해운전자 차종,피해운전자 성별,피해운전자 연령,피해운전자 상해정도
2013060800100336,2013년 6월 8일 13시,토요일,울산광역시 중구 성남동,부상신고사고,0,0,0,1,차대차 - 기타,안전운전불이행,건조,맑음,교차로 - 교차로부근,승용,기타불명,기타불명,기타불명,이륜,남,41세,부상신고
2013060800100393,2013년 6월 8일 15시,토요일,울산광역시 남구 달동,경상사고,0,0,1,0,차대차 - 측면직각충돌,안전운전불이행,건조,맑음,교차로 - 교차로안,승용,남,56세,상해없음,승용,남,33세,경상
2013060800100394,2013년 6월 8일 15시,토요일,울산광역시 울주군 온양읍,중상사고,0,1,0,0,차대차 - 기타,교차로운행방법위반,건조,맑음,교차로 - 교차로안,승용,남,52세,상해없음,원동기,여,53세,중상
2013060800100422,2013년 6월 8일 16시,토요일,울산광역시 울주군 서생면,경상사고,0,0,1,0,차대차 - 정면충돌,중앙선침범,건조,맑음,단일로 - 기타,승용,남,29세,경상,승용,남,56세,상해없음
2013060800100558,2013년 6월 8일 21시,토요일,울산광역시 북구 명촌동,경상사고,0,0,1,0,차대사람 - 기타,안전운전불이행,건조,맑음,기타 - 기타,화물,남,30세,상해없음,보행자,여,32세,경상
2013060800100559,2013년 6월 8일 21시,토요일,울산광역시 남구 삼산동,경상사고,0,0,1,0,차대차 - 추돌 - 주정차중,안전운전불이행,건조,맑음,단일로 - 기타,승용,남,53세,상해없음,승용,남,36세,경상
2013060800100560,2013년 6월 8일 21시,토요일,울산광역시 동구 전하동,경상사고,0,0,1,0,차대차 - 기타,교차로운행방법위반,건조,맑음,교차로 - 교차로안,승용,남,55세,상해없음,이륜,남,32세,경상
2013060900100021,2013년 6월 9일 00시,일요일,울산광역시 남구 신정동,경상사고,0,0,2,0,차대차 - 측면직각충돌,신호위반,건조,맑음,교차로 - 교차로안,승용,여,45세,상해없음,승용,남,47세,경상
2013060900100065,2013년 6월 9일 03시,일요일,울산광역시 남구 신정동,중상사고,0,3,0,0,차대차 - 측면직각충돌,신호위반,건조,흐림,교차로 - 교차로안,승용,여,43세,상해없음,승용,남,51세,중상
2013060900100076,2013년 6월 9일 04시,일요일,울산광역시 북구 중산동,중상사고,0,1,1,0,차대차 - 측면직각충돌,중앙선침범,건조,맑음,단일로 - 기타,승용,남,32세,경상,승용,남,22세,중상
2013060900100077,2013년 6월 9일 04시,일요일,울산광역시 남구 달동,경상사고,0,0,2,0,차대차 - 기타,차로위반,건조,맑음,단일로 - 기타,승용,남,22세,상해없음,이륜,남,19세,상해없음
2013060900100078,2013년 6월 9일 04시,일요일,울산광역시 동구 방어동,사망사고,1,3,0,0,차량단독 - 공작물충돌,안전운전불이행,건조,흐림,단일로 - 기타,승용,남,25세,상해없음,,,,
2013060900100098,2013년 6월 9일 06시,일요일,울산광역시 동구 방어동,중상사고,0,1,1,0,차대차 - 기타,신호위반,건조,맑음,교차로 - 교차로안,화물,남,58세,상해없음,승용,남,56세,중상
2013060900100101,2013년 6월 9일 07시,일요일,울산광역시 울주군 범서읍,중상사고,0,1,0,0,차대차 - 기타,안전운전불이행,건조,맑음,단일로 - 기타,승용,남,40세,상해없음,승용,남,53세,중상
2013060900100112,2013년 6월 9일 07시,일요일,울산광역시 남구 삼산동,중상사고,0,1,0,0,차대차 - 기타,차로위반,건조,맑음,교차로 - 교차로부근,승용,남,65세,상해없음,승용,남,25세,중상
2013060900100242,2013년 6월 9일 13시,일요일,울산광역시 중구 북정동,경상사고,0,0,1,0,차대사람 - 길가장자리구역통행중,안전운전불이행,건조,맑음,단일로 - 기타,화물,남,54세,상해없음,보행자,여,60세,경상
2013060900100314,2013년 6월 9일 16시,일요일,울산광역시 중구 우정동,경상사고,0,0,3,0,차대차 - 측면직각충돌,안전운전불이행,건조,맑음,교차로 - 교차로부근,승용,남,52세,상해없음,승용,남,50세,경상
2013060900100348,2013년 6월 9일 17시,일요일,울산광역시 울주군 범서읍,경상사고,0,0,2,0,차대차 - 기타,안전운전불이행,건조,맑음,교차로 - 교차로부근,승용,남,42세,상해없음,승용,남,36세,경상
2013060900100381,2013년 6월 9일 18시,일요일,울산광역시 중구 학성동,부상신고사고,0,0,0,1,차량단독 - 공작물충돌,안전운전불이행,건조,맑음,단일로 - 기타,이륜,남,48세,부상신고,,,,
2013060900100406,2013년 6월 9일 19시,일요일,울산광역시 중구 남외동,부상신고사고,0,0,0,1,차대차 - 기타,중앙선침범,건조,맑음,단일로 - 기타,자전거,남,41세,부상신고,승용,남,33세,상해없음
2013060900100432,2013년 6월 9일 20시,일요일,울산광역시 남구 신정동,경상사고,0,0,1,0,차대차 - 측면직각충돌,중앙선침범,건조,맑음,단일로 - 기타,승용,남,49세,상해없음,승용,여,53세,경상
2013060900100433,2013년 6월 9일 20시,일요일,울산광역시 동구 전하동,경상사고,0,0,1,0,차대사람 - 기타,안전운전불이행,건조,맑음,단일로 - 기타,이륜,남,22세,상해없음,보행자,여,5세,경상
2013060900100434,2013년 6월 9일 20시,일요일,울산광역시 동구 화정동,경상사고,0,0,1,0,차대사람 - 횡단중,안전운전불이행,건조,맑음,교차로 - 교차로안,이륜,남,23세,상해없음,보행자,여,16세,경상
2013060900100457,2013년 6월 9일 21시,일요일,울산광역시 남구 신정동,경상사고,0,0,1,0,차대차 - 측면직각충돌,안전운전불이행,건조,맑음,단일로 - 기타,화물,남,50세,상해없음,이륜,남,29세,경상
2013060900100458,2013년 6월 9일 21시,일요일,울산광역시 북구 양정동,경상사고,0,0,1,0,차대차 - 추돌 - 주정차중,안전운전불이행,건조,맑음,단일로 - 기타,승용,남,49세,상해없음,승용,여,48세,경상
2013060900100487,2013년 6월 9일 22시,일요일,울산광역시 중구 서동,경상사고,0,0,2,0,차대차 - 추돌 - 주정차중,안전운전불이행,건조,맑음,단일로 - 기타,승용,여,49세,상해없음,승합,남,41세,경상
2013060900100488,2013년 6월 9일 22시,일요일,울산광역시 울주군 삼남면,경상사고,0,0,1,0,차대차 - 추돌 - 주정차중,안전운전불이행,건조,맑음,교차로 - 교차로부근,승합,남,45세,상해없음,승용,남,25세,경상
2013061000100176,2013년 6월 10일 08시,월요일,울산광역시 중구 서동,경상사고,0,0,1,0,차대차 - 측면직각충돌,안전운전불이행,건조,맑음,단일로 - 기타,승용,남,69세,상해없음,화물,남,59세,경상
2013061000100213,2013년 6월 10일 09시,월요일,울산광역시 중구 우정동,경상사고,0,0,1,0,차대차 - 기타,안전운전불이행,건조,맑음,교차로 - 교차로부근,기타불명,기타불명,기타불명,기타불명,승용,남,31세,경상
2013061000100425,2013년 6월 10일 16시,월요일,울산광역시 남구 황성동,중상사고,0,1,0,0,차량단독 - 전도전복,안전운전불이행,건조,맑음,교차로 - 교차로안,특수,남,36세,중상,,,,
2013061000100426,2013년 6월 10일 16시,월요일,울산광역시 북구 무룡동,중상사고,0,1,0,0,차량단독 - 전도전복,안전운전불이행,건조,맑음,단일로 - 기타,이륜,남,57세,중상,,,,
2013061000100499,2013년 6월 10일 18시,월요일,울산광역시 동구 화정동,중상사고,0,1,0,0,차대차 - 기타,교차로운행방법위반,건조,맑음,교차로 - 교차로안,이륜,남,47세,상해없음,승용,여,32세,중상
2013061000100525,2013년 6월 10일 19시,월요일,울산광역시 울주군 범서읍,경상사고,0,0,1,0,차대사람 - 보도통행중,안전운전불이행,건조,맑음,단일로 - 기타,승용,남,42세,상해없음,보행자,여,52세,경상
2013061000100526,2013년 6월 10일 19시,월요일,울산광역시 울주군 온산읍,중상사고,0,1,0,0,차대차 - 기타,안전운전불이행,건조,맑음,교차로 - 교차로안,승용,남,56세,상해없음,이륜,남,34세,중상
2013061000100563,2013년 6월 10일 20시,월요일,울산광역시 중구 반구동,경상사고,0,0,1,0,차대차 - 측면직각충돌,중앙선침범,건조,맑음,단일로 - 기타,승용,남,32세,상해없음,이륜,남,16세,경상
2013061000100564,2013년 6월 10일 20시,월요일,울산광역시 울주군 웅촌면,경상사고,0,0,1,0,차대차 - 추돌 - 진행중,안전운전불이행,건조,맑음,교차로 - 교차로부근,화물,남,62세,상해없음,승용,여,21세,경상
2013061000100586,2013년 6월 10일 21시,월요일,울산광역시 남구 신정동,중상사고,0,1,0,0,차대사람 - 기타,기타,건조,맑음,단일로 - 횡단보도부근,승용,남,44세,상해없음,보행자,남,32세,중상
2013061000100587,2013년 6월 10일 21시,월요일,울산광역시 남구 신정동,중상사고,0,1,0,0,차대사람 - 기타,안전운전불이행,건조,맑음,단일로 - 기타,승용,남,56세,상해없음,보행자,여,63세,중상
2013061000100616,2013년 6월 10일 22시,월요일,울산광역시 동구 화정동,중상사고,0,1,0,0,차대사람 - 기타,안전운전불이행,건조,맑음,단일로 - 기타,승용,여,54세,상해없음,보행자,남,45세,중상
2013061100100064,2013년 6월 11일 05시,화요일,울산광역시 남구 여천동,중상사고,0,1,0,0,차대차 - 기타,안전운전불이행,건조,맑음,교차로 - 교차로부근,승용,남,62세,상해없음,승용,남,42세,중상
2013061100100313,2013년 6월 11일 15시,화요일,울산광역시 남구 옥동,사망사고,1,0,0,0,차대사람 - 횡단중,안전운전불이행,습기,비,교차로 - 교차로부근,화물,남,28세,상해없음,보행자,여,84세,사망
2013061100100544,2013년 6월 11일 20시,화요일,울산광역시 남구 옥동,중상사고,0,1,0,0,차대차 - 기타,안전운전불이행,기타,기타,교차로 - 교차로부근,승용,여,49세,상해없음,승용,남,29세,기타불명
2013061100100583,2013년 6월 11일 21시,화요일,울산광역시 남구 야음동,경상사고,0,0,1,0,차대차 - 기타,교차로운행방법위반,습기,비,교차로 - 교차로안,이륜,남,47세,경상,승용,남,37세,상해없음
2013061100100584,2013년 6월 11일 21시,화요일,울산광역시 울주군 웅촌면,중상사고,0,2,0,0,차대차 - 기타,신호위반,습기,비,교차로 - 교차로안,승용,여,37세,상해없음,승용,남,43세,중상
2013061100100629,2013년 6월 11일 22시,화요일,울산광역시 남구 삼산동,중상사고,0,1,0,0,차대차 - 기타,중앙선침범,건조,맑음,교차로 - 교차로부근,승용,기타불명,기타불명,기타불명,승용,남,28세,중상
2013061200100022,2013년 6월 12일 00시,수요일,울산광역시 북구 천곡동,경상사고,0,0,1,0,차대차 - 추돌 - 주정차중,안전운전불이행,건조,흐림,단일로 - 기타,승용,남,69세,상해없음,승용,남,30세,경상
2013061200100049,2013년 6월 12일 02시,수요일,울산광역시 울주군 삼남면,중상사고,0,1,1,0,차량단독 - 공작물충돌,안전운전불이행,습기,비,단일로 - 기타,승용,남,20세,상해없음,,,,
2013061200100070,2013년 6월 12일 05시,수요일,울산광역시 북구 진장동,중상사고,0,1,1,0,차대차 - 기타,신호위반,건조,맑음,교차로 - 교차로안,승용,남,55세,상해없음,승용,남,48세,중상
2013061200100107,2013년 6월 12일 07시,수요일,울산광역시 동구 전하동,경상사고,0,0,1,0,차대차 - 측면직각충돌,안전운전불이행,습기,흐림,단일로 - 기타,승용,남,29세,상해없음,자전거,남,30세,경상
2013061200100150,2013년 6월 12일 08시,수요일,울산광역시 북구 정자동,중상사고,0,1,0,0,차대사람 - 기타,안전운전불이행,건조,맑음,단일로 - 기타,승합,남,58세,상해없음,보행자,여,72세,중상
2013061200100165,2013년 6월 12일 09시,수요일,울산광역시 남구 야음동,경상사고,0,0,1,1,차대차 - 측면직각충돌,신호위반,건조,맑음,교차로 - 교차로안,승용,여,66세,부상신고,승용,남,44세,경상
2013061200100192,2013년 6월 12일 10시,수요일,울산광역시 북구 연암동,경상사고,0,0,1,0,차대차 - 추돌 - 진행중,안전운전불이행,건조,맑음,교차로 - 교차로부근,화물,남,49세,상해없음,승용,남,27세,경상
2013061200100193,2013년 6월 12일 10시,수요일,울산광역시 북구 양정동,중상사고,0,1,1,0,차대차 - 측면직각충돌,안전운전불이행,건조,맑음,단일로 - 기타,승용,남,32세,상해없음,화물,남,41세,중상
2013061200100245,2013년 6월 12일 12시,수요일,울산광역시 중구 동동,경상사고,0,0,1,0,차대사람 - 기타,안전운전불이행,건조,맑음,단일로 - 기타,승용,여,29세,상해없음,보행자,여,66세,경상
2013061200100275,2013년 6월 12일 13시,수요일,울산광역시 남구 삼산동,중상사고,0,2,0,0,차대차 - 추돌 - 진행중,안전운전불이행,건조,맑음,교차로 - 교차로부근,승용,여,54세,상해없음,승용,남,41세,중상
2013061200100342,2013년 6월 12일 15시,수요일,울산광역시 동구 화정동,경상사고,0,0,1,0,차대차 - 측면직각충돌,안전운전불이행,건조,맑음,기타 - 기타,화물,남,43세,상해없음,승용,남,34세,상해없음
2013061200100376,2013년 6월 12일 16시,수요일,울산광역시 남구 달동,경상사고,0,0,1,0,차대사람 - 기타,안전운전불이행,건조,맑음,단일로 - 기타,자전거,남,60세,상해없음,보행자,여,45세,경상
2013061200100508,2013년 6월 12일 20시,수요일,울산광역시 남구 신정동,경상사고,0,0,1,0,차대차 - 추돌 - 진행중,신호위반,건조,맑음,교차로 - 교차로부근,원동기,남,60세,경상,승용,남,54세,상해없음
2013061200100547,2013년 6월 12일 21시,수요일,울산광역시 중구 태화동,경상사고,0,0,2,0,차대차 - 추돌 - 진행중,안전운전불이행,건조,맑음,교차로 - 교차로부근,승용,남,47세,상해없음,승용,남,39세,경상
2013061200100548,2013년 6월 12일 21시,수요일,울산광역시 남구 신정동,경상사고,0,0,1,0,차대사람 - 횡단중,안전운전불이행,건조,맑음,교차로 - 교차로부근,승용,남,57세,상해없음,보행자,남,10세,경상
2013061300100197,2013년 6월 13일 11시,목요일,울산광역시 중구 복산동,중상사고,0,1,0,0,차량단독 - 기타,안전운전불이행,건조,맑음,교차로 - 교차로부근,승용,남,52세,상해없음,,,,
2013061300100276,2013년 6월 13일 14시,목요일,울산광역시 울주군 웅촌면,경상사고,0,0,2,0,차대차 - 추돌 - 주정차중,안전운전불이행,건조,맑음,교차로 - 교차로부근,승용,남,52세,상해없음,승용,여,57세,경상
2013061300100321,2013년 6월 13일 15시,목요일,울산광역시 북구 중산동,경상사고,0,0,3,0,차대차 - 기타,안전거리미확보,건조,맑음,교차로 - 교차로부근,승용,남,50세,경상,승용,여,38세,경상
2013061300100322,2013년 6월 13일 15시,목요일,울산광역시 남구 삼산동,중상사고,0,2,1,0,차대차 - 정면충돌,중앙선침범,건조,맑음,교차로 - 교차로부근,승용,남,25세,중상,승용,남,37세,상해없음
2013061300100391,2013년 6월 13일 17시,목요일,울산광역시 동구 일산동,중상사고,0,1,0,0,차대차 - 기타,안전운전불이행,건조,맑음,교차로 - 교차로부근,승용,남,62세,상해없음,자전거,남,51세,중상
2013061300100456,2013년 6월 13일 19시,목요일,울산광역시 울주군 언양읍,부상신고사고,0,0,0,1,차대차 - 추돌 - 진행중,안전운전불이행,건조,맑음,단일로 - 기타,이륜,기타불명,기타불명,기타불명,자전거,남,11세,부상신고
2013061300100478,2013년 6월 13일 20시,목요일,울산광역시 중구 반구동,경상사고,0,0,1,0,차대사람 - 길가장자리구역통행중,안전운전불이행,건조,맑음,교차로 - 교차로부근,승용,남,30세,상해없음,보행자,남,44세,경상
2013061300100479,2013년 6월 13일 20시,목요일,울산광역시 남구 무거동,중상사고,0,1,0,0,차대차 - 기타,교차로운행방법위반,건조,맑음,교차로 - 교차로안,승용,남,40세,상해없음,이륜,남,33세,중상
2013061300100480,2013년 6월 13일 20시,목요일,울산광역시 남구 달동,경상사고,0,0,1,0,차대사람 - 기타,안전운전불이행,건조,맑음,기타 - 기타,승용,남,47세,상해없음,보행자,남,59세,경상
2013061300100555,2013년 6월 13일 22시,목요일,울산광역시 동구 서부동,경상사고,0,0,1,0,차대차 - 기타,안전거리미확보,건조,맑음,단일로 - 기타,승용,남,33세,상해없음,이륜,남,32세,경상
2013061300100573,2013년 6월 13일 23시,목요일,울산광역시 북구 효문동,중상사고,0,1,0,0,차대차 - 추돌 - 주정차중,안전운전불이행,건조,맑음,단일로 - 기타,화물,남,46세,상해없음,승용,남,35세,중상
2013061400100049,2013년 6월 14일 02시,금요일,울산광역시 남구 무거동,중상사고,0,1,1,0,차대차 - 측면직각충돌,교차로운행방법위반,건조,맑음,교차로 - 교차로안,승용,여,29세,상해없음,승용,남,40세,중상
2013061400100079,2013년 6월 14일 05시,금요일,울산광역시 동구 화정동,경상사고,0,0,1,0,차대차 - 측면직각충돌,신호위반,건조,맑음,교차로 - 교차로안,화물,남,61세,상해없음,승용,남,33세,경상
2013061400100161,2013년 6월 14일 08시,금요일,울산광역시 남구 삼산동,경상사고,0,0,1,0,차대차 - 기타,안전운전불이행,습기,비,교차로 - 교차로안,승용,여,50세,경상,화물,남,38세,상해없음
2013061400100330,2013년 6월 14일 15시,금요일,울산광역시 중구 반구동,경상사고,0,0,1,0,차대차 - 측면직각충돌,안전운전불이행,건조,맑음,단일로 - 기타,승용,남,38세,상해없음,승합,여,55세,상해없음
2013061400100374,2013년 6월 14일 16시,금요일,울산광역시 중구 우정동,경상사고,0,0,5,0,차대차 - 측면직각충돌,신호위반,건조,흐림,교차로 - 교차로안,승용,여,49세,상해없음,승합,남,48세,경상
2013061400100408,2013년 6월 14일 17시,금요일,울산광역시 남구 달동,중상사고,0,1,0,0,차대차 - 기타,안전운전불이행,건조,흐림,교차로 - 교차로부근,이륜,남,37세,중상,승용,여,51세,상해없음
2013061400100450,2013년 6월 14일 18시,금요일,울산광역시 동구 방어동,중상사고,0,1,0,0,차대사람 - 기타,안전운전불이행,건조,맑음,교차로 - 교차로안,이륜,남,33세,상해없음,보행자,남,57세,중상
2013061400100482,2013년 6월 14일 19시,금요일,울산광역시 중구 남외동,중상사고,0,1,0,0,차대차 - 측면직각충돌,중앙선침범,건조,맑음,단일로 - 기타,승용,남,58세,상해없음,이륜,남,51세,중상
2013061400100587,2013년 6월 14일 22시,금요일,울산광역시 중구 복산동,부상신고사고,0,0,0,1,차대사람 - 기타,안전운전불이행,건조,맑음,단일로 - 기타,승용,남,50세,상해없음,보행자,남,15세,부상신고
2013061400100624,2013년 6월 14일 23시,금요일,울산광역시 동구 동부동,경상사고,0,0,1,0,차대사람 - 기타,안전운전불이행,건조,맑음,교차로 - 교차로안,승용,남,29세,상해없음,보행자,여,47세,경상
2013061500100143,2013년 6월 15일 06시,토요일,울산광역시 동구 동부동,경상사고,0,0,2,0,차대차 - 추돌 - 주정차중,안전운전불이행,건조,맑음,교차로 - 교차로부근,이륜,남,25세,경상,승용,여,46세,경상
2013061500100160,2013년 6월 15일 07시,토요일,울산광역시 울주군 온산읍,경상사고,0,0,1,0,차대차 - 측면직각충돌,교차로운행방법위반,건조,맑음,교차로 - 교차로안,이륜,남,54세,경상,화물,남,55세,상해없음
2013061500100184,2013년 6월 15일 08시,토요일,울산광역시 중구 학산동,경상사고,0,0,1,0,차대사람 - 기타,안전운전불이행,건조,맑음,단일로 - 기타,승용,남,38세,상해없음,보행자,남,47세,경상
2013061500100185,2013년 6월 15일 08시,토요일,울산광역시 남구 무거동,사망사고,1,0,0,0,차대사람 - 기타,보행자보호의무위반,건조,맑음,단일로 - 횡단보도상,승용,여,39세,상해없음,보행자,여,80세,사망
2013061500100211,2013년 6월 15일 09시,토요일,울산광역시 울주군 웅촌면,중상사고,0,1,0,0,차대차 - 기타,교차로운행방법위반,건조,맑음,교차로 - 교차로안,화물,남,50세,상해없음,이륜,남,66세,중상
2013061500100312,2013년 6월 15일 12시,토요일,울산광역시 남구 신정동,중상사고,0,1,0,0,차대사람 - 기타,안전운전불이행,건조,맑음,단일로 - 기타,승합,남,19세,상해없음,보행자,남,12세,중상
2013061500100393,2013년 6월 15일 14시,토요일,울산광역시 울주군 두서면,중상사고,0,1,0,0,차량단독 - 전도전복,안전운전불이행,건조,맑음,단일로 - 기타,승용,여,50세,상해없음,,,,
2013061500100430,2013년 6월 15일 15시,토요일,울산광역시 중구 우정동,중상사고,0,2,0,0,차대차 - 추돌 - 진행중,안전운전불이행,건조,맑음,교차로 - 교차로부근,승용,여,27세,상해없음,승용,남,32세,중상
2013061500100504,2013년 6월 15일 17시,토요일,울산광역시 동구 서부동,중상사고,0,1,0,0,차대차 - 기타,안전운전불이행,건조,맑음,단일로 - 기타,원동기,남,80세,중상,승용,여,30세,상해없음
2013061500100505,2013년 6월 15일 17시,토요일,울산광역시 동구 일산동,경상사고,0,0,1,0,차대차 - 기타,안전운전불이행,건조,맑음,교차로 - 교차로부근,승용,남,45세,상해없음,원동기,남,59세,경상
2013061500100506,2013년 6월 15일 17시,토요일,울산광역시 울주군 온산읍,경상사고,0,0,2,0,차대차 - 측면직각충돌,교차로운행방법위반,건조,맑음,교차로 - 교차로안,승용,남,53세,상해없음,이륜,남,59세,경상
2013061500100570,2013년 6월 15일 19시,토요일,울산광역시 중구 태화동,중상사고,0,1,0,0,차대사람 - 길가장자리구역통행중,안전운전불이행,건조,맑음,단일로 - 기타,승용,남,45세,상해없음,보행자,남,44세,중상
2013061500100571,2013년 6월 15일 19시,토요일,울산광역시 중구 반구동,경상사고,0,0,1,0,차대사람 - 길가장자리구역통행중,안전운전불이행,건조,맑음,단일로 - 기타,승용,남,31세,상해없음,보행자,남,48세,경상
2013061500100572,2013년 6월 15일 19시,토요일,울산광역시 남구 삼산동,중상사고,0,1,0,0,차대사람 - 기타,안전운전불이행,건조,맑음,교차로 - 교차로부근,승용,남,29세,상해없음,보행자,남,23세,중상
2013061500100577,2013년 6월 15일 20시,토요일,울산광역시 울주군 두서면,중상사고,0,2,1,0,차대차 - 기타,안전거리미확보,습기,흐림,단일로 - 기타,승용,남,59세,상해없음,승용,남,28세,중상
2013061500100602,2013년 6월 15일 20시,토요일,울산광역시 북구 화봉동,중상사고,0,1,0,0,차대차 - 측면직각충돌,안전운전불이행,건조,맑음,단일로 - 기타,이륜,남,35세,중상,승용,여,33세,상해없음
2013061500100603,2013년 6월 15일 20시,토요일,울산광역시 남구 옥동,중상사고,0,1,0,0,차대차 - 기타,신호위반,건조,맑음,교차로 - 교차로안,자전거,남,14세,중상,승용,남,41세,상해없음
2013061500100604,2013년 6월 15일 20시,토요일,울산광역시 남구 삼산동,중상사고,0,1,0,0,차대차 - 기타,안전운전불이행,건조,맑음,교차로 - 교차로부근,승용,남,42세,상해없음,이륜,남,24세,중상
2013061500100667,2013년 6월 15일 22시,토요일,울산광역시 북구 중산동,경상사고,0,0,2,0,차대차 - 추돌 - 주정차중,안전운전불이행,건조,맑음,단일로 - 기타,승용,남,50세,상해없음,승용,여,26세,경상
2013061500100668,2013년 6월 15일 22시,토요일,울산광역시 동구 전하동,경상사고,0,0,1,0,차대차 - 측면직각충돌,교차로운행방법위반,건조,맑음,교차로 - 교차로안,승용,여,47세,상해없음,이륜,남,17세,경상
2013061500100669,2013년 6월 15일 22시,토요일,울산광역시 울주군 온양읍,경상사고,0,0,1,0,차대사람 - 기타,안전운전불이행,건조,맑음,교차로 - 교차로안,승용,남,47세,상해없음,보행자,여,17세,경상
2013061600100109,2013년 6월 16일 05시,일요일,울산광역시 남구 신정동,중상사고,0,3,1,0,차대차 - 기타,중앙선침범,건조,맑음,단일로 - 기타,승용,남,29세,상해없음,승용,남,51세,중상
2013061600100110,2013년 6월 16일 05시,일요일,울산광역시 울주군 청량면,경상사고,0,0,1,0,차량단독 - 공작물충돌,안전운전불이행,건조,맑음,단일로 - 기타,승용,남,26세,경상,,,,
2013061600100176,2013년 6월 16일 09시,일요일,울산광역시 울주군 삼남면,경상사고,0,0,1,1,차대차 - 추돌 - 진행중,교차로운행방법위반,건조,맑음,교차로 - 교차로안,승용,여,49세,상해없음,승용,여,52세,경상
2013061600100198,2013년 6월 16일 10시,일요일,울산광역시 남구 삼산동,중상사고,0,2,0,0,차대차 - 측면직각충돌,신호위반,건조,맑음,교차로 - 교차로안,승용,여,49세,상해없음,승용,남,35세,중상
2013061600100199,2013년 6월 16일 10시,일요일,울산광역시 울주군 온산읍,중상사고,0,1,0,0,차대차 - 측면직각충돌,안전운전불이행,건조,맑음,단일로 - 기타,원동기,남,42세,상해없음,화물,남,60세,상해없음
2013061600100218,2013년 6월 16일 11시,일요일,울산광역시 중구 성안동,경상사고,0,0,1,0,차대차 - 추돌 - 주정차중,안전운전불이행,건조,맑음,단일로 - 기타,승용,남,65세,상해없음,승용,남,52세,경상
2013061600100277,2013년 6월 16일 13시,일요일,울산광역시 남구 삼산동,중상사고,0,2,0,0,차대차 - 정면충돌,안전운전불이행,건조,맑음,교차로 - 교차로안,승용,남,31세,상해없음,승용,여,41세,중상
2013061600100296,2013년 6월 16일 14시,일요일,울산광역시 남구 상개동,중상사고,0,1,1,0,차대차 - 측면직각충돌,차로위반,건조,맑음,교차로 - 교차로부근,원동기,남,50세,중상,승용,여,30세,상해없음
2013061600100391,2013년 6월 16일 17시,일요일,울산광역시 중구 남외동,경상사고,0,0,1,0,차대차 - 추돌 - 진행중,안전운전불이행,건조,맑음,교차로 - 교차로안,승용,남,39세,상해없음,원동기,남,68세,경상
2013061600100392,2013년 6월 16일 17시,일요일,울산광역시 북구 구유동,경상사고,0,0,2,0,차대차 - 기타,중앙선침범,건조,맑음,단일로 - 기타,승용,남,31세,상해없음,승용,남,21세,경상
2013061600100493,2013년 6월 16일 20시,일요일,울산광역시 남구 선암동,부상신고사고,0,0,0,1,차대사람 - 기타,보행자보호의무위반,기타,기타,단일로 - 기타,승용,남,60세,상해없음,보행자,남,46세,부상신고
2013061700100020,2013년 6월 17일 01시,월요일,울산광역시 북구 연암동,중상사고,0,1,0,0,차대차 - 기타,안전운전불이행,건조,맑음,단일로 - 기타,원동기,남,24세,중상,승용,남,58세,기타불명
2013061700100080,2013년 6월 17일 07시,월요일,울산광역시 남구 달동,경상사고,0,0,1,0,차대차 - 추돌 - 진행중,차로위반,건조,맑음,교차로 - 교차로안,승용,남,34세,상해없음,승용,남,32세,경상
2013061700100081,2013년 6월 17일 07시,월요일,울산광역시 남구 여천동,경상사고,0,0,1,0,차대차 - 기타,안전운전불이행,기타,기타,단일로 - 기타,승용,남,29세,상해없음,이륜,남,41세,경상
2013061700100082,2013년 6월 17일 07시,월요일,울산광역시 남구 여천동,경상사고,0,0,1,0,차대차 - 기타,안전운전불이행,기타,기타,단일로 - 기타,승용,남,29세,상해없음,이륜,남,41세,경상
2013061700100083,2013년 6월 17일 07시,월요일,울산광역시 울주군 온양읍,경상사고,0,0,1,1,차대차 - 추돌 - 진행중,안전거리미확보,건조,맑음,교차로 - 교차로부근,승용,남,47세,상해없음,화물,남,76세,상해없음
2013061700100132,2013년 6월 17일 08시,월요일,울산광역시 동구 전하동,중상사고,0,1,0,0,차대차 - 추돌 - 주정차중,안전운전불이행,건조,맑음,단일로 - 기타,승합,여,49세,상해없음,승용,남,66세,상해없음
2013061700100214,2013년 6월 17일 11시,월요일,울산광역시 북구 연암동,부상신고사고,0,0,0,1,차대차 - 측면직각충돌,안전운전불이행,건조,맑음,단일로 - 터널,승용,여,50세,부상신고,화물,남,63세,상해없음
2013061700100257,2013년 6월 17일 13시,월요일,울산광역시 남구 삼산동,중상사고,0,1,0,0,차대사람 - 횡단중,안전운전불이행,건조,맑음,교차로 - 교차로안,승용,남,27세,상해없음,보행자,여,24세,중상
2013061700100282,2013년 6월 17일 14시,월요일,울산광역시 동구 주전동,중상사고,0,1,0,0,차대차 - 기타,안전운전불이행,건조,맑음,교차로 - 교차로부근,승용,여,24세,상해없음,이륜,남,61세,중상
2013061700100314,2013년 6월 17일 15시,월요일,울산광역시 북구 진장동,중상사고,0,2,5,0,차대차 - 기타,신호위반,건조,맑음,교차로 - 교차로안,화물,남,54세,상해없음,승합,남,55세,중상