사고번호,사고일시,요일,시군구,사고내용,사망자수,중상자수,경상자수,부상신고자수,사고유형,법규위반,노면상태,기상상태,도로형태,가해운전자 차종,가해운전자 성별,가해운전자 연령,가해운전자 상해정도,피해운전자 차종,피해운전자 성별,피해운전자 연령,피해운전자 상해정도
2013061700100315,2013년 6월 17일 15시,월요일,울산광역시 중구 남외동,경상사고,0,0,1,0,차대차 - 측면직각충돌,안전운전불이행,건조,맑음,단일로 - 기타,승용,여,42세,상해없음,승용,남,39세,상해없음
2013061700100391,2013년 6월 17일 17시,월요일,울산광역시 남구 야음동,경상사고,0,0,1,0,차대차 - 측면직각충돌,차로위반,건조,맑음,교차로 - 교차로부근,승용,남,40세,상해없음,원동기,남,52세,경상
2013061700100392,2013년 6월 17일 17시,월요일,울산광역시 남구 삼산동,중상사고,0,1,0,0,차대차 - 측면직각충돌,중앙선침범,건조,맑음,단일로 - 기타,원동기,남,22세,중상,승용,남,50세,상해없음
2013061700100393,2013년 6월 17일 17시,월요일,울산광역시 남구 무거동,중상사고,0,1,0,0,차대차 - 기타,신호위반,기타,기타,교차로 - 교차로안,승용,남,48세,상해없음,승용,여,46세,중상
2013061700100435,2013년 6월 17일 18시,월요일,울산광역시 남구 달동,중상사고,0,1,0,0,차대사람 - 횡단중,안전운전불이행,건조,맑음,단일로 - 기타,이륜,남,28세,상해없음,보행자,여,78세,중상
2013061700100436,2013년 6월 17일 18시,월요일,울산광역시 동구 화정동,경상사고,0,0,1,0,차대사람 - 기타,안전운전불이행,건조,맑음,기타 - 기타,승용,여,48세,상해없음,보행자,여,45세,경상
2013061700100437,2013년 6월 17일 18시,월요일,울산광역시 동구 화정동,중상사고,0,1,0,0,차대차 - 측면직각충돌,신호위반,건조,맑음,교차로 - 교차로안,이륜,남,61세,중상,승용,여,41세,상해없음
2013061700100438,2013년 6월 17일 18시,월요일,울산광역시 울주군 온양읍,부상신고사고,0,0,0,1,차대사람 - 길가장자리구역통행중,안전운전불이행,건조,맑음,단일로 - 기타,승용,남,49세,상해없음,보행자,여,48세,부상신고
2013061700100472,2013년 6월 17일 19시,월요일,울산광역시 중구 태화동,경상사고,0,0,1,0,차대사람 - 기타,안전운전불이행,건조,맑음,단일로 - 기타,승용,여,45세,상해없음,보행자,여,47세,경상
2013061700100473,2013년 6월 17일 19시,월요일,울산광역시 북구 진장동,중상사고,0,3,0,0,차대차 - 측면직각충돌,신호위반,건조,맑음,교차로 - 교차로안,승용,남,28세,중상,승용,남,65세,중상
2013061700100549,2013년 6월 17일 21시,월요일,울산광역시 남구 삼산동,중상사고,0,1,0,0,차대사람 - 횡단중,보행자보호의무위반,건조,맑음,교차로 - 교차로안,승용,남,73세,상해없음,보행자,여,67세,중상
2013061700100585,2013년 6월 17일 22시,월요일,울산광역시 남구 달동,사망사고,1,0,0,0,차대사람 - 횡단중,안전운전불이행,건조,맑음,단일로 - 기타,승용,남,49세,상해없음,보행자,남,62세,사망
2013061700100586,2013년 6월 17일 22시,월요일,울산광역시 울주군 온양읍,경상사고,0,0,1,0,차대차 - 추돌 - 주정차중,안전운전불이행,건조,맑음,단일로 - 기타,화물,남,50세,상해없음,승용,여,51세,기타불명
2013061700100610,2013년 6월 17일 23시,월요일,울산광역시 울주군 온양읍,경상사고,0,0,1,0,차대차 - 측면직각충돌,교차로운행방법위반,건조,맑음,교차로 - 교차로안,승용,남,30세,상해없음,화물,남,34세,경상
2013061800100105,2013년 6월 18일 06시,화요일,울산광역시 중구 서동,경상사고,0,0,1,0,차대차 - 정면충돌,안전운전불이행,건조,맑음,교차로 - 교차로안,원동기,남,55세,경상,승용,남,41세,상해없음
2013061800100106,2013년 6월 18일 06시,화요일,울산광역시 북구 양정동,중상사고,0,1,0,0,차대차 - 측면직각충돌,안전운전불이행,건조,맑음,단일로 - 기타,이륜,남,39세,중상,승용,남,29세,상해없음
2013061800100225,2013년 6월 18일 10시,화요일,울산광역시 중구 남외동,경상사고,0,0,1,0,차대차 - 측면직각충돌,불법유턴,건조,맑음,교차로 - 교차로안,자전거,여,36세,경상,승용,남,77세,상해없음
2013061800100226,2013년 6월 18일 10시,화요일,울산광역시 남구 삼산동,경상사고,0,0,1,0,차대차 - 기타,안전운전불이행,건조,흐림,단일로 - 기타,승용,남,26세,상해없음,화물,남,48세,경상
2013061800100283,2013년 6월 18일 12시,화요일,울산광역시 북구 신천동,중상사고,0,1,0,0,차대차 - 측면직각충돌,신호위반,건조,맑음,교차로 - 교차로부근,승용,여,46세,상해없음,이륜,남,20세,중상
2013061800100361,2013년 6월 18일 15시,화요일,울산광역시 북구 진장동,경상사고,0,0,1,1,차대차 - 기타,신호위반,건조,맑음,교차로 - 교차로부근,승용,여,28세,부상신고,승용,여,36세,경상
2013061800100362,2013년 6월 18일 15시,화요일,울산광역시 남구 무거동,경상사고,0,0,1,0,차대사람 - 길가장자리구역통행중,안전운전불이행,건조,흐림,단일로 - 기타,승용,남,58세,상해없음,보행자,여,53세,경상
2013061800100399,2013년 6월 18일 16시,화요일,울산광역시 동구 화정동,경상사고,0,0,1,0,차대차 - 기타,불법유턴,건조,맑음,교차로 - 교차로안,승용,남,64세,상해없음,이륜,남,49세,경상
2013061800100400,2013년 6월 18일 16시,화요일,울산광역시 울주군 언양읍,경상사고,0,0,1,0,차대차 - 기타,교차로운행방법위반,습기,비,교차로 - 교차로부근,승용,여,52세,상해없음,이륜,여,55세,경상
2013061800100474,2013년 6월 18일 18시,화요일,울산광역시 남구 야음동,경상사고,0,0,2,0,차대차 - 기타,안전거리미확보,습기,비,교차로 - 교차로부근,승용,남,56세,상해없음,승용,남,51세,경상
2013061800100628,2013년 6월 18일 21시,화요일,울산광역시 남구 야음동,경상사고,0,0,1,0,차대사람 - 횡단중,안전운전불이행,건조,흐림,단일로 - 기타,이륜,남,45세,상해없음,보행자,남,39세,경상
2013061800100670,2013년 6월 18일 22시,화요일,울산광역시 중구 옥교동,중상사고,0,3,0,0,차대차 - 추돌 - 주정차중,안전운전불이행,건조,맑음,교차로 - 교차로부근,승용,여,49세,상해없음,승용,여,32세,중상
2013061800100713,2013년 6월 18일 23시,화요일,울산광역시 남구 무거동,중상사고,0,1,0,0,차대차 - 측면직각충돌,중앙선침범,건조,흐림,단일로 - 기타,승용,남,25세,상해없음,자전거,남,14세,중상
2013061900100030,2013년 6월 19일 00시,수요일,울산광역시 남구 신정동,중상사고,0,2,1,0,차대차 - 추돌 - 주정차중,안전운전불이행,습기,비,단일로 - 기타,승용,남,15세,상해없음,승용,남,40세,중상
2013061900100043,2013년 6월 19일 01시,수요일,울산광역시 남구 무거동,경상사고,0,0,2,0,차대차 - 추돌 - 진행중,중앙선침범,습기,비,단일로 - 기타,승용,남,27세,상해없음,승용,여,48세,경상
2013061900100090,2013년 6월 19일 05시,수요일,울산광역시 북구 창평동,경상사고,0,0,1,0,차대차 - 추돌 - 주정차중,안전운전불이행,습기,비,교차로 - 교차로부근,화물,남,44세,상해없음,화물,남,39세,경상
2013061900100104,2013년 6월 19일 06시,수요일,울산광역시 중구 우정동,경상사고,0,0,1,0,차대사람 - 차도통행중,안전운전불이행,습기,비,교차로 - 교차로안,승용,남,45세,상해없음,보행자,여,20세,경상
2013061900100131,2013년 6월 19일 07시,수요일,울산광역시 북구 신천동,중상사고,0,1,0,0,차대사람 - 횡단중,보행자보호의무위반,습기,비,교차로 - 교차로안,승용,남,53세,상해없음,보행자,여,48세,중상
2013061900100177,2013년 6월 19일 08시,수요일,울산광역시 동구 방어동,경상사고,0,0,1,0,차대사람 - 기타,안전운전불이행,습기,비,교차로 - 교차로안,승용,남,32세,상해없음,보행자,여,14세,경상
2013061900100244,2013년 6월 19일 11시,수요일,울산광역시 남구 신정동,경상사고,0,0,1,0,차대차 - 기타,중앙선침범,습기,흐림,교차로 - 교차로부근,화물,남,41세,상해없음,화물,남,44세,상해없음
2013061900100440,2013년 6월 19일 17시,수요일,울산광역시 동구 서부동,경상사고,0,0,2,0,차대차 - 추돌 - 진행중,안전거리미확보,건조,맑음,단일로 - 기타,이륜,남,44세,상해없음,승용,여,32세,경상
2013061900100477,2013년 6월 19일 18시,수요일,울산광역시 북구 신천동,중상사고,0,1,0,0,차대차 - 기타,중앙선침범,건조,맑음,단일로 - 기타,승용,남,38세,상해없음,이륜,남,18세,중상
2013061900100504,2013년 6월 19일 19시,수요일,울산광역시 남구 신정동,중상사고,0,1,0,0,차대사람 - 횡단중,안전운전불이행,건조,맑음,단일로 - 기타,승용,여,41세,상해없음,보행자,남,67세,중상
2013061900100597,2013년 6월 19일 22시,수요일,울산광역시 중구 다운동,경상사고,0,0,3,0,차대차 - 추돌 - 주정차중,안전운전불이행,건조,맑음,단일로 - 기타,승용,남,28세,상해없음,승용,남,32세,경상
2013061900100598,2013년 6월 19일 22시,수요일,울산광역시 남구 삼산동,경상사고,0,0,3,0,차대차 - 정면충돌,중앙선침범,건조,맑음,교차로 - 교차로부근,승용,남,25세,상해없음,승용,여,52세,경상
2013061900100599,2013년 6월 19일 22시,수요일,울산광역시 남구 야음동,경상사고,0,0,2,0,차대차 - 기타,안전운전불이행,건조,맑음,교차로 - 교차로부근,화물,남,50세,상해없음,승용,남,50세,경상
2013061900100618,2013년 6월 19일 23시,수요일,울산광역시 남구 옥동,경상사고,0,0,1,0,차대차 - 기타,안전운전불이행,건조,맑음,교차로 - 교차로부근,승용,남,43세,상해없음,승용,여,45세,경상
2013062000100021,2013년 6월 20일 00시,목요일,울산광역시 울주군 청량면,중상사고,0,1,0,0,차대차 - 추돌 - 진행중,안전운전불이행,건조,맑음,단일로 - 기타,화물,남,21세,상해없음,승용,여,69세,중상
2013062000100048,2013년 6월 20일 03시,목요일,울산광역시 남구 무거동,경상사고,0,0,2,0,차대차 - 측면직각충돌,교차로운행방법위반,건조,맑음,교차로 - 교차로안,승용,남,21세,상해없음,승용,남,70세,경상
2013062000100105,2013년 6월 20일 07시,목요일,울산광역시 남구 무거동,경상사고,0,0,2,0,차대차 - 기타,안전운전불이행,건조,맑음,단일로 - 기타,승용,남,52세,상해없음,승용,남,41세,경상
2013062000100155,2013년 6월 20일 08시,목요일,울산광역시 중구 우정동,경상사고,0,0,1,0,차대차 - 측면직각충돌,차로위반,건조,맑음,단일로 - 기타,승용,여,47세,상해없음,승용,여,40세,경상
2013062000100345,2013년 6월 20일 15시,목요일,울산광역시 울주군 청량면,경상사고,0,0,1,0,차대차 - 기타,안전운전불이행,건조,맑음,단일로 - 기타,승합,남,28세,상해없음,승용,남,48세,경상
2013062000100378,2013년 6월 20일 16시,목요일,울산광역시 남구 무거동,경상사고,0,0,1,0,차대차 - 기타,안전운전불이행,기타,기타,단일로 - 기타,승용,여,58세,상해없음,이륜,남,23세,경상
2013062000100462,2013년 6월 20일 18시,목요일,울산광역시 중구 남외동,중상사고,0,1,0,0,차대사람 - 횡단중,안전운전불이행,건조,맑음,단일로 - 기타,승용,남,57세,기타불명,보행자,여,10세,중상
2013062000100463,2013년 6월 20일 18시,목요일,울산광역시 동구 전하동,경상사고,0,0,2,0,차대차 - 추돌 - 진행중,안전운전불이행,건조,맑음,교차로 - 교차로부근,승용,여,33세,상해없음,자전거,남,48세,경상
2013062000100527,2013년 6월 20일 20시,목요일,울산광역시 남구 황성동,중상사고,0,2,0,0,차대차 - 측면직각충돌,직진우회전진행방해,건조,맑음,교차로 - 교차로안,화물,남,45세,중상,승용,남,47세,중상
2013062000100528,2013년 6월 20일 20시,목요일,울산광역시 동구 화정동,중상사고,0,2,1,0,차대차 - 정면충돌,신호위반,건조,맑음,교차로 - 교차로안,이륜,남,19세,상해없음,이륜,남,23세,중상
2013062000100561,2013년 6월 20일 21시,목요일,울산광역시 중구 반구동,중상사고,0,1,0,0,차대차 - 측면직각충돌,신호위반,건조,맑음,교차로 - 교차로안,승합,남,56세,상해없음,승용,남,63세,중상
2013062000100586,2013년 6월 20일 22시,목요일,울산광역시 중구 학성동,중상사고,0,1,0,0,차대사람 - 기타,안전운전불이행,건조,맑음,교차로 - 교차로부근,승용,남,46세,상해없음,보행자,남,26세,중상
2013062000100587,2013년 6월 20일 22시,목요일,울산광역시 동구 일산동,경상사고,0,0,1,0,차대차 - 기타,안전운전불이행,건조,맑음,교차로 - 교차로부근,원동기,남,28세,상해없음,승용,남,55세,상해없음
2013062000100588,2013년 6월 20일 22시,목요일,울산광역시 동구 방어동,경상사고,0,0,1,0,차대차 - 추돌 - 주정차중,기타,건조,맑음,교차로 - 교차로부근,화물,남,41세,상해없음,이륜,남,30세,경상
2013062000100589,2013년 6월 20일 22시,목요일,울산광역시 동구 동부동,경상사고,0,0,1,0,차대차 - 추돌 - 진행중,안전거리미확보,건조,맑음,단일로 - 기타,승용,남,24세,상해없음,이륜,남,16세,경상
2013062000100622,2013년 6월 20일 23시,목요일,울산광역시 중구 반구동,경상사고,0,0,1,0,차대사람 - 보도통행중,신호위반,건조,흐림,교차로 - 교차로안,승용,남,47세,상해없음,보행자,남,18세,경상
2013062100100052,2013년 6월 21일 03시,금요일,울산광역시 남구 무거동,중상사고,0,2,0,0,차대차 - 기타,신호위반,건조,맑음,교차로 - 교차로부근,승용,여,52세,상해없음,승용,남,56세,중상
2013062100100178,2013년 6월 21일 09시,금요일,울산광역시 중구 옥교동,경상사고,0,0,3,0,차대차 - 추돌 - 진행중,안전운전불이행,건조,맑음,단일로 - 기타,승용,여,48세,경상,화물,남,48세,상해없음
2013062100100207,2013년 6월 21일 10시,금요일,울산광역시 중구 서동,경상사고,0,0,2,0,차대차 - 추돌 - 주정차중,안전운전불이행,건조,흐림,교차로 - 교차로부근,승합,여,35세,상해없음,승용,여,30세,경상
2013062100100208,2013년 6월 21일 10시,금요일,울산광역시 동구 전하동,사망사고,1,0,0,0,차대사람 - 횡단중,안전운전불이행,건조,맑음,교차로 - 교차로안,승용,여,39세,상해없음,보행자,여,74세,사망
2013062100100285,2013년 6월 21일 13시,금요일,울산광역시 울주군 상북면,중상사고,0,5,1,1,차량단독 - 공작물충돌,안전운전불이행,습기,흐림,단일로 - 기타,승용,남,19세,상해없음,,,,
2013062100100286,2013년 6월 21일 13시,금요일,울산광역시 울주군 언양읍,중상사고,0,1,0,0,차대사람 - 기타,기타,건조,맑음,교차로 - 교차로안,승합,남,62세,상해없음,보행자,여,79세,중상
2013062100100507,2013년 6월 21일 19시,금요일,울산광역시 남구 신정동,사망사고,1,0,0,0,차대사람 - 기타,안전운전불이행,기타,맑음,단일로 - 기타,화물,여,55세,상해없음,보행자,여,48세,사망
2013062100100546,2013년 6월 21일 20시,금요일,울산광역시 중구 반구동,부상신고사고,0,0,0,1,차대차 - 측면직각충돌,안전운전불이행,건조,맑음,교차로 - 교차로부근,이륜,남,17세,부상신고,승용,남,59세,상해없음
2013062100100582,2013년 6월 21일 21시,금요일,울산광역시 남구 무거동,중상사고,0,1,0,0,차대차 - 기타,안전운전불이행,건조,맑음,교차로 - 교차로부근,승용,남,45세,상해없음,자전거,남,18세,중상
2013062100100583,2013년 6월 21일 21시,금요일,울산광역시 남구 무거동,경상사고,0,0,1,0,차대차 - 추돌 - 주정차중,안전거리미확보,건조,맑음,교차로 - 교차로부근,승용,남,24세,상해없음,승용,여,54세,경상
2013062100100624,2013년 6월 21일 22시,금요일,울산광역시 북구 신천동,중상사고,0,1,0,0,차대차 - 추돌 - 진행중,안전운전불이행,건조,맑음,교차로 - 교차로부근,화물,남,55세,상해없음,승용,남,46세,중상
2013062200100060,2013년 6월 22일 01시,토요일,울산광역시 동구 서부동,중상사고,0,1,0,0,차량단독 - 공작물충돌,안전운전불이행,건조,맑음,단일로 - 기타,이륜,남,29세,중상,,,,
2013062200100061,2013년 6월 22일 01시,토요일,울산광역시 울주군 서생면,중상사고,0,4,0,0,차대차 - 정면충돌,교차로운행방법위반,건조,맑음,교차로 - 교차로안,승용,여,23세,중상,화물,남,41세,중상
2013062200100079,2013년 6월 22일 02시,토요일,울산광역시 울주군 범서읍,경상사고,0,0,1,0,차대사람 - 기타,보행자보호의무위반,건조,맑음,교차로 - 교차로안,승용,남,31세,상해없음,보행자,남,46세,경상
2013062200100113,2013년 6월 22일 04시,토요일,울산광역시 중구 우정동,경상사고,0,0,1,0,차대차 - 기타,안전운전불이행,건조,흐림,단일로 - 기타,승용,남,60세,상해없음,승용,남,50세,경상
2013062200100164,2013년 6월 22일 07시,토요일,울산광역시 울주군 두서면,중상사고,0,1,0,1,차대차 - 측면직각충돌,안전운전불이행,습기,비,교차로 - 교차로안,승용,여,25세,부상신고,승용,남,20세,중상
2013062200100216,2013년 6월 22일 09시,토요일,울산광역시 남구 무거동,중상사고,0,1,2,0,차대차 - 측면직각충돌,안전운전불이행,건조,흐림,단일로 - 기타,승용,여,45세,상해없음,승용,여,52세,중상
2013062200100273,2013년 6월 22일 11시,토요일,울산광역시 남구 달동,중상사고,0,1,0,0,차대차 - 추돌 - 진행중,안전운전불이행,건조,맑음,단일로 - 기타,승용,기타불명,기타불명,기타불명,자전거,남,63세,중상
2013062200100306,2013년 6월 22일 12시,토요일,울산광역시 울주군 범서읍,경상사고,0,0,1,0,차대차 - 기타,교차로운행방법위반,건조,맑음,교차로 - 교차로안,화물,남,61세,상해없음,승용,남,52세,경상
2013062200100379,2013년 6월 22일 14시,토요일,울산광역시 중구 남외동,부상신고사고,0,0,0,1,차대차 - 측면직각충돌,차로위반,건조,맑음,단일로 - 기타,원동기,남,17세,부상신고,승용,남,29세,상해없음
2013062200100434,2013년 6월 22일 16시,토요일,울산광역시 동구 화정동,경상사고,0,0,1,0,차대차 - 기타,안전거리미확보,건조,맑음,단일로 - 기타,승용,여,54세,상해없음,이륜,남,35세,경상
2013062200100452,2013년 6월 22일 17시,토요일,울산광역시 남구 삼산동,경상사고,0,0,1,0,차대차 - 추돌 - 진행중,안전운전불이행,건조,맑음,교차로 - 교차로안,승용,여,44세,상해없음,승용,여,58세,경상
2013062200100535,2013년 6월 22일 20시,토요일,울산광역시 남구 삼산동,중상사고,0,1,0,0,차대사람 - 횡단중,중앙선침범,건조,맑음,단일로 - 기타,승합,남,33세,상해없음,보행자,남,51세,중상
2013062200100536,2013년 6월 22일 20시,토요일,울산광역시 동구 서부동,경상사고,0,0,1,0,차대차 - 추돌 - 주정차중,안전운전불이행,건조,맑음,단일로 - 기타,승용,남,61세,상해없음,승용,남,54세,경상
2013062200100603,2013년 6월 22일 22시,토요일,울산광역시 동구 일산동,경상사고,0,0,1,0,차대차 - 기타,안전운전불이행,건조,맑음,단일로 - 기타,승용,남,38세,기타불명,승용,남,25세,상해없음
2013062200100636,2013년 6월 22일 23시,토요일,울산광역시 동구 전하동,중상사고,0,1,0,0,차대차 - 추돌 - 진행중,안전거리미확보,건조,맑음,교차로 - 교차로부근,승합,남,42세,상해없음,이륜,남,60세,중상
2013062300100063,2013년 6월 23일 01시,일요일,울산광역시 남구 무거동,중상사고,0,2,0,0,차대차 - 추돌 - 진행중,안전운전불이행,건조,맑음,교차로 - 교차로부근,승용,남,51세,상해없음,승용,남,34세,중상
2013062300100082,2013년 6월 23일 03시,일요일,울산광역시 울주군 웅촌면,경상사고,0,0,1,0,차대차 - 추돌 - 진행중,중앙선침범,습기,흐림,교차로 - 교차로부근,승용,남,26세,상해없음,승용,남,61세,경상
2013062300100106,2013년 6월 23일 05시,일요일,울산광역시 북구 효문동,중상사고,0,1,0,0,차대차 - 측면직각충돌,신호위반,습기,비,교차로 - 교차로안,승용,남,37세,상해없음,화물,여,58세,중상
2013062300100107,2013년 6월 23일 05시,일요일,울산광역시 남구 삼산동,경상사고,0,0,5,0,차대차 - 추돌 - 주정차중,안전운전불이행,습기,비,교차로 - 교차로부근,승용,남,25세,상해없음,승용,남,57세,경상
2013062300100150,2013년 6월 23일 09시,일요일,울산광역시 울주군 삼남면,사망사고,1,0,0,0,차량단독 - 전도전복,안전운전불이행,습기,비,단일로 - 기타,화물,남,57세,사망,,,,
2013062300100200,2013년 6월 23일 11시,일요일,울산광역시 남구 옥동,중상사고,0,2,1,0,차대차 - 추돌 - 주정차중,안전운전불이행,습기,비,교차로 - 교차로부근,화물,남,37세,경상,승용,남,57세,중상
2013062300100252,2013년 6월 23일 13시,일요일,울산광역시 북구 송정동,중상사고,0,1,0,0,차대차 - 기타,안전운전불이행,건조,맑음,교차로 - 교차로부근,승용,기타불명,기타불명,기타불명,승용,남,42세,중상
2013062300100253,2013년 6월 23일 13시,일요일,울산광역시 남구 매암동,경상사고,0,0,1,0,차대차 - 기타,교차로운행방법위반,건조,흐림,교차로 - 교차로안,화물,남,50세,상해없음,승용,남,31세,경상
2013062300100254,2013년 6월 23일 13시,일요일,울산광역시 울주군 청량면,중상사고,0,3,2,0,차대차 - 측면직각충돌,신호위반,건조,맑음,교차로 - 교차로안,승용,남,56세,경상,승용,남,41세,중상
2013062300100319,2013년 6월 23일 15시,일요일,울산광역시 중구 교동,경상사고,0,0,2,0,차대차 - 추돌 - 주정차중,안전운전불이행,건조,맑음,교차로 - 교차로부근,승용,남,72세,상해없음,승용,남,28세,경상
2013062300100347,2013년 6월 23일 16시,일요일,울산광역시 북구 호계동,중상사고,0,1,0,0,차대차 - 측면직각충돌,안전운전불이행,건조,맑음,단일로 - 기타,승용,남,42세,상해없음,자전거,남,51세,중상
2013062300100348,2013년 6월 23일 16시,일요일,울산광역시 남구 삼산동,경상사고,0,0,2,0,차대차 - 추돌 - 진행중,안전운전불이행,습기,비,교차로 - 교차로안,승용,남,57세,상해없음,승용,여,42세,경상
2013062300100377,2013년 6월 23일 17시,일요일,울산광역시 중구 성안동,경상사고,0,0,1,0,차대차 - 측면직각충돌,직진우회전진행방해,습기,비,교차로 - 교차로안,승용,남,40세,상해없음,이륜,남,35세,경상
2013062300100378,2013년 6월 23일 17시,일요일,울산광역시 북구 무룡동,중상사고,0,3,2,0,차대차 - 기타,안전운전불이행,건조,맑음,단일로 - 터널,승용,남,33세,상해없음,승용,남,60세,경상
2013062300100379,2013년 6월 23일 17시,일요일,울산광역시 중구 다운동,경상사고,0,0,1,0,차대차 - 측면직각충돌,교차로운행방법위반,습기,비,교차로 - 교차로안,승용,남,31세,상해없음,이륜,남,17세,경상
2013062300100475,2013년 6월 23일 20시,일요일,울산광역시 북구 효문동,경상사고,0,0,1,0,차대차 - 정면충돌,신호위반,건조,맑음,교차로 - 교차로안,승용,남,34세,상해없음,원동기,남,29세,경상
2013062300100495,2013년 6월 23일 21시,일요일,울산광역시 남구 삼산동,중상사고,0,1,0,0,차대사람 - 보도통행중,신호위반,건조,맑음,교차로 - 교차로부근,자전거,여,50세,상해없음,보행자,여,64세,중상
2013062300100496,2013년 6월 23일 21시,일요일,울산광역시 동구 일산동,경상사고,0,0,1,0,차대차 - 기타,중앙선침범,건조,맑음,기타 - 기타,승용,여,37세,상해없음,자전거,남,13세,경상
2013062300100533,2013년 6월 23일 23시,일요일,울산광역시 중구 성안동,경상사고,0,0,1,0,차대차 - 추돌 - 주정차중,안전운전불이행,건조,맑음,단일로 - 기타,승용,남,15세,상해없음,승용,남,38세,상해없음
2013062400100009,2013년 6월 24일 00시,월요일,울산광역시 중구 성남동,사망사고,1,0,0,0,차대사람 - 횡단중,안전운전불이행,건조,맑음,단일로 - 기타,승용,여,25세,상해없음,보행자,남,49세,사망
2013062400100029,2013년 6월 24일 03시,월요일,울산광역시 남구 달동,중상사고,0,3,0,0,차대차 - 기타,안전운전불이행,건조,맑음,단일로 - 기타,승용,남,24세,상해없음,승용,남,37세,중상
2013062400100033,2013년 6월 24일 04시,월요일,울산광역시 울주군 온양읍,경상사고,0,0,1,0,차량단독 - 공작물충돌,안전운전불이행,건조,흐림,단일로 - 기타,승용,남,21세,경상,,,,
2013062400100062,2013년 6월 24일 06시,월요일,울산광역시 중구 북정동,경상사고,0,0,1,0,차대차 - 측면직각충돌,신호위반,건조,맑음,교차로 - 교차로안,승용,남,54세,상해없음,화물,남,37세,경상
2013062400100063,2013년 6월 24일 06시,월요일,울산광역시 울주군 온산읍,중상사고,0,1,0,0,차대차 - 정면충돌,중앙선침범,건조,맑음,단일로 - 기타,승용,남,35세,상해없음,승용,남,54세,중상
2013062400100093,2013년 6월 24일 07시,월요일,울산광역시 동구 방어동,중상사고,0,1,0,0,차대차 - 정면충돌,중앙선침범,건조,맑음,단일로 - 기타,이륜,남,37세,중상,승용,남,48세,상해없음
2013062400100160,2013년 6월 24일 09시,월요일,울산광역시 중구 태화동,중상사고,0,1,0,0,차대차 - 측면직각충돌,안전운전불이행,건조,맑음,단일로 - 기타,승용,여,69세,상해없음,승합,여,47세,기타불명
2013062400100185,2013년 6월 24일 10시,월요일,울산광역시 남구 옥동,경상사고,0,0,1,0,차대차 - 측면직각충돌,교차로운행방법위반,건조,맑음,교차로 - 교차로안,승용,여,25세,상해없음,승용,여,46세,경상
2013062400100438,2013년 6월 24일 18시,월요일,울산광역시 북구 창평동,경상사고,0,0,1,0,차대차 - 기타,중앙선침범,건조,맑음,단일로 - 기타,승용,여,50세,상해없음,승용,남,35세,경상
2013062400100439,2013년 6월 24일 18시,월요일,울산광역시 동구 전하동,경상사고,0,0,1,0,차대차 - 측면직각충돌,안전거리미확보,건조,맑음,단일로 - 기타,승용,남,30세,상해없음,이륜,남,36세,경상
2013062400100440,2013년 6월 24일 18시,월요일,울산광역시 울주군 웅촌면,중상사고,0,3,0,0,차량단독 - 전도전복,안전운전불이행,건조,흐림,단일로 - 기타,승합,남,21세,중상,,,,
2013062400100543,2013년 6월 24일 21시,월요일,울산광역시 울주군 범서읍,경상사고,0,0,1,0,차대차 - 측면직각충돌,안전운전불이행,건조,맑음,교차로 - 교차로부근,승용,남,32세,상해없음,승용,남,44세,경상
2013062400100608,2013년 6월 24일 23시,월요일,울산광역시 남구 신정동,경상사고,0,0,3,0,차대차 - 측면직각충돌,안전운전불이행,건조,맑음,단일로 - 기타,이륜,남,18세,경상,이륜,남,18세,상해없음
2013062500100060,2013년 6월 25일 03시,화요일,울산광역시 남구 삼산동,사망사고,1,0,0,0,차대차 - 측면직각충돌,신호위반,건조,맑음,교차로 - 교차로안,이륜,남,35세,사망,승용,남,42세,상해없음
2013062500100120,2013년 6월 25일 07시,화요일,울산광역시 북구 연암동,중상사고,0,1,1,0,차대차 - 기타,안전거리미확보,건조,맑음,단일로 - 기타,승용,여,44세,상해없음,이륜,남,23세,중상
2013062500100121,2013년 6월 25일 07시,화요일,울산광역시 북구 양정동,중상사고,0,1,0,0,차대사람 - 기타,신호위반,건조,맑음,교차로 - 교차로안,화물,남,66세,상해없음,보행자,여,45세,중상
2013062500100122,2013년 6월 25일 07시,화요일,울산광역시 북구 신명동,경상사고,0,0,1,0,차대차 - 측면직각충돌,교차로운행방법위반,건조,맑음,교차로 - 교차로안,화물,남,54세,상해없음,이륜,여,60세,경상
2013062500100158,2013년 6월 25일 08시,화요일,울산광역시 중구 남외동,경상사고,0,0,1,0,차대차 - 측면직각충돌,안전운전불이행,건조,맑음,교차로 - 교차로안,건설기계,남,46세,상해없음,승용,남,52세,경상
2013062500100187,2013년 6월 25일 09시,화요일,울산광역시 중구 학산동,중상사고,0,1,1,0,차대차 - 기타,신호위반,건조,맑음,교차로 - 교차로안,승용,남,49세,중상,승용,여,47세,경상
2013062500100248,2013년 6월 25일 11시,화요일,울산광역시 동구 전하동,경상사고,0,0,1,0,차량단독 - 기타,기타,건조,맑음,교차로 - 교차로부근,승합,남,32세,상해없음,,,,
2013062500100409,2013년 6월 25일 16시,화요일,울산광역시 남구 삼산동,중상사고,0,1,0,0,차대사람 - 기타,안전운전불이행,건조,맑음,기타 - 기타,승합,남,40세,상해없음,보행자,남,22세,중상