사고번호,사고일시,요일,시군구,사고내용,사망자수,중상자수,경상자수,부상신고자수,사고유형,법규위반,노면상태,기상상태,도로형태,가해운전자 차종,가해운전자 성별,가해운전자 연령,가해운전자 상해정도,피해운전자 차종,피해운전자 성별,피해운전자 연령,피해운전자 상해정도
2013062500100536,2013년 6월 25일 19시,화요일,울산광역시 남구 신정동,중상사고,0,1,2,0,차대차 - 측면직각충돌,직진우회전진행방해,습기,비,교차로 - 교차로안,이륜,남,20세,중상,승용,남,39세,경상
2013062500100537,2013년 6월 25일 19시,화요일,울산광역시 남구 선암동,중상사고,0,1,0,0,차대차 - 기타,안전운전불이행,습기,비,단일로 - 기타,승용,남,49세,상해없음,원동기,남,51세,중상
2013062500100586,2013년 6월 25일 20시,화요일,울산광역시 북구 진장동,중상사고,0,1,0,0,차대사람 - 횡단중,안전운전불이행,습기,비,단일로 - 기타,승용,남,32세,상해없음,보행자,여,55세,중상
2013062500100587,2013년 6월 25일 20시,화요일,울산광역시 중구 학산동,중상사고,0,1,1,0,차대차 - 추돌 - 진행중,안전운전불이행,습기,비,단일로 - 기타,화물,남,38세,상해없음,승용,여,51세,상해없음
2013062500100588,2013년 6월 25일 20시,화요일,울산광역시 울주군 서생면,중상사고,0,1,0,2,차대차 - 기타,중앙선침범,습기,비,단일로 - 기타,승용,여,22세,상해없음,승용,여,36세,중상
2013062500100698,2013년 6월 25일 23시,화요일,울산광역시 북구 상안동,경상사고,0,0,2,0,차대차 - 기타,안전운전불이행,습기,비,단일로 - 기타,승용,여,49세,경상,화물,남,40세,상해없음
2013062600100035,2013년 6월 26일 00시,수요일,울산광역시 남구 삼산동,경상사고,0,0,3,0,차대차 - 기타,신호위반,습기,비,교차로 - 교차로안,승용,여,48세,경상,승용,남,63세,경상
2013062600100036,2013년 6월 26일 00시,수요일,울산광역시 남구 삼산동,중상사고,0,2,1,0,차대차 - 기타,안전운전불이행,습기,비,단일로 - 기타,승용,남,38세,상해없음,승용,여,48세,중상
2013062600100066,2013년 6월 26일 01시,수요일,울산광역시 중구 성남동,경상사고,0,0,1,0,차대차 - 추돌 - 주정차중,안전운전불이행,습기,비,단일로 - 기타,승용,남,25세,상해없음,승용,여,42세,기타불명
2013062600100101,2013년 6월 26일 04시,수요일,울산광역시 남구 삼산동,경상사고,0,0,2,0,차대차 - 기타,안전운전불이행,습기,비,교차로 - 교차로부근,승용,여,20세,경상,승용,남,45세,상해없음
2013062600100198,2013년 6월 26일 08시,수요일,울산광역시 남구 달동,경상사고,0,0,1,0,차대사람 - 차도통행중,안전운전불이행,건조,맑음,교차로 - 교차로부근,승용,기타불명,기타불명,기타불명,보행자,남,17세,경상
2013062600100199,2013년 6월 26일 08시,수요일,울산광역시 울주군 웅촌면,부상신고사고,0,0,0,1,차량단독 - 공작물충돌,안전운전불이행,건조,맑음,단일로 - 기타,승용,여,39세,부상신고,,,,
2013062600100349,2013년 6월 26일 14시,수요일,울산광역시 남구 달동,경상사고,0,0,1,0,차대차 - 추돌 - 주정차중,안전거리미확보,건조,맑음,단일로 - 기타,승용,남,62세,상해없음,승용,여,43세,경상
2013062600100667,2013년 6월 26일 23시,수요일,울산광역시 남구 무거동,중상사고,0,1,0,0,차대차 - 측면직각충돌,신호위반,건조,맑음,교차로 - 교차로안,화물,남,25세,상해없음,승용,남,59세,중상
2013062700100019,2013년 6월 27일 00시,목요일,울산광역시 남구 달동,경상사고,0,0,1,0,차대사람 - 기타,불법유턴,건조,맑음,단일로 - 기타,승용,여,23세,상해없음,보행자,남,28세,경상
2013062700100038,2013년 6월 27일 02시,목요일,울산광역시 남구 삼산동,중상사고,0,1,2,0,차대차 - 측면직각충돌,교차로운행방법위반,건조,맑음,교차로 - 교차로안,승용,남,58세,중상,승용,여,27세,상해없음
2013062700100039,2013년 6월 27일 02시,목요일,울산광역시 남구 달동,중상사고,0,1,0,0,차대차 - 기타,신호위반,기타,기타,교차로 - 교차로안,승용,여,61세,상해없음,승용,남,34세,상해없음
2013062700100419,2013년 6월 27일 18시,목요일,울산광역시 남구 삼산동,경상사고,0,0,1,0,차대차 - 측면직각충돌,안전운전불이행,건조,맑음,교차로 - 교차로부근,자전거,남,14세,경상,승용,남,58세,상해없음
2013062700100475,2013년 6월 27일 20시,목요일,울산광역시 남구 삼산동,중상사고,0,1,0,0,차대차 - 추돌 - 진행중,안전거리미확보,건조,맑음,단일로 - 기타,승용,남,55세,상해없음,승용,남,28세,중상
2013062700100476,2013년 6월 27일 20시,목요일,울산광역시 남구 신정동,중상사고,0,1,0,0,차대사람 - 횡단중,안전운전불이행,건조,맑음,단일로 - 횡단보도상,승용,여,33세,상해없음,보행자,남,71세,중상
2013062700100477,2013년 6월 27일 20시,목요일,울산광역시 남구 삼산동,경상사고,0,0,2,0,차대차 - 측면직각충돌,차로위반,건조,맑음,단일로 - 기타,승용,남,55세,경상,승용,남,47세,경상
2013062700100478,2013년 6월 27일 20시,목요일,울산광역시 울주군 범서읍,부상신고사고,0,0,0,1,차대사람 - 길가장자리구역통행중,안전운전불이행,건조,맑음,단일로 - 기타,기타불명,기타불명,기타불명,기타불명,보행자,남,16세,부상신고
2013062700100510,2013년 6월 27일 21시,목요일,울산광역시 울주군 언양읍,경상사고,0,0,1,0,차대차 - 추돌 - 진행중,안전운전불이행,건조,맑음,교차로 - 교차로안,승용,남,24세,상해없음,승용,여,57세,경상
2013062800100025,2013년 6월 28일 00시,금요일,울산광역시 남구 삼산동,중상사고,0,1,0,0,차대사람 - 횡단중,안전운전불이행,건조,맑음,단일로 - 기타,승용,남,50세,상해없음,보행자,남,38세,중상
2013062800100026,2013년 6월 28일 00시,금요일,울산광역시 남구 여천동,경상사고,0,0,2,0,차대차 - 추돌 - 주정차중,안전운전불이행,건조,맑음,교차로 - 교차로부근,승용,남,57세,상해없음,승용,여,23세,경상
2013062800100076,2013년 6월 28일 04시,금요일,울산광역시 북구 매곡동,중상사고,0,2,1,0,차대차 - 측면직각충돌,안전운전불이행,건조,흐림,교차로 - 교차로안,승용,남,42세,상해없음,승용,남,52세,중상
2013062800100223,2013년 6월 28일 10시,금요일,울산광역시 동구 서부동,경상사고,0,0,1,0,차대차 - 측면직각충돌,안전운전불이행,건조,맑음,교차로 - 교차로부근,화물,남,62세,상해없음,승용,여,24세,경상
2013062800100282,2013년 6월 28일 12시,금요일,울산광역시 동구 화정동,중상사고,0,1,0,0,차대사람 - 보도통행중,기타,건조,맑음,기타 - 기타,승용,여,48세,상해없음,보행자,여,72세,중상
2013062800100422,2013년 6월 28일 16시,금요일,울산광역시 울주군 언양읍,경상사고,0,0,1,0,차대차 - 정면충돌,중앙선침범,건조,맑음,교차로 - 교차로부근,승용,남,74세,상해없음,승용,남,52세,기타불명
2013062800100468,2013년 6월 28일 17시,금요일,울산광역시 중구 학성동,경상사고,0,0,1,0,차대차 - 측면직각충돌,차로위반,건조,맑음,단일로 - 기타,승용,여,44세,상해없음,승용,남,61세,경상
2013062800100503,2013년 6월 28일 18시,금요일,울산광역시 남구 야음동,부상신고사고,0,0,0,1,차대차 - 정면충돌,중앙선침범,건조,맑음,교차로 - 교차로부근,이륜,남,21세,부상신고,승용,여,58세,상해없음
2013062800100599,2013년 6월 28일 21시,금요일,울산광역시 남구 무거동,경상사고,0,0,1,0,차대사람 - 길가장자리구역통행중,안전운전불이행,건조,맑음,단일로 - 기타,승용,남,52세,상해없음,보행자,남,51세,경상
2013062800100600,2013년 6월 28일 21시,금요일,울산광역시 남구 달동,부상신고사고,0,0,0,1,차대차 - 측면직각충돌,안전운전불이행,건조,맑음,교차로 - 교차로안,자전거,여,41세,부상신고,승용,남,76세,상해없음
2013062900100025,2013년 6월 29일 00시,토요일,울산광역시 남구 야음동,중상사고,0,1,0,0,차량단독 - 기타,안전운전불이행,건조,맑음,교차로 - 교차로부근,승용,남,50세,상해없음,,,,
2013062900100040,2013년 6월 29일 01시,토요일,울산광역시 울주군 온양읍,중상사고,0,1,0,0,차대차 - 측면직각충돌,안전거리미확보,건조,맑음,단일로 - 기타,승용,남,58세,상해없음,승용,남,31세,중상
2013062900100114,2013년 6월 29일 06시,토요일,울산광역시 중구 옥교동,경상사고,0,0,2,0,차대차 - 측면직각충돌,안전거리미확보,건조,맑음,교차로 - 교차로부근,승용,남,20세,상해없음,승용,남,50세,경상
2013062900100115,2013년 6월 29일 06시,토요일,울산광역시 동구 서부동,중상사고,0,1,0,0,차대차 - 추돌 - 주정차중,안전운전불이행,건조,맑음,단일로 - 기타,이륜,남,45세,상해없음,승용,남,32세,중상
2013062900100157,2013년 6월 29일 08시,토요일,울산광역시 울주군 온양읍,경상사고,0,0,1,0,차대사람 - 길가장자리구역통행중,안전운전불이행,건조,맑음,교차로 - 교차로부근,승합,여,57세,상해없음,보행자,여,17세,경상
2013062900100325,2013년 6월 29일 13시,토요일,울산광역시 남구 신정동,중상사고,0,1,0,0,차대차 - 기타,안전운전불이행,건조,맑음,단일로 - 기타,승용,남,64세,상해없음,원동기,남,16세,중상
2013062900100387,2013년 6월 29일 15시,토요일,울산광역시 북구 효문동,경상사고,0,0,1,0,차대차 - 기타,안전운전불이행,건조,맑음,단일로 - 기타,이륜,남,27세,상해없음,승합,남,52세,상해없음
2013062900100388,2013년 6월 29일 15시,토요일,울산광역시 울주군 온산읍,중상사고,0,1,0,0,차대차 - 추돌 - 주정차중,안전거리미확보,건조,맑음,교차로 - 교차로부근,승용,남,34세,상해없음,승용,남,30세,중상
2013062900100430,2013년 6월 29일 16시,토요일,울산광역시 동구 전하동,경상사고,0,0,1,0,차대차 - 측면직각충돌,안전운전불이행,건조,맑음,단일로 - 기타,승용,여,34세,상해없음,이륜,남,61세,경상
2013062900100480,2013년 6월 29일 17시,토요일,울산광역시 동구 전하동,중상사고,0,1,0,0,차대사람 - 횡단중,보행자보호의무위반,건조,맑음,단일로 - 횡단보도상,승용,남,44세,상해없음,보행자,여,42세,중상
2013062900100555,2013년 6월 29일 19시,토요일,울산광역시 남구 삼산동,경상사고,0,0,2,0,차량단독 - 기타,안전운전불이행,기타,기타,단일로 - 기타,승용,남,60세,상해없음,,,,
2013062900100631,2013년 6월 29일 21시,토요일,울산광역시 동구 일산동,경상사고,0,0,1,0,차대사람 - 차도통행중,안전운전불이행,건조,맑음,단일로 - 기타,승용,남,30세,상해없음,보행자,남,29세,경상
2013062900100688,2013년 6월 29일 23시,토요일,울산광역시 남구 달동,중상사고,0,1,0,0,차량단독 - 기타,안전운전불이행,건조,맑음,교차로 - 교차로안,승용,남,50세,상해없음,,,,
2013063000100042,2013년 6월 30일 01시,일요일,울산광역시 동구 화정동,경상사고,0,0,1,0,차량단독 - 전도전복,안전운전불이행,건조,맑음,단일로 - 기타,원동기,남,18세,경상,,,,
2013063000100066,2013년 6월 30일 02시,일요일,울산광역시 중구 옥교동,경상사고,0,0,2,0,차대차 - 기타,안전운전불이행,건조,맑음,단일로 - 기타,승용,남,33세,상해없음,승합,남,24세,상해없음
2013063000100181,2013년 6월 30일 09시,일요일,울산광역시 동구 전하동,경상사고,0,0,2,0,차대차 - 측면직각충돌,교차로운행방법위반,건조,맑음,교차로 - 교차로안,승용,남,62세,상해없음,이륜,남,52세,경상
2013063000100199,2013년 6월 30일 10시,일요일,울산광역시 북구 염포동,경상사고,0,0,1,0,차대차 - 기타,교차로운행방법위반,건조,맑음,교차로 - 교차로안,승용,남,45세,상해없음,자전거,남,8세,경상
2013063000100239,2013년 6월 30일 12시,일요일,울산광역시 남구 야음동,중상사고,0,1,0,0,차대차 - 측면직각충돌,신호위반,건조,맑음,교차로 - 교차로안,이륜,남,27세,중상,승합,남,59세,상해없음
2013063000100240,2013년 6월 30일 12시,일요일,울산광역시 울주군 언양읍,부상신고사고,0,0,0,1,차량단독 - 공작물충돌,안전운전불이행,건조,맑음,교차로 - 교차로부근,이륜,남,60세,부상신고,,,,
2013063000100296,2013년 6월 30일 14시,일요일,울산광역시 남구 신정동,중상사고,0,2,0,0,차대차 - 기타,안전운전불이행,기타,기타,단일로 - 기타,승용,남,66세,상해없음,승용,남,61세,상해없음
2013063000100468,2013년 6월 30일 20시,일요일,울산광역시 남구 무거동,경상사고,0,0,1,0,차대사람 - 횡단중,보행자보호의무위반,건조,맑음,교차로 - 교차로안,승용,남,53세,상해없음,보행자,남,69세,경상
2013063000100494,2013년 6월 30일 21시,일요일,울산광역시 중구 남외동,중상사고,0,1,1,0,차대차 - 측면직각충돌,신호위반,건조,맑음,교차로 - 교차로안,승용,남,58세,상해없음,승용,남,65세,경상
2013063000100495,2013년 6월 30일 21시,일요일,울산광역시 중구 태화동,경상사고,0,0,1,0,차대사람 - 횡단중,신호위반,건조,맑음,교차로 - 교차로부근,자전거,남,16세,상해없음,보행자,남,17세,경상
2013063000100496,2013년 6월 30일 21시,일요일,울산광역시 남구 달동,경상사고,0,0,1,0,차대차 - 기타,중앙선침범,건조,맑음,단일로 - 기타,자전거,남,73세,경상,승용,남,34세,상해없음
2013063000100535,2013년 6월 30일 23시,일요일,울산광역시 남구 달동,경상사고,0,0,2,0,차대차 - 추돌 - 주정차중,안전거리미확보,건조,맑음,단일로 - 기타,승용,남,47세,상해없음,승용,남,32세,경상
2013063000100536,2013년 6월 30일 23시,일요일,울산광역시 남구 달동,경상사고,0,0,1,0,차대차 - 측면직각충돌,안전운전불이행,건조,맑음,단일로 - 기타,승용,남,22세,상해없음,승용,남,32세,경상
2013063000100537,2013년 6월 30일 23시,일요일,울산광역시 남구 삼산동,중상사고,0,1,0,0,차대차 - 측면직각충돌,신호위반,기타,맑음,교차로 - 교차로안,승용,남,19세,상해없음,승용,남,62세,중상
2013070100100037,2013년 7월 1일 04시,월요일,울산광역시 북구 연암동,중상사고,0,1,0,0,차량단독 - 공작물충돌,안전운전불이행,건조,맑음,교차로 - 교차로부근,승용,여,30세,중상,,,,
2013070100100085,2013년 7월 1일 07시,월요일,울산광역시 중구 유곡동,경상사고,0,0,1,0,차대사람 - 횡단중,안전운전불이행,건조,맑음,단일로 - 기타,승용,남,46세,상해없음,보행자,남,17세,경상
2013070100100086,2013년 7월 1일 07시,월요일,울산광역시 북구 염포동,사망사고,1,0,0,0,차대차 - 추돌 - 주정차중,안전운전불이행,건조,맑음,단일로 - 기타,이륜,남,17세,사망,승합,남,55세,상해없음
2013070100100120,2013년 7월 1일 08시,월요일,울산광역시 북구 천곡동,경상사고,0,0,1,0,차대사람 - 길가장자리구역통행중,안전운전불이행,건조,맑음,단일로 - 기타,승용,기타불명,기타불명,기타불명,보행자,여,17세,경상
2013070100100121,2013년 7월 1일 08시,월요일,울산광역시 동구 화정동,경상사고,0,0,1,0,차대사람 - 횡단중,신호위반,건조,맑음,단일로 - 횡단보도상,승용,남,24세,상해없음,보행자,여,13세,경상
2013070100100122,2013년 7월 1일 08시,월요일,울산광역시 울주군 웅촌면,부상신고사고,0,0,0,2,차대차 - 추돌 - 진행중,교차로운행방법위반,건조,맑음,교차로 - 교차로안,승용,남,73세,부상신고,화물,남,56세,상해없음
2013070100100158,2013년 7월 1일 09시,월요일,울산광역시 북구 호계동,경상사고,0,0,4,0,차대차 - 측면직각충돌,교차로운행방법위반,건조,맑음,교차로 - 교차로안,승용,여,43세,경상,승용,남,54세,경상
2013070100100180,2013년 7월 1일 10시,월요일,울산광역시 북구 호계동,경상사고,0,0,1,0,차대차 - 측면직각충돌,안전거리미확보,건조,맑음,단일로 - 기타,특수,남,43세,상해없음,승용,남,28세,경상
2013070100100238,2013년 7월 1일 12시,월요일,울산광역시 울주군 범서읍,중상사고,0,1,0,0,차대차 - 정면충돌,중앙선침범,건조,맑음,단일로 - 기타,승용,남,67세,상해없음,건설기계,남,36세,중상
2013070100100299,2013년 7월 1일 14시,월요일,울산광역시 울주군 범서읍,경상사고,0,0,2,0,차대차 - 추돌 - 진행중,중앙선침범,건조,맑음,단일로 - 기타,승용,여,53세,경상,화물,남,47세,경상
2013070100100406,2013년 7월 1일 17시,월요일,울산광역시 북구 진장동,경상사고,0,0,1,0,차대차 - 측면직각충돌,안전운전불이행,건조,맑음,단일로 - 기타,승용,여,44세,상해없음,승용,남,27세,경상
2013070100100407,2013년 7월 1일 17시,월요일,울산광역시 북구 진장동,중상사고,0,1,1,0,차대차 - 측면직각충돌,안전거리미확보,건조,맑음,단일로 - 기타,승용,남,57세,상해없음,승합,남,45세,경상
2013070100100429,2013년 7월 1일 18시,월요일,울산광역시 남구 선암동,경상사고,0,0,1,0,차대사람 - 기타,안전운전불이행,기타,기타,단일로 - 기타,승용,남,44세,상해없음,보행자,남,57세,경상
2013070100100430,2013년 7월 1일 18시,월요일,울산광역시 남구 무거동,중상사고,0,1,0,0,차대차 - 기타,신호위반,건조,맑음,교차로 - 교차로안,승용,여,54세,상해없음,이륜,남,34세,중상
2013070100100486,2013년 7월 1일 20시,월요일,울산광역시 동구 방어동,경상사고,0,0,1,0,차대차 - 추돌 - 주정차중,안전거리미확보,건조,맑음,단일로 - 기타,이륜,남,41세,경상,이륜,남,32세,상해없음
2013070100100527,2013년 7월 1일 21시,월요일,울산광역시 북구 효문동,경상사고,0,0,6,1,차대차 - 정면충돌,신호위반,건조,맑음,교차로 - 교차로안,화물,남,40세,부상신고,승합,남,45세,경상
2013070200100034,2013년 7월 2일 01시,화요일,울산광역시 남구 달동,경상사고,0,0,1,0,차대사람 - 기타,안전운전불이행,건조,맑음,단일로 - 기타,승용,남,21세,상해없음,보행자,남,37세,경상
2013070200100044,2013년 7월 2일 02시,화요일,울산광역시 남구 야음동,경상사고,0,0,1,0,차대차 - 기타,안전운전불이행,기타,기타,교차로 - 교차로부근,승용,여,47세,상해없음,승용,남,30세,경상
2013070200100134,2013년 7월 2일 07시,화요일,울산광역시 중구 다운동,경상사고,0,0,1,0,차대차 - 추돌 - 진행중,안전운전불이행,건조,맑음,교차로 - 교차로부근,승용,남,69세,상해없음,승용,남,53세,경상
2013070200100156,2013년 7월 2일 08시,화요일,울산광역시 북구 신천동,중상사고,0,1,0,0,차대차 - 추돌 - 주정차중,안전거리미확보,습기,맑음,교차로 - 교차로부근,화물,남,44세,상해없음,화물,남,37세,중상
2013070200100157,2013년 7월 2일 08시,화요일,울산광역시 중구 태화동,경상사고,0,0,1,0,차대사람 - 기타,안전운전불이행,건조,흐림,단일로 - 기타,승용,여,54세,상해없음,보행자,남,44세,경상
2013070200100158,2013년 7월 2일 08시,화요일,울산광역시 남구 신정동,경상사고,0,0,1,1,차대차 - 측면직각충돌,안전운전불이행,건조,맑음,교차로 - 교차로안,승용,여,23세,부상신고,승합,남,31세,경상
2013070200100159,2013년 7월 2일 08시,화요일,울산광역시 울주군 삼남면,중상사고,0,1,1,0,차대차 - 측면직각충돌,직진우회전진행방해,건조,맑음,교차로 - 교차로안,승용,여,46세,경상,화물,남,30세,상해없음
2013070200100160,2013년 7월 2일 08시,화요일,울산광역시 울주군 범서읍,경상사고,0,0,2,0,차대차 - 기타,중앙선침범,건조,맑음,단일로 - 기타,승용,남,46세,상해없음,승용,여,41세,경상
2013070200100195,2013년 7월 2일 09시,화요일,울산광역시 남구 무거동,중상사고,0,1,1,0,차대차 - 측면직각충돌,교차로운행방법위반,건조,맑음,교차로 - 교차로안,승용,여,49세,중상,승용,여,56세,경상
2013070200100216,2013년 7월 2일 10시,화요일,울산광역시 울주군 온산읍,경상사고,0,0,1,0,차대차 - 추돌 - 주정차중,안전거리미확보,건조,맑음,교차로 - 교차로부근,화물,남,30세,상해없음,승용,여,61세,경상
2013070200100238,2013년 7월 2일 11시,화요일,울산광역시 동구 서부동,중상사고,0,1,1,0,차대차 - 측면직각충돌,안전운전불이행,건조,흐림,단일로 - 기타,승용,남,43세,상해없음,승용,남,49세,경상
2013070200100239,2013년 7월 2일 11시,화요일,울산광역시 울주군 온산읍,경상사고,0,0,1,0,차대차 - 추돌 - 진행중,기타,건조,맑음,교차로 - 교차로안,화물,남,44세,상해없음,화물,남,36세,경상
2013070200100377,2013년 7월 2일 16시,화요일,울산광역시 울주군 청량면,중상사고,0,2,0,0,차대차 - 정면충돌,안전운전불이행,건조,맑음,교차로 - 교차로부근,승용,남,55세,상해없음,승용,여,30세,중상
2013070200100481,2013년 7월 2일 19시,화요일,울산광역시 남구 야음동,중상사고,0,1,0,0,차대차 - 추돌 - 주정차중,안전운전불이행,건조,맑음,단일로 - 횡단보도부근,승용,남,30세,상해없음,이륜,남,42세,중상
2013070200100482,2013년 7월 2일 19시,화요일,울산광역시 울주군 온산읍,중상사고,0,1,0,0,차대사람 - 길가장자리구역통행중,안전운전불이행,건조,맑음,단일로 - 기타,승용,남,46세,상해없음,보행자,여,61세,중상
2013070200100608,2013년 7월 2일 22시,화요일,울산광역시 북구 신천동,중상사고,0,1,0,0,차대차 - 정면충돌,중앙선침범,건조,맑음,단일로 - 기타,승용,여,31세,상해없음,승용,여,50세,중상
2013070200100630,2013년 7월 2일 23시,화요일,울산광역시 동구 방어동,경상사고,0,0,1,0,차대차 - 추돌 - 진행중,안전거리미확보,건조,흐림,교차로 - 교차로부근,승용,남,59세,상해없음,이륜,남,22세,경상
2013070300100021,2013년 7월 3일 00시,수요일,울산광역시 남구 야음동,중상사고,0,2,0,0,차대차 - 측면직각충돌,신호위반,건조,맑음,교차로 - 교차로안,승용,남,47세,상해없음,이륜,남,22세,중상
2013070300100036,2013년 7월 3일 01시,수요일,울산광역시 남구 신정동,중상사고,0,1,0,0,차대사람 - 횡단중,안전운전불이행,건조,맑음,단일로 - 기타,승용,남,61세,상해없음,보행자,남,58세,중상
2013070300100113,2013년 7월 3일 07시,수요일,울산광역시 북구 상안동,중상사고,0,1,1,0,차대차 - 측면직각충돌,교차로운행방법위반,건조,맑음,교차로 - 교차로부근,승용,남,26세,경상,승용,남,37세,중상
2013070300100174,2013년 7월 3일 09시,수요일,울산광역시 남구 무거동,경상사고,0,0,1,0,차대차 - 추돌 - 주정차중,안전운전불이행,습기,비,교차로 - 교차로부근,승용,남,32세,상해없음,승합,여,45세,경상
2013070300100255,2013년 7월 3일 12시,수요일,울산광역시 중구 성안동,중상사고,0,3,0,0,차대사람 - 길가장자리구역통행중,중앙선침범,건조,맑음,단일로 - 기타,승용,여,36세,상해없음,보행자,여,48세,중상
2013070300100256,2013년 7월 3일 12시,수요일,울산광역시 남구 옥동,중상사고,0,1,1,0,차대차 - 추돌 - 진행중,안전운전불이행,건조,맑음,단일로 - 기타,승용,남,60세,상해없음,승용,여,55세,중상
2013070300100416,2013년 7월 3일 17시,수요일,울산광역시 동구 방어동,경상사고,0,0,1,0,차대사람 - 횡단중,안전운전불이행,건조,맑음,교차로 - 교차로부근,이륜,남,71세,상해없음,보행자,남,5세,경상
2013070300100462,2013년 7월 3일 18시,수요일,울산광역시 중구 태화동,중상사고,0,1,0,0,차대사람 - 횡단중,안전운전불이행,건조,맑음,교차로 - 교차로부근,승용,여,39세,상해없음,보행자,여,20세,중상
2013070300100463,2013년 7월 3일 18시,수요일,울산광역시 남구 신정동,중상사고,0,2,0,1,차대차 - 측면직각충돌,교차로운행방법위반,건조,맑음,교차로 - 교차로안,승용,남,38세,부상신고,승용,여,45세,중상
2013070300100464,2013년 7월 3일 18시,수요일,울산광역시 남구 두왕동,중상사고,0,1,1,0,차대차 - 추돌 - 주정차중,안전거리미확보,건조,맑음,단일로 - 기타,승용,여,60세,상해없음,승용,남,38세,중상
2013070300100465,2013년 7월 3일 18시,수요일,울산광역시 울주군 온양읍,경상사고,0,0,1,0,차대차 - 추돌 - 주정차중,안전거리미확보,건조,맑음,단일로 - 기타,승용,여,39세,기타불명,화물,남,50세,경상
2013070300100489,2013년 7월 3일 19시,수요일,울산광역시 중구 태화동,중상사고,0,1,0,0,차대차 - 측면직각충돌,차로위반,건조,맑음,단일로 - 기타,승합,남,54세,상해없음,원동기,남,22세,중상
2013070300100521,2013년 7월 3일 20시,수요일,울산광역시 중구 반구동,중상사고,0,1,0,0,차대차 - 측면직각충돌,안전운전불이행,건조,흐림,단일로 - 기타,승용,남,34세,상해없음,자전거,남,21세,중상
2013070300100522,2013년 7월 3일 20시,수요일,울산광역시 남구 야음동,경상사고,0,0,1,0,차대차 - 측면직각충돌,안전운전불이행,건조,맑음,교차로 - 교차로부근,승용,남,29세,상해없음,이륜,남,17세,경상
2013070300100523,2013년 7월 3일 20시,수요일,울산광역시 남구 신정동,경상사고,0,0,2,0,차대차 - 추돌 - 주정차중,안전운전불이행,건조,흐림,단일로 - 기타,승용,남,51세,상해없음,승용,여,44세,경상
2013070300100589,2013년 7월 3일 22시,수요일,울산광역시 남구 무거동,부상신고사고,0,0,0,1,차대사람 - 기타,안전운전불이행,건조,맑음,교차로 - 교차로안,승용,남,29세,상해없음,보행자,남,47세,부상신고
2013070300100611,2013년 7월 3일 23시,수요일,울산광역시 동구 전하동,경상사고,0,0,2,0,차대차 - 측면직각충돌,교차로운행방법위반,건조,맑음,교차로 - 교차로안,승용,남,71세,상해없음,이륜,남,32세,경상
2013070400100041,2013년 7월 4일 01시,목요일,울산광역시 중구 학성동,경상사고,0,0,1,0,차대사람 - 횡단중,안전운전불이행,습기,비,단일로 - 기타,승용,남,68세,상해없음,보행자,남,56세,경상
2013070400100050,2013년 7월 4일 02시,목요일,울산광역시 남구 달동,중상사고,0,1,0,0,차대사람 - 길가장자리구역통행중,안전운전불이행,건조,맑음,교차로 - 교차로안,승용,여,50세,상해없음,보행자,남,50세,중상
2013070400100088,2013년 7월 4일 06시,목요일,울산광역시 동구 방어동,중상사고,0,1,1,0,차대차 - 측면직각충돌,교차로운행방법위반,건조,맑음,교차로 - 교차로안,승용,여,50세,상해없음,이륜,남,48세,경상
2013070400100114,2013년 7월 4일 07시,목요일,울산광역시 중구 성남동,경상사고,0,0,1,0,차대차 - 측면직각충돌,중앙선침범,건조,흐림,교차로 - 교차로안,이륜,남,24세,경상,화물,남,60세,상해없음
2013070400100152,2013년 7월 4일 08시,목요일,울산광역시 북구 신천동,경상사고,0,0,1,0,차대사람 - 횡단중,안전운전불이행,건조,맑음,단일로 - 기타,화물,남,41세,상해없음,보행자,남,6세,경상
2013070400100184,2013년 7월 4일 10시,목요일,울산광역시 울주군 온양읍,중상사고,0,1,0,0,차대차 - 추돌 - 주정차중,안전운전불이행,건조,맑음,단일로 - 기타,승용,여,38세,상해없음,승용,여,41세,중상
2013070400100202,2013년 7월 4일 10시,목요일,울산광역시 남구 달동,중상사고,0,1,0,0,차대사람 - 기타,안전운전불이행,건조,흐림,단일로 - 기타,화물,남,59세,상해없음,보행자,여,69세,중상
2013070400100256,2013년 7월 4일 12시,목요일,울산광역시 북구 신천동,중상사고,0,1,0,0,차대차 - 측면직각충돌,직진우회전진행방해,습기,비,교차로 - 교차로안,화물,남,57세,상해없음,이륜,남,60세,중상
2013070400100257,2013년 7월 4일 12시,목요일,울산광역시 울주군 온산읍,중상사고,0,1,0,0,차대차 - 기타,교차로운행방법위반,건조,맑음,교차로 - 교차로부근,승용,여,53세,상해없음,원동기,남,55세,중상
2013070400100279,2013년 7월 4일 13시,목요일,울산광역시 중구 우정동,부상신고사고,0,0,0,1,차대차 - 측면직각충돌,안전운전불이행,건조,맑음,단일로 - 기타,자전거,남,90세 이상,부상신고,승용,남,90세 이상,상해없음
2013070400100323,2013년 7월 4일 15시,목요일,울산광역시 동구 전하동,경상사고,0,0,1,0,차대차 - 기타,안전거리미확보,건조,맑음,단일로 - 기타,화물,남,34세,상해없음,이륜,남,30세,경상
2013070400100346,2013년 7월 4일 16시,목요일,울산광역시 북구 호계동,경상사고,0,0,1,0,차대차 - 측면직각충돌,안전운전불이행,건조,흐림,교차로 - 교차로안,자전거,남,7세,경상,화물,남,49세,상해없음