사고번호,사고일시,요일,시군구,사고내용,사망자수,중상자수,경상자수,부상신고자수,사고유형,법규위반,노면상태,기상상태,도로형태,가해운전자 차종,가해운전자 성별,가해운전자 연령,가해운전자 상해정도,피해운전자 차종,피해운전자 성별,피해운전자 연령,피해운전자 상해정도
2013070400100387,2013년 7월 4일 17시,목요일,울산광역시 남구 달동,경상사고,0,0,1,0,차대차 - 기타,교차로운행방법위반,건조,맑음,교차로 - 교차로안,이륜,남,47세,상해없음,승용,여,41세,경상
2013070400100388,2013년 7월 4일 17시,목요일,울산광역시 남구 옥동,중상사고,0,2,0,0,차대차 - 기타,안전운전불이행,건조,맑음,단일로 - 기타,화물,남,58세,상해없음,승용,여,53세,중상
2013070400100423,2013년 7월 4일 18시,목요일,울산광역시 남구 삼산동,경상사고,0,0,1,0,차대차 - 추돌 - 진행중,안전거리미확보,습기,비,교차로 - 교차로부근,승용,남,59세,상해없음,승용,남,50세,경상
2013070400100559,2013년 7월 4일 21시,목요일,울산광역시 남구 선암동,경상사고,0,0,1,0,차대차 - 추돌 - 진행중,안전운전불이행,습기,비,단일로 - 기타,승용,남,38세,상해없음,이륜,남,43세,경상
2013070400100615,2013년 7월 4일 22시,목요일,울산광역시 남구 신정동,중상사고,0,2,0,0,차대차 - 추돌 - 주정차중,안전운전불이행,습기,비,단일로 - 기타,승용,남,38세,상해없음,승용,남,62세,중상
2013070400100616,2013년 7월 4일 22시,목요일,울산광역시 울주군 온산읍,중상사고,0,1,0,0,차대사람 - 횡단중,안전운전불이행,습기,비,교차로 - 교차로부근,승용,남,64세,상해없음,보행자,남,57세,중상
2013070500100034,2013년 7월 5일 00시,금요일,울산광역시 남구 삼산동,경상사고,0,0,2,0,차대차 - 추돌 - 주정차중,안전운전불이행,습기,비,단일로 - 기타,승용,남,31세,상해없음,승용,남,46세,경상
2013070500100072,2013년 7월 5일 02시,금요일,울산광역시 울주군 웅촌면,부상신고사고,0,0,0,1,차량단독 - 공작물충돌,안전운전불이행,습기,비,단일로 - 기타,화물,남,49세,부상신고,,,,
2013070500100130,2013년 7월 5일 07시,금요일,울산광역시 남구 무거동,중상사고,0,1,1,0,차대차 - 측면직각충돌,중앙선침범,습기,비,교차로 - 교차로부근,승용,여,47세,중상,승용,남,39세,경상
2013070500100171,2013년 7월 5일 08시,금요일,울산광역시 남구 무거동,경상사고,0,0,1,0,차대사람 - 기타,보행자보호의무위반,습기,비,단일로 - 기타,승용,남,53세,상해없음,보행자,여,12세,경상
2013070500100193,2013년 7월 5일 09시,금요일,울산광역시 중구 태화동,중상사고,0,1,0,0,차대차 - 추돌 - 주정차중,안전운전불이행,습기,비,단일로 - 기타,승용,남,42세,상해없음,승용,남,33세,중상
2013070500100238,2013년 7월 5일 11시,금요일,울산광역시 남구 신정동,중상사고,0,1,0,0,차량단독 - 기타,안전운전불이행,건조,흐림,단일로 - 기타,승용,남,55세,중상,,,,
2013070500100364,2013년 7월 5일 15시,금요일,울산광역시 남구 신정동,경상사고,0,0,3,0,차대차 - 기타,안전운전불이행,건조,흐림,단일로 - 기타,화물,남,48세,상해없음,승용,여,48세,경상
2013070500100476,2013년 7월 5일 18시,금요일,울산광역시 남구 달동,경상사고,0,0,1,0,차대차 - 기타,중앙선침범,건조,흐림,단일로 - 기타,자전거,남,38세,상해없음,승용,남,50세,상해없음
2013070500100594,2013년 7월 5일 21시,금요일,울산광역시 북구 신천동,중상사고,0,2,0,0,차대차 - 측면직각충돌,안전운전불이행,습기,비,교차로 - 교차로안,승용,남,44세,상해없음,승용,여,24세,중상
2013070500100595,2013년 7월 5일 21시,금요일,울산광역시 중구 반구동,중상사고,0,1,1,0,차대차 - 측면직각충돌,교차로운행방법위반,건조,맑음,교차로 - 교차로안,승용,여,44세,상해없음,승용,남,53세,중상
2013070500100596,2013년 7월 5일 21시,금요일,울산광역시 북구 효문동,중상사고,0,1,3,0,차대차 - 측면직각충돌,신호위반,습기,비,교차로 - 교차로안,승용,여,29세,상해없음,승합,남,46세,경상
2013070500100597,2013년 7월 5일 21시,금요일,울산광역시 동구 방어동,중상사고,0,1,0,0,차대차 - 측면직각충돌,교차로운행방법위반,습기,비,교차로 - 교차로안,승용,남,47세,상해없음,이륜,여,43세,중상
2013070500100598,2013년 7월 5일 21시,금요일,울산광역시 동구 방어동,중상사고,0,1,0,0,차대사람 - 기타,안전운전불이행,습기,비,단일로 - 기타,승용,남,58세,상해없음,보행자,남,56세,중상
2013070500100638,2013년 7월 5일 22시,금요일,울산광역시 북구 효문동,경상사고,0,0,2,0,차대차 - 측면직각충돌,신호위반,습기,비,교차로 - 교차로안,화물,남,56세,상해없음,승용,남,45세,상해없음
2013070500100672,2013년 7월 5일 23시,금요일,울산광역시 남구 신정동,경상사고,0,0,2,0,차대차 - 추돌 - 주정차중,안전운전불이행,건조,흐림,단일로 - 기타,승용,남,53세,상해없음,승용,남,46세,경상
2013070500100673,2013년 7월 5일 23시,금요일,울산광역시 울주군 범서읍,중상사고,0,1,0,0,차대차 - 기타,교차로운행방법위반,건조,맑음,교차로 - 교차로안,승합,남,21세,상해없음,승용,남,27세,중상
2013070600100118,2013년 7월 6일 04시,토요일,울산광역시 동구 방어동,경상사고,0,0,1,0,차량단독 - 공작물충돌,안전운전불이행,건조,맑음,단일로 - 기타,승용,남,34세,경상,,,,
2013070600100158,2013년 7월 6일 07시,토요일,울산광역시 남구 여천동,중상사고,0,1,0,0,차대차 - 추돌 - 진행중,안전거리미확보,건조,맑음,단일로 - 기타,원동기,남,41세,중상,승용,남,33세,상해없음
2013070600100228,2013년 7월 6일 10시,토요일,울산광역시 중구 반구동,중상사고,0,1,6,8,차대차 - 측면직각충돌,안전운전불이행,건조,맑음,단일로 - 기타,승합,남,44세,상해없음,자전거,남,17세,상해없음
2013070600100361,2013년 7월 6일 15시,토요일,울산광역시 북구 중산동,경상사고,0,0,1,0,차대차 - 기타,교차로운행방법위반,건조,맑음,교차로 - 교차로안,화물,남,41세,상해없음,자전거,남,10세,경상
2013070600100388,2013년 7월 6일 16시,토요일,울산광역시 중구 다운동,경상사고,0,0,1,0,차대차 - 추돌 - 주정차중,안전거리미확보,건조,맑음,교차로 - 교차로부근,승용,남,58세,상해없음,승용,여,48세,경상
2013070600100417,2013년 7월 6일 17시,토요일,울산광역시 동구 전하동,경상사고,0,0,2,0,차대차 - 기타,안전운전불이행,건조,맑음,단일로 - 기타,원동기,남,55세,경상,원동기,남,56세,경상
2013070600100418,2013년 7월 6일 17시,토요일,울산광역시 울주군 범서읍,중상사고,0,1,0,0,차대사람 - 횡단중,보행자보호의무위반,건조,맑음,단일로 - 횡단보도상,화물,남,50세,상해없음,보행자,여,17세,중상
2013070600100519,2013년 7월 6일 20시,토요일,울산광역시 울주군 언양읍,경상사고,0,0,1,0,차대사람 - 기타,안전운전불이행,건조,맑음,교차로 - 교차로안,승용,남,48세,상해없음,보행자,여,56세,경상
2013070600100562,2013년 7월 6일 21시,토요일,울산광역시 북구 창평동,경상사고,0,0,1,0,차대차 - 측면직각충돌,안전운전불이행,건조,맑음,단일로 - 기타,원동기,기타불명,기타불명,기타불명,승용,남,25세,경상
2013070600100614,2013년 7월 6일 23시,토요일,울산광역시 중구 교동,중상사고,0,1,0,0,차대사람 - 기타,안전운전불이행,건조,맑음,기타 - 기타,승용,남,54세,상해없음,보행자,남,62세,중상
2013070600100615,2013년 7월 6일 23시,토요일,울산광역시 북구 천곡동,중상사고,0,1,1,0,차대차 - 측면직각충돌,중앙선침범,건조,맑음,단일로 - 기타,화물,남,41세,상해없음,승용,남,50세,경상
2013070600100616,2013년 7월 6일 23시,토요일,울산광역시 동구 전하동,중상사고,0,1,0,0,차대사람 - 기타,안전운전불이행,건조,맑음,교차로 - 교차로부근,승용,남,25세,상해없음,보행자,여,52세,중상
2013070700100043,2013년 7월 7일 01시,일요일,울산광역시 북구 명촌동,부상신고사고,0,0,0,1,차대차 - 측면직각충돌,안전운전불이행,건조,맑음,교차로 - 교차로부근,자전거,남,51세,부상신고,승용,남,23세,상해없음
2013070700100064,2013년 7월 7일 02시,일요일,울산광역시 중구 옥교동,경상사고,0,0,1,0,차대차 - 기타,중앙선침범,건조,맑음,단일로 - 기타,승용,남,22세,상해없음,승용,남,29세,경상
2013070700100107,2013년 7월 7일 05시,일요일,울산광역시 남구 신정동,부상신고사고,0,0,0,1,차대사람 - 기타,안전운전불이행,건조,맑음,교차로 - 교차로부근,승용,남,67세,상해없음,보행자,여,52세,부상신고
2013070700100108,2013년 7월 7일 05시,일요일,울산광역시 동구 서부동,사망사고,1,0,0,0,차대차 - 추돌 - 진행중,안전운전불이행,습기,비,단일로 - 기타,승용,남,28세,상해없음,이륜,남,65세,사망
2013070700100124,2013년 7월 7일 06시,일요일,울산광역시 울주군 온양읍,경상사고,0,0,1,0,차대차 - 측면직각충돌,신호위반,습기,비,교차로 - 교차로안,승용,여,37세,상해없음,승용,여,53세,경상
2013070700100125,2013년 7월 7일 06시,일요일,울산광역시 울주군 청량면,중상사고,0,1,0,0,차대차 - 측면직각충돌,안전운전불이행,건조,맑음,단일로 - 기타,건설기계,남,52세,상해없음,승합,남,62세,중상
2013070700100134,2013년 7월 7일 07시,일요일,울산광역시 북구 효문동,경상사고,0,0,1,1,차대차 - 측면직각충돌,안전거리미확보,습기,흐림,교차로 - 교차로부근,승용,남,24세,상해없음,승합,남,26세,상해없음
2013070700100166,2013년 7월 7일 09시,일요일,울산광역시 울주군 웅촌면,경상사고,0,0,1,0,차량단독 - 공작물충돌,안전운전불이행,습기,비,교차로 - 교차로부근,승용,남,70세,경상,,,,
2013070700100274,2013년 7월 7일 14시,일요일,울산광역시 남구 옥동,중상사고,0,1,0,0,차량단독 - 전도전복,안전운전불이행,습기,비,단일로 - 기타,원동기,남,15세,중상,,,,
2013070700100275,2013년 7월 7일 14시,일요일,울산광역시 남구 신정동,경상사고,0,0,1,0,차대사람 - 기타,안전운전불이행,건조,맑음,기타 - 기타,승용,남,54세,상해없음,보행자,남,38세,경상
2013070700100276,2013년 7월 7일 14시,일요일,울산광역시 남구 달동,경상사고,0,0,4,0,차대차 - 추돌 - 진행중,차로위반,건조,맑음,단일로 - 기타,승용,여,52세,경상,승용,남,47세,경상
2013070700100347,2013년 7월 7일 17시,일요일,울산광역시 북구 무룡동,중상사고,0,2,3,0,차대차 - 기타,중앙선침범,건조,맑음,단일로 - 기타,승용,여,31세,상해없음,승용,남,39세,경상
2013070700100348,2013년 7월 7일 17시,일요일,울산광역시 울주군 범서읍,부상신고사고,0,0,0,1,차대차 - 기타,안전운전불이행,습기,비,단일로 - 기타,승용,기타불명,기타불명,기타불명,원동기,남,35세,부상신고
2013070700100378,2013년 7월 7일 18시,일요일,울산광역시 울주군 범서읍,경상사고,0,0,1,1,차대차 - 추돌 - 진행중,안전운전불이행,습기,맑음,단일로 - 기타,승용,남,30세,부상신고,승용,남,56세,경상
2013070700100399,2013년 7월 7일 19시,일요일,울산광역시 북구 매곡동,중상사고,0,1,0,0,차대차 - 측면직각충돌,안전운전불이행,습기,비,교차로 - 교차로안,승용,남,60세,상해없음,이륜,남,34세,중상
2013070700100400,2013년 7월 7일 19시,일요일,울산광역시 남구 달동,경상사고,0,0,3,0,차대차 - 추돌 - 주정차중,안전운전불이행,건조,맑음,교차로 - 교차로부근,승용,남,27세,상해없음,승용,남,48세,경상
2013070700100401,2013년 7월 7일 19시,일요일,울산광역시 남구 달동,경상사고,0,0,2,0,차대차 - 측면직각충돌,신호위반,건조,맑음,교차로 - 교차로안,승용,남,27세,상해없음,승용,남,47세,경상
2013070700100452,2013년 7월 7일 21시,일요일,울산광역시 남구 삼산동,경상사고,0,0,1,0,차대차 - 측면직각충돌,신호위반,건조,맑음,교차로 - 교차로안,이륜,남,16세,상해없음,이륜,남,14세,경상
2013070700100453,2013년 7월 7일 21시,일요일,울산광역시 울주군 범서읍,중상사고,0,1,0,0,차대사람 - 길가장자리구역통행중,안전운전불이행,건조,맑음,단일로 - 기타,승용,기타불명,기타불명,기타불명,보행자,여,18세,중상
2013070800100037,2013년 7월 8일 01시,월요일,울산광역시 남구 달동,경상사고,0,0,2,0,차대차 - 측면직각충돌,교차로운행방법위반,건조,맑음,교차로 - 교차로안,승용,남,36세,상해없음,승용,남,41세,경상
2013070800100056,2013년 7월 8일 03시,월요일,울산광역시 중구 서동,사망사고,1,0,1,0,차량단독 - 공작물충돌,안전운전불이행,습기,흐림,단일로 - 기타,승용,남,23세,사망,,,,
2013070800100061,2013년 7월 8일 04시,월요일,울산광역시 중구 학성동,경상사고,0,0,1,0,차대사람 - 횡단중,보행자보호의무위반,건조,맑음,교차로 - 교차로안,승용,남,42세,상해없음,보행자,여,31세,경상
2013070800100098,2013년 7월 8일 07시,월요일,울산광역시 북구 연암동,경상사고,0,0,1,0,차대차 - 측면직각충돌,안전운전불이행,건조,맑음,단일로 - 기타,승용,남,21세,상해없음,이륜,남,26세,경상
2013070800100099,2013년 7월 8일 07시,월요일,울산광역시 중구 교동,중상사고,0,1,0,0,차대차 - 측면직각충돌,안전운전불이행,건조,맑음,교차로 - 교차로부근,이륜,남,60세,중상,승용,여,23세,상해없음
2013070800100217,2013년 7월 8일 11시,월요일,울산광역시 북구 효문동,경상사고,0,0,1,1,차대차 - 측면직각충돌,안전운전불이행,건조,맑음,교차로 - 교차로안,승용,남,68세,상해없음,승합,남,35세,상해없음
2013070800100218,2013년 7월 8일 11시,월요일,울산광역시 남구 옥동,중상사고,0,1,1,0,차대차 - 정면충돌,안전운전불이행,건조,맑음,단일로 - 기타,승용,여,30세,경상,승용,여,20세,중상
2013070800100371,2013년 7월 8일 16시,월요일,울산광역시 중구 복산동,중상사고,0,1,0,0,차대차 - 기타,안전운전불이행,건조,맑음,단일로 - 기타,이륜,남,53세,상해없음,승용,여,56세,상해없음
2013070800100372,2013년 7월 8일 16시,월요일,울산광역시 중구 태화동,중상사고,0,1,0,0,차대차 - 기타,안전운전불이행,건조,맑음,단일로 - 기타,기타불명,기타불명,기타불명,기타불명,승합,남,45세,상해없음
2013070800100540,2013년 7월 8일 21시,월요일,울산광역시 남구 달동,경상사고,0,0,1,0,차대차 - 추돌 - 주정차중,안전거리미확보,건조,맑음,교차로 - 교차로부근,승용,남,42세,상해없음,승용,남,31세,경상
2013070800100563,2013년 7월 8일 22시,월요일,울산광역시 동구 전하동,경상사고,0,0,3,0,차대차 - 측면직각충돌,교차로운행방법위반,건조,맑음,교차로 - 교차로안,원동기,남,17세,상해없음,승용,남,33세,경상
2013070800100585,2013년 7월 8일 23시,월요일,울산광역시 남구 야음동,중상사고,0,1,1,0,차대차 - 측면직각충돌,차로위반,건조,맑음,교차로 - 교차로부근,승용,남,51세,상해없음,승합,남,57세,상해없음
2013070900100035,2013년 7월 9일 01시,화요일,울산광역시 북구 신천동,중상사고,0,1,0,0,차대차 - 측면직각충돌,안전운전불이행,건조,맑음,단일로 - 기타,화물,남,41세,상해없음,승용,남,23세,중상
2013070900100098,2013년 7월 9일 06시,화요일,울산광역시 동구 방어동,경상사고,0,0,3,0,차대차 - 추돌 - 진행중,안전거리미확보,건조,맑음,교차로 - 교차로부근,화물,남,18세,상해없음,승용,남,67세,경상
2013070900100250,2013년 7월 9일 11시,화요일,울산광역시 중구 학성동,중상사고,0,1,0,0,차대차 - 측면직각충돌,안전운전불이행,건조,맑음,단일로 - 기타,이륜,남,29세,중상,승용,남,35세,상해없음
2013070900100379,2013년 7월 9일 16시,화요일,울산광역시 동구 서부동,경상사고,0,0,2,0,차대차 - 측면직각충돌,불법유턴,건조,맑음,단일로 - 기타,화물,남,32세,상해없음,이륜,남,29세,경상
2013070900100461,2013년 7월 9일 18시,화요일,울산광역시 중구 반구동,경상사고,0,0,1,0,차대사람 - 기타,안전운전불이행,건조,맑음,단일로 - 기타,이륜,남,21세,상해없음,보행자,남,7세,경상
2013070900100462,2013년 7월 9일 18시,화요일,울산광역시 남구 무거동,경상사고,0,0,1,0,차대차 - 측면직각충돌,신호위반,건조,맑음,교차로 - 교차로부근,화물,남,49세,상해없음,이륜,남,17세,경상
2013070900100497,2013년 7월 9일 19시,화요일,울산광역시 중구 반구동,경상사고,0,0,1,0,차대차 - 기타,직진우회전진행방해,건조,맑음,교차로 - 교차로안,승용,여,43세,기타불명,자전거,남,27세,경상
2013070900100530,2013년 7월 9일 20시,화요일,울산광역시 북구 상안동,경상사고,0,0,4,0,차대차 - 기타,안전운전불이행,건조,맑음,교차로 - 교차로부근,승용,남,55세,상해없음,승용,여,32세,상해없음
2013070900100555,2013년 7월 9일 21시,화요일,울산광역시 북구 화봉동,경상사고,0,0,3,0,차대차 - 추돌 - 진행중,안전운전불이행,건조,맑음,교차로 - 교차로부근,건설기계,남,53세,상해없음,승용,남,31세,경상
2013070900100556,2013년 7월 9일 21시,화요일,울산광역시 동구 주전동,사망사고,2,2,0,0,차량단독 - 전도전복,안전운전불이행,건조,맑음,단일로 - 기타,승용,남,40세,사망,,,,
2013070900100580,2013년 7월 9일 22시,화요일,울산광역시 동구 방어동,경상사고,0,0,1,0,차대차 - 기타,중앙선침범,건조,맑음,교차로 - 교차로부근,승용,남,25세,상해없음,이륜,남,54세,경상
2013070900100615,2013년 7월 9일 23시,화요일,울산광역시 중구 남외동,경상사고,0,0,3,0,차대차 - 추돌 - 진행중,안전운전불이행,건조,맑음,단일로 - 기타,승용,남,50세,상해없음,승용,남,27세,경상
2013070900100616,2013년 7월 9일 23시,화요일,울산광역시 울주군 두서면,경상사고,0,0,1,1,차량단독 - 공작물충돌,안전운전불이행,건조,맑음,단일로 - 기타,승용,남,45세,부상신고,,,,
2013071000100018,2013년 7월 10일 00시,수요일,울산광역시 울주군 범서읍,중상사고,0,1,0,0,차대사람 - 횡단중,신호위반,건조,맑음,단일로 - 횡단보도상,승용,남,24세,상해없음,보행자,여,28세,중상
2013071000100091,2013년 7월 10일 06시,수요일,울산광역시 동구 화정동,경상사고,0,0,1,0,차대차 - 기타,기타,건조,맑음,단일로 - 기타,승용,남,44세,상해없음,이륜,남,42세,경상
2013071000100179,2013년 7월 10일 09시,수요일,울산광역시 북구 신천동,경상사고,0,0,1,0,차대차 - 기타,불법유턴,건조,맑음,교차로 - 교차로안,자전거,남,56세,경상,승용,남,29세,상해없음
2013071000100349,2013년 7월 10일 16시,수요일,울산광역시 남구 삼산동,경상사고,0,0,1,0,차대차 - 측면직각충돌,신호위반,건조,맑음,교차로 - 교차로부근,이륜,남,30세,경상,승용,남,43세,상해없음
2013071000100350,2013년 7월 10일 16시,수요일,울산광역시 울주군 온양읍,경상사고,0,0,1,0,차량단독 - 기타,안전운전불이행,건조,맑음,교차로 - 교차로안,승용,여,52세,상해없음,,,,
2013071000100420,2013년 7월 10일 18시,수요일,울산광역시 남구 야음동,중상사고,0,1,0,0,차대사람 - 기타,안전운전불이행,건조,맑음,단일로 - 기타,승용,남,47세,상해없음,보행자,남,72세,중상
2013071000100445,2013년 7월 10일 19시,수요일,울산광역시 북구 달천동,중상사고,0,1,0,0,차대차 - 측면직각충돌,안전운전불이행,건조,맑음,단일로 - 기타,승용,여,34세,상해없음,자전거,남,60세,중상
2013071000100550,2013년 7월 10일 23시,수요일,울산광역시 동구 서부동,중상사고,0,2,0,0,차대사람 - 횡단중,보행자보호의무위반,건조,맑음,교차로 - 교차로안,화물,남,39세,상해없음,보행자,여,53세,중상
2013071100100021,2013년 7월 11일 00시,목요일,울산광역시 남구 달동,중상사고,0,1,0,0,차대사람 - 기타,안전운전불이행,건조,맑음,교차로 - 교차로부근,승용,여,42세,상해없음,보행자,남,60세,중상
2013071100100043,2013년 7월 11일 01시,목요일,울산광역시 동구 방어동,중상사고,0,1,0,0,차대차 - 측면직각충돌,안전거리미확보,건조,맑음,단일로 - 기타,승용,남,25세,상해없음,이륜,남,24세,중상
2013071100100044,2013년 7월 11일 01시,목요일,울산광역시 울주군 온산읍,경상사고,0,0,1,0,차대차 - 추돌 - 주정차중,안전운전불이행,건조,맑음,단일로 - 기타,승용,남,42세,상해없음,승용,남,52세,경상
2013071100100056,2013년 7월 11일 03시,목요일,울산광역시 울주군 상북면,경상사고,0,0,1,0,차량단독 - 공작물충돌,안전운전불이행,건조,맑음,단일로 - 기타,승용,여,35세,상해없음,,,,
2013071100100064,2013년 7월 11일 04시,목요일,울산광역시 남구 달동,중상사고,0,2,1,0,차대사람 - 기타,안전운전불이행,건조,맑음,단일로 - 기타,승용,남,30세,상해없음,보행자,남,29세,경상
2013071100100084,2013년 7월 11일 06시,목요일,울산광역시 남구 신정동,경상사고,0,0,1,0,차대차 - 기타,안전운전불이행,건조,맑음,단일로 - 기타,승용,남,23세,상해없음,승용,남,46세,경상
2013071100100085,2013년 7월 11일 06시,목요일,울산광역시 울주군 온산읍,중상사고,0,1,0,0,차대차 - 기타,신호위반,건조,맑음,교차로 - 교차로안,특수,남,42세,상해없음,승용,남,34세,중상
2013071100100168,2013년 7월 11일 09시,목요일,울산광역시 북구 중산동,중상사고,0,1,0,0,차대차 - 추돌 - 진행중,안전운전불이행,건조,맑음,단일로 - 기타,화물,남,44세,상해없음,농기계,남,68세,중상
2013071100100169,2013년 7월 11일 09시,목요일,울산광역시 남구 두왕동,경상사고,0,0,1,0,차대차 - 측면직각충돌,차로위반,건조,맑음,단일로 - 기타,특수,남,47세,상해없음,승용,남,38세,경상
2013071100100185,2013년 7월 11일 10시,목요일,울산광역시 동구 화정동,경상사고,0,0,1,0,차대차 - 측면직각충돌,신호위반,건조,맑음,교차로 - 교차로안,승용,남,71세,상해없음,원동기,남,70세,경상
2013071100100301,2013년 7월 11일 15시,목요일,울산광역시 중구 서동,경상사고,0,0,1,0,차대차 - 측면직각충돌,직진우회전진행방해,건조,맑음,교차로 - 교차로안,승용,여,33세,상해없음,원동기,여,32세,경상
2013071100100368,2013년 7월 11일 17시,목요일,울산광역시 울주군 상북면,부상신고사고,0,0,0,1,차대차 - 기타,기타,건조,맑음,단일로 - 기타,이륜,남,61세,상해없음,농기계,남,72세,부상신고
2013071100100409,2013년 7월 11일 18시,목요일,울산광역시 동구 전하동,경상사고,0,0,1,0,차대차 - 기타,교차로운행방법위반,건조,맑음,교차로 - 교차로안,승용,남,61세,상해없음,승용,여,31세,경상
2013071100100410,2013년 7월 11일 18시,목요일,울산광역시 울주군 온양읍,경상사고,0,0,3,1,차대차 - 기타,교차로운행방법위반,건조,맑음,교차로 - 교차로안,승용,남,52세,부상신고,승용,남,47세,경상
2013071100100494,2013년 7월 11일 21시,목요일,울산광역시 북구 호계동,경상사고,0,0,1,0,차대차 - 측면직각충돌,교차로운행방법위반,건조,맑음,교차로 - 교차로안,승용,남,40세,상해없음,이륜,남,40세,경상
2013071100100495,2013년 7월 11일 21시,목요일,울산광역시 남구 무거동,중상사고,0,1,0,0,차대사람 - 횡단중,신호위반,건조,맑음,단일로 - 횡단보도상,승용,남,50세,상해없음,보행자,남,19세,중상
2013071100100496,2013년 7월 11일 21시,목요일,울산광역시 남구 삼산동,경상사고,0,0,1,0,차대차 - 기타,안전운전불이행,건조,맑음,단일로 - 기타,승용,남,50세,상해없음,이륜,남,24세,경상
2013071100100497,2013년 7월 11일 21시,목요일,울산광역시 동구 화정동,경상사고,0,0,1,0,차대차 - 측면직각충돌,교차로운행방법위반,건조,맑음,교차로 - 교차로안,승용,남,20세,상해없음,이륜,남,22세,경상
2013071100100498,2013년 7월 11일 21시,목요일,울산광역시 울주군 범서읍,경상사고,0,0,1,0,차대차 - 기타,교차로운행방법위반,건조,맑음,교차로 - 교차로안,승용,남,56세,상해없음,이륜,남,16세,경상
2013071100100515,2013년 7월 11일 22시,목요일,울산광역시 남구 삼산동,경상사고,0,0,1,0,차대차 - 추돌 - 주정차중,안전운전불이행,건조,맑음,단일로 - 기타,승용,남,41세,상해없음,승용,남,45세,경상
2013071200100013,2013년 7월 12일 00시,금요일,울산광역시 남구 무거동,경상사고,0,0,1,0,차대차 - 기타,안전운전불이행,건조,맑음,단일로 - 기타,승용,남,53세,상해없음,승용,남,57세,경상
2013071200100057,2013년 7월 12일 04시,금요일,울산광역시 남구 달동,경상사고,0,0,1,0,차대차 - 측면직각충돌,신호위반,건조,맑음,교차로 - 교차로안,승용,남,51세,상해없음,승용,남,43세,경상
2013071200100117,2013년 7월 12일 07시,금요일,울산광역시 중구 우정동,중상사고,0,1,0,0,차대차 - 측면직각충돌,신호위반,건조,맑음,교차로 - 교차로안,화물,남,43세,상해없음,이륜,남,33세,중상
2013071200100118,2013년 7월 12일 07시,금요일,울산광역시 동구 일산동,경상사고,0,0,1,0,차대차 - 기타,안전운전불이행,건조,맑음,교차로 - 교차로안,승용,남,30세,상해없음,자전거,남,52세,경상
2013071200100119,2013년 7월 12일 07시,금요일,울산광역시 동구 방어동,중상사고,0,1,0,0,차대차 - 정면충돌,신호위반,건조,맑음,교차로 - 교차로안,이륜,남,44세,중상,승합,남,57세,상해없음
2013071200100120,2013년 7월 12일 07시,금요일,울산광역시 울주군 온산읍,중상사고,0,1,1,0,차대차 - 기타,신호위반,건조,맑음,교차로 - 교차로안,승용,남,29세,경상,화물,남,51세,중상
2013071200100242,2013년 7월 12일 11시,금요일,울산광역시 북구 양정동,중상사고,0,1,1,0,차대사람 - 기타,안전운전불이행,건조,맑음,단일로 - 기타,자전거,남,40세,중상,보행자,남,53세,경상
2013071200100273,2013년 7월 12일 12시,금요일,울산광역시 울주군 범서읍,중상사고,0,1,0,0,차대차 - 추돌 - 주정차중,안전운전불이행,건조,맑음,단일로 - 기타,승용,남,70세,상해없음,승용,여,42세,중상
2013071200100382,2013년 7월 12일 16시,금요일,울산광역시 남구 달동,경상사고,0,0,1,0,차대차 - 측면직각충돌,교차로운행방법위반,건조,맑음,교차로 - 교차로안,승용,여,51세,상해없음,승용,남,31세,상해없음
2013071200100383,2013년 7월 12일 16시,금요일,울산광역시 남구 신정동,경상사고,0,0,1,0,차대차 - 추돌 - 주정차중,안전운전불이행,건조,맑음,단일로 - 기타,화물,남,62세,상해없음,승용,남,45세,경상
2013071200100414,2013년 7월 12일 17시,금요일,울산광역시 중구 우정동,경상사고,0,0,1,0,차대사람 - 횡단중,보행자보호의무위반,건조,맑음,단일로 - 횡단보도상,승용,남,61세,상해없음,보행자,남,7세,경상
2013071200100577,2013년 7월 12일 21시,금요일,울산광역시 중구 옥교동,경상사고,0,0,3,0,차대차 - 측면직각충돌,안전운전불이행,건조,맑음,단일로 - 기타,승용,남,50세,상해없음,승용,남,42세,경상
2013071200100628,2013년 7월 12일 22시,금요일,울산광역시 중구 우정동,경상사고,0,0,2,0,차대차 - 추돌 - 주정차중,안전운전불이행,건조,맑음,교차로 - 교차로부근,승용,남,49세,상해없음,승용,남,29세,경상
2013071200100629,2013년 7월 12일 22시,금요일,울산광역시 북구 양정동,중상사고,0,2,3,0,차대차 - 추돌 - 진행중,안전거리미확보,건조,맑음,단일로 - 기타,화물,남,39세,상해없음,승합,남,37세,경상
2013071200100630,2013년 7월 12일 22시,금요일,울산광역시 울주군 범서읍,경상사고,0,0,1,0,차대차 - 추돌 - 진행중,안전거리미확보,건조,맑음,교차로 - 교차로부근,승용,여,62세,상해없음,승용,여,42세,경상
2013071300100200,2013년 7월 13일 07시,토요일,울산광역시 북구 염포동,경상사고,0,0,1,0,차대차 - 측면직각충돌,안전운전불이행,건조,맑음,단일로 - 기타,승용,남,36세,상해없음,원동기,남,44세,경상
2013071300100223,2013년 7월 13일 08시,토요일,울산광역시 남구 삼산동,경상사고,0,0,3,0,차대차 - 측면직각충돌,교차로운행방법위반,건조,맑음,교차로 - 교차로안,승용,남,40세,경상,승용,남,44세,경상
2013071300100353,2013년 7월 13일 12시,토요일,울산광역시 남구 용연동,경상사고,0,0,1,0,차대차 - 측면직각충돌,교차로운행방법위반,건조,맑음,교차로 - 교차로안,승용,남,24세,상해없음,건설기계,남,53세,경상