사고번호,사고일시,요일,시군구,사고내용,사망자수,중상자수,경상자수,부상신고자수,사고유형,법규위반,노면상태,기상상태,도로형태,가해운전자 차종,가해운전자 성별,가해운전자 연령,가해운전자 상해정도,피해운전자 차종,피해운전자 성별,피해운전자 연령,피해운전자 상해정도
2013080800100615,2013년 8월 8일 23시,목요일,울산광역시 동구 일산동,중상사고,0,1,0,0,차대차 - 측면직각충돌,교차로운행방법위반,건조,맑음,교차로 - 교차로안,이륜,남,17세,상해없음,이륜,남,42세,중상
2013080900100121,2013년 8월 9일 08시,금요일,울산광역시 중구 약사동,중상사고,0,1,0,0,차대차 - 추돌 - 주정차중,안전운전불이행,건조,맑음,단일로 - 기타,화물,남,48세,상해없음,승용,여,46세,중상
2013080900100178,2013년 8월 9일 10시,금요일,울산광역시 울주군 범서읍,경상사고,0,0,1,0,차대차 - 기타,안전운전불이행,건조,맑음,교차로 - 교차로부근,승용,여,63세,상해없음,자전거,남,8세,경상
2013080900100218,2013년 8월 9일 11시,금요일,울산광역시 울주군 온산읍,중상사고,0,1,0,0,차대사람 - 횡단중,보행자보호의무위반,건조,맑음,교차로 - 교차로부근,승합,남,45세,상해없음,보행자,남,93세,중상
2013080900100250,2013년 8월 9일 12시,금요일,울산광역시 중구 교동,부상신고사고,0,0,0,1,차대차 - 측면직각충돌,안전운전불이행,건조,맑음,단일로 - 기타,원동기,남,22세,부상신고,승용,여,57세,상해없음
2013080900100251,2013년 8월 9일 12시,금요일,울산광역시 울주군 온산읍,경상사고,0,0,1,0,차대차 - 기타,신호위반,건조,맑음,교차로 - 교차로안,승용,남,46세,상해없음,승용,남,37세,경상
2013080900100355,2013년 8월 9일 15시,금요일,울산광역시 북구 무룡동,중상사고,0,1,0,0,차량단독 - 기타,안전운전불이행,건조,맑음,단일로 - 기타,승용,여,46세,상해없음,,,,
2013080900100386,2013년 8월 9일 16시,금요일,울산광역시 동구 일산동,중상사고,0,1,0,0,차대차 - 기타,신호위반,건조,맑음,교차로 - 교차로안,이륜,남,46세,상해없음,이륜,여,50세,중상
2013080900100423,2013년 8월 9일 17시,금요일,울산광역시 북구 연암동,경상사고,0,0,1,0,차대차 - 측면직각충돌,안전운전불이행,건조,맑음,단일로 - 기타,화물,남,26세,상해없음,이륜,남,31세,경상
2013080900100548,2013년 8월 9일 20시,금요일,울산광역시 중구 복산동,경상사고,0,0,3,0,차대차 - 측면직각충돌,신호위반,건조,맑음,교차로 - 교차로안,승용,남,46세,상해없음,승용,남,59세,경상
2013080900100549,2013년 8월 9일 20시,금요일,울산광역시 남구 달동,경상사고,0,0,2,0,차대차 - 기타,안전거리미확보,건조,맑음,교차로 - 교차로부근,승용,남,28세,상해없음,승용,남,46세,경상
2013080900100550,2013년 8월 9일 20시,금요일,울산광역시 남구 무거동,경상사고,0,0,1,0,차대차 - 기타,기타,건조,맑음,단일로 - 기타,승용,여,55세,상해없음,이륜,남,19세,경상
2013081000100032,2013년 8월 10일 00시,토요일,울산광역시 북구 매곡동,경상사고,0,0,1,0,차대차 - 측면직각충돌,안전거리미확보,건조,맑음,단일로 - 기타,승용,남,48세,상해없음,이륜,남,15세,경상
2013081000100115,2013년 8월 10일 05시,토요일,울산광역시 울주군 언양읍,중상사고,0,1,5,0,차대차 - 추돌 - 주정차중,안전거리미확보,건조,맑음,교차로 - 교차로부근,승용,남,30세,상해없음,승용,남,45세,경상
2013081000100156,2013년 8월 10일 07시,토요일,울산광역시 남구 무거동,중상사고,0,1,1,0,차대차 - 측면직각충돌,차로위반,건조,맑음,교차로 - 교차로부근,승용,여,51세,중상,화물,남,28세,경상
2013081000100199,2013년 8월 10일 09시,토요일,울산광역시 중구 남외동,경상사고,0,0,1,0,차대차 - 측면직각충돌,신호위반,건조,맑음,교차로 - 교차로안,승용,남,58세,상해없음,승용,남,59세,경상
2013081000100222,2013년 8월 10일 10시,토요일,울산광역시 남구 삼산동,경상사고,0,0,2,0,차대차 - 추돌 - 진행중,안전운전불이행,건조,맑음,단일로 - 교량,승용,여,26세,상해없음,승합,남,57세,경상
2013081000100375,2013년 8월 10일 14시,토요일,울산광역시 남구 신정동,중상사고,0,1,3,0,차대차 - 추돌 - 진행중,안전운전불이행,건조,맑음,단일로 - 기타,승용,여,54세,경상,화물,남,34세,중상
2013081000100403,2013년 8월 10일 15시,토요일,울산광역시 울주군 온산읍,사망사고,1,0,1,0,차대차 - 추돌 - 진행중,교차로운행방법위반,건조,맑음,교차로 - 교차로안,승용,남,32세,상해없음,승용,남,63세,사망
2013081000100509,2013년 8월 10일 18시,토요일,울산광역시 중구 태화동,경상사고,0,0,1,0,차대차 - 기타,안전운전불이행,건조,맑음,단일로 - 기타,승용,여,41세,상해없음,승용,남,42세,경상
2013081000100545,2013년 8월 10일 19시,토요일,울산광역시 동구 일산동,경상사고,0,0,1,0,차대차 - 측면직각충돌,교차로운행방법위반,건조,맑음,교차로 - 교차로부근,승용,남,56세,상해없음,이륜,여,37세,경상
2013081000100567,2013년 8월 10일 20시,토요일,울산광역시 울주군 청량면,경상사고,0,0,1,0,차대사람 - 기타,안전운전불이행,건조,맑음,교차로 - 교차로부근,승용,남,49세,상해없음,보행자,남,57세,경상
2013081000100630,2013년 8월 10일 22시,토요일,울산광역시 북구 연암동,경상사고,0,0,2,0,차대차 - 기타,안전운전불이행,건조,맑음,단일로 - 기타,승용,남,46세,상해없음,자전거,남,16세,경상
2013081000100631,2013년 8월 10일 22시,토요일,울산광역시 울주군 온산읍,경상사고,0,0,1,0,차대차 - 기타,교차로운행방법위반,건조,맑음,교차로 - 교차로안,승용,남,32세,상해없음,원동기,남,17세,경상
2013081100100048,2013년 8월 11일 02시,일요일,울산광역시 남구 신정동,중상사고,0,1,0,0,차대사람 - 기타,안전운전불이행,건조,맑음,단일로 - 횡단보도상,승용,남,57세,상해없음,보행자,남,30세,중상
2013081100100095,2013년 8월 11일 07시,일요일,울산광역시 울주군 서생면,경상사고,0,0,1,0,차대차 - 추돌 - 진행중,안전운전불이행,건조,맑음,단일로 - 기타,승용,남,21세,상해없음,승용,남,36세,경상
2013081100100143,2013년 8월 11일 10시,일요일,울산광역시 중구 태화동,중상사고,0,1,0,0,차대사람 - 횡단중,안전운전불이행,건조,맑음,교차로 - 교차로안,승용,남,66세,상해없음,보행자,남,52세,중상
2013081100100144,2013년 8월 11일 10시,일요일,울산광역시 울주군 온산읍,경상사고,0,0,1,0,차대차 - 측면직각충돌,신호위반,건조,맑음,교차로 - 교차로안,승용,남,38세,상해없음,승용,여,53세,경상
2013081100100145,2013년 8월 11일 10시,일요일,울산광역시 울주군 상북면,경상사고,0,0,5,0,차대차 - 측면직각충돌,안전거리미확보,건조,맑음,단일로 - 기타,승용,남,57세,상해없음,승용,남,35세,경상
2013081100100234,2013년 8월 11일 14시,일요일,울산광역시 울주군 온산읍,중상사고,0,1,0,0,차량단독 - 공작물충돌,안전운전불이행,건조,맑음,단일로 - 기타,이륜,남,32세,중상,,,,
2013081100100328,2013년 8월 11일 17시,일요일,울산광역시 남구 신정동,경상사고,0,0,1,0,차대사람 - 횡단중,보행자보호의무위반,건조,맑음,단일로 - 기타,화물,남,51세,상해없음,보행자,남,23세,경상
2013081100100383,2013년 8월 11일 19시,일요일,울산광역시 동구 전하동,경상사고,0,0,2,0,차대차 - 측면직각충돌,안전운전불이행,건조,맑음,교차로 - 교차로부근,이륜,남,20세,상해없음,승용,남,32세,경상
2013081100100418,2013년 8월 11일 20시,일요일,울산광역시 중구 태화동,경상사고,0,0,1,0,차대차 - 측면직각충돌,안전거리미확보,건조,맑음,단일로 - 기타,화물,남,44세,상해없음,이륜,남,17세,경상
2013081200100023,2013년 8월 12일 01시,월요일,울산광역시 울주군 온산읍,경상사고,0,0,4,0,차대차 - 측면직각충돌,교차로운행방법위반,건조,맑음,교차로 - 교차로안,승용,남,29세,상해없음,승용,남,48세,경상
2013081200100051,2013년 8월 12일 05시,월요일,울산광역시 동구 일산동,경상사고,0,0,1,0,차대차 - 기타,중앙선침범,건조,맑음,단일로 - 기타,승용,남,31세,상해없음,원동기,남,18세,경상
2013081200100094,2013년 8월 12일 07시,월요일,울산광역시 남구 두왕동,경상사고,0,0,2,0,차대차 - 추돌 - 주정차중,안전운전불이행,건조,맑음,교차로 - 교차로부근,승용,남,39세,상해없음,승용,남,28세,경상
2013081200100095,2013년 8월 12일 07시,월요일,울산광역시 동구 전하동,중상사고,0,1,0,0,차대차 - 측면직각충돌,교차로운행방법위반,건조,맑음,교차로 - 교차로안,승용,남,51세,상해없음,이륜,남,53세,중상
2013081200100155,2013년 8월 12일 09시,월요일,울산광역시 남구 성암동,경상사고,0,0,1,0,차대차 - 추돌 - 진행중,안전운전불이행,건조,맑음,단일로 - 기타,특수,남,46세,상해없음,화물,남,49세,경상
2013081200100280,2013년 8월 12일 13시,월요일,울산광역시 남구 옥동,경상사고,0,0,1,0,차량단독 - 공작물충돌,안전운전불이행,건조,맑음,단일로 - 기타,승용,남,30세,경상,,,,
2013081200100357,2013년 8월 12일 15시,월요일,울산광역시 중구 태화동,경상사고,0,0,1,0,차대사람 - 기타,안전운전불이행,건조,맑음,단일로 - 기타,화물,남,81세,상해없음,보행자,여,30세,경상
2013081200100432,2013년 8월 12일 17시,월요일,울산광역시 중구 반구동,경상사고,0,0,2,0,차대차 - 기타,중앙선침범,건조,맑음,교차로 - 교차로안,승용,기타불명,기타불명,기타불명,승용,여,49세,경상
2013081200100433,2013년 8월 12일 17시,월요일,울산광역시 울주군 삼남면,중상사고,0,1,0,0,차대차 - 측면직각충돌,중앙선침범,건조,맑음,교차로 - 교차로부근,승용,남,71세,상해없음,이륜,남,30세,중상
2013081200100434,2013년 8월 12일 17시,월요일,울산광역시 울주군 온산읍,중상사고,0,1,0,1,차대차 - 측면직각충돌,교차로운행방법위반,건조,맑음,교차로 - 교차로안,승용,남,28세,부상신고,이륜,남,43세,중상
2013081200100435,2013년 8월 12일 17시,월요일,울산광역시 울주군 온양읍,부상신고사고,0,0,0,1,차대사람 - 기타,안전운전불이행,건조,맑음,단일로 - 기타,승합,여,41세,상해없음,보행자,여,10세,부상신고
2013081200100481,2013년 8월 12일 18시,월요일,울산광역시 중구 태화동,경상사고,0,0,1,0,차대차 - 정면충돌,안전운전불이행,건조,맑음,교차로 - 교차로안,승용,남,59세,상해없음,원동기,남,34세,경상
2013081200100514,2013년 8월 12일 19시,월요일,울산광역시 남구 신정동,경상사고,0,0,1,0,차대차 - 측면직각충돌,안전운전불이행,건조,맑음,교차로 - 교차로안,원동기,남,36세,경상,승용,남,38세,상해없음
2013081200100553,2013년 8월 12일 20시,월요일,울산광역시 남구 삼산동,중상사고,0,2,1,0,차대차 - 측면직각충돌,신호위반,건조,맑음,교차로 - 교차로안,승용,남,53세,상해없음,승용,남,62세,경상
2013081200100610,2013년 8월 12일 22시,월요일,울산광역시 북구 양정동,경상사고,0,0,1,0,차대차 - 기타,안전운전불이행,건조,맑음,교차로 - 교차로부근,원동기,남,20세,상해없음,승용,여,29세,경상
2013081200100611,2013년 8월 12일 22시,월요일,울산광역시 울주군 온산읍,경상사고,0,0,1,0,차대차 - 기타,신호위반,건조,맑음,단일로 - 기타,이륜,남,25세,상해없음,화물,남,58세,상해없음
2013081300100054,2013년 8월 13일 04시,화요일,울산광역시 남구 옥동,경상사고,0,0,5,0,차대차 - 기타,차로위반,건조,맑음,단일로 - 기타,승용,남,21세,상해없음,승용,남,20세,경상
2013081300100093,2013년 8월 13일 07시,화요일,울산광역시 울주군 청량면,경상사고,0,0,1,0,차량단독 - 공작물충돌,안전운전불이행,건조,맑음,단일로 - 기타,승용,남,38세,상해없음,,,,
2013081300100127,2013년 8월 13일 08시,화요일,울산광역시 울주군 범서읍,경상사고,0,0,1,0,차대차 - 기타,안전운전불이행,건조,맑음,교차로 - 교차로부근,원동기,남,72세,경상,승용,남,50세,상해없음
2013081300100196,2013년 8월 13일 10시,화요일,울산광역시 중구 다운동,중상사고,0,1,1,0,차대차 - 추돌 - 주정차중,안전운전불이행,건조,맑음,단일로 - 기타,화물,남,50세,상해없음,승용,남,47세,중상
2013081300100197,2013년 8월 13일 10시,화요일,울산광역시 울주군 온산읍,경상사고,0,0,1,0,차대차 - 기타,중앙선침범,건조,맑음,단일로 - 기타,화물,남,56세,상해없음,화물,남,46세,경상
2013081300100330,2013년 8월 13일 14시,화요일,울산광역시 남구 신정동,경상사고,0,0,1,0,차대사람 - 기타,안전운전불이행,건조,맑음,단일로 - 기타,자전거,기타불명,기타불명,기타불명,보행자,남,8세,경상
2013081300100413,2013년 8월 13일 16시,화요일,울산광역시 동구 전하동,경상사고,0,0,1,0,차대차 - 측면직각충돌,안전거리미확보,건조,맑음,단일로 - 기타,이륜,남,53세,경상,승합,남,40세,상해없음
2013081300100456,2013년 8월 13일 17시,화요일,울산광역시 북구 달천동,경상사고,0,0,1,0,차대사람 - 횡단중,보행자보호의무위반,건조,맑음,단일로 - 기타,승용,여,35세,상해없음,보행자,여,8세,경상
2013081300100520,2013년 8월 13일 19시,화요일,울산광역시 남구 여천동,경상사고,0,0,1,0,차대차 - 측면직각충돌,안전운전불이행,건조,맑음,단일로 - 기타,승용,남,31세,상해없음,이륜,남,45세,경상
2013081300100557,2013년 8월 13일 20시,화요일,울산광역시 동구 일산동,경상사고,0,0,1,0,차대차 - 기타,안전운전불이행,건조,맑음,교차로 - 교차로부근,승용,남,25세,상해없음,승용,남,34세,상해없음
2013081300100592,2013년 8월 13일 21시,화요일,울산광역시 남구 선암동,경상사고,0,0,1,0,차대차 - 기타,신호위반,건조,맑음,단일로 - 기타,승용,남,63세,상해없음,자전거,남,29세,경상
2013081300100645,2013년 8월 13일 23시,화요일,울산광역시 동구 화정동,경상사고,0,0,1,0,차대차 - 기타,안전운전불이행,건조,맑음,교차로 - 교차로부근,승용,남,31세,기타불명,이륜,남,51세,경상
2013081400100018,2013년 8월 14일 00시,수요일,울산광역시 남구 야음동,중상사고,0,2,0,0,차대차 - 측면직각충돌,중앙선침범,건조,맑음,단일로 - 기타,승용,남,41세,중상,화물,남,51세,중상
2013081400100029,2013년 8월 14일 01시,수요일,울산광역시 남구 삼산동,경상사고,0,0,1,0,차대차 - 추돌 - 진행중,안전거리미확보,건조,맑음,교차로 - 교차로부근,승용,남,32세,상해없음,승용,남,48세,경상
2013081400100049,2013년 8월 14일 03시,수요일,울산광역시 남구 삼산동,중상사고,0,1,0,1,차대차 - 정면충돌,중앙선침범,건조,맑음,단일로 - 기타,승용,여,35세,부상신고,승용,남,43세,중상
2013081400100050,2013년 8월 14일 03시,수요일,울산광역시 동구 방어동,경상사고,0,0,2,0,차대차 - 기타,안전운전불이행,건조,맑음,교차로 - 교차로부근,승용,남,30세,상해없음,승용,여,46세,상해없음
2013081400100074,2013년 8월 14일 06시,수요일,울산광역시 남구 삼산동,중상사고,0,1,1,0,차대차 - 측면직각충돌,신호위반,건조,맑음,교차로 - 교차로안,승용,여,41세,상해없음,승용,남,42세,중상
2013081400100075,2013년 8월 14일 06시,수요일,울산광역시 울주군 언양읍,중상사고,0,1,0,0,차대차 - 추돌 - 진행중,안전운전불이행,건조,맑음,교차로 - 교차로안,승합,남,34세,상해없음,승용,남,47세,중상
2013081400100128,2013년 8월 14일 08시,수요일,울산광역시 북구 화봉동,중상사고,0,1,5,0,차대차 - 추돌 - 진행중,안전운전불이행,건조,맑음,단일로 - 기타,승용,남,44세,경상,화물,남,44세,상해없음
2013081400100129,2013년 8월 14일 08시,수요일,울산광역시 동구 일산동,중상사고,0,2,1,0,차대차 - 추돌 - 주정차중,안전운전불이행,건조,맑음,단일로 - 기타,승용,여,36세,중상,승합,남,42세,경상
2013081400100155,2013년 8월 14일 09시,수요일,울산광역시 울주군 웅촌면,부상신고사고,0,0,0,1,차량단독 - 공작물충돌,안전운전불이행,건조,맑음,단일로 - 기타,승용,남,22세,부상신고,,,,
2013081400100161,2013년 8월 14일 10시,수요일,울산광역시 울주군 범서읍,경상사고,0,0,1,0,차대차 - 기타,안전거리미확보,건조,맑음,단일로 - 기타,승용,남,45세,상해없음,승합,남,58세,상해없음
2013081400100333,2013년 8월 14일 15시,수요일,울산광역시 중구 남외동,사망사고,1,0,0,0,차대사람 - 기타,안전운전불이행,건조,맑음,단일로 - 기타,이륜,여,46세,상해없음,보행자,남,55세,사망
2013081400100481,2013년 8월 14일 19시,수요일,울산광역시 남구 삼산동,경상사고,0,0,1,0,차대차 - 기타,안전운전불이행,건조,맑음,단일로 - 기타,승용,남,54세,상해없음,화물,남,41세,상해없음
2013081500100025,2013년 8월 15일 00시,목요일,울산광역시 동구 일산동,경상사고,0,0,1,0,차량단독 - 전도전복,안전운전불이행,건조,맑음,단일로 - 기타,원동기,남,28세,상해없음,,,,
2013081500100087,2013년 8월 15일 04시,목요일,울산광역시 남구 무거동,중상사고,0,2,0,0,차대차 - 측면직각충돌,신호위반,건조,맑음,교차로 - 교차로안,승용,여,56세,상해없음,승용,남,59세,중상
2013081500100088,2013년 8월 15일 04시,목요일,울산광역시 울주군 온산읍,중상사고,0,1,0,0,차대차 - 기타,안전운전불이행,건조,맑음,단일로 - 기타,승용,남,49세,중상,화물,남,62세,기타불명
2013081500100182,2013년 8월 15일 09시,목요일,울산광역시 북구 송정동,중상사고,0,1,0,0,차대차 - 추돌 - 진행중,안전거리미확보,건조,맑음,단일로 - 기타,화물,남,50세,상해없음,승용,여,45세,중상
2013081500100237,2013년 8월 15일 11시,목요일,울산광역시 동구 서부동,경상사고,0,0,1,0,차대차 - 추돌 - 주정차중,안전운전불이행,건조,맑음,교차로 - 교차로부근,승용,남,57세,상해없음,승용,남,68세,경상
2013081500100265,2013년 8월 15일 12시,목요일,울산광역시 남구 무거동,경상사고,0,0,2,0,차대차 - 측면직각충돌,안전거리미확보,건조,맑음,단일로 - 기타,승용,남,56세,상해없음,승용,남,25세,경상
2013081500100345,2013년 8월 15일 15시,목요일,울산광역시 중구 우정동,중상사고,0,1,0,0,차대차 - 측면직각충돌,안전운전불이행,건조,맑음,교차로 - 교차로부근,승용,남,58세,상해없음,원동기,남,53세,중상
2013081500100346,2013년 8월 15일 15시,목요일,울산광역시 남구 삼산동,중상사고,0,1,0,0,차대차 - 측면직각충돌,교차로운행방법위반,건조,맑음,교차로 - 교차로안,승용,남,33세,상해없음,원동기,남,43세,중상
2013081500100425,2013년 8월 15일 17시,목요일,울산광역시 남구 신정동,경상사고,0,0,2,0,차대차 - 기타,교차로운행방법위반,건조,맑음,교차로 - 교차로안,화물,남,63세,상해없음,승용,여,49세,경상
2013081500100426,2013년 8월 15일 17시,목요일,울산광역시 동구 방어동,중상사고,0,1,1,0,차대차 - 추돌 - 주정차중,안전운전불이행,건조,맑음,교차로 - 교차로안,승용,여,32세,상해없음,이륜,남,47세,중상
2013081500100454,2013년 8월 15일 18시,목요일,울산광역시 중구 태화동,중상사고,0,1,0,0,차대차 - 기타,안전운전불이행,건조,맑음,단일로 - 기타,승용,남,58세,상해없음,승합,남,25세,상해없음
2013081600100075,2013년 8월 16일 06시,금요일,울산광역시 남구 신정동,중상사고,0,1,0,0,차대차 - 측면직각충돌,중앙선침범,건조,맑음,단일로 - 기타,승합,남,22세,상해없음,화물,남,43세,중상
2013081600100152,2013년 8월 16일 09시,금요일,울산광역시 남구 삼산동,중상사고,0,1,0,0,차대차 - 측면직각충돌,교차로운행방법위반,건조,맑음,교차로 - 교차로안,승용,남,25세,상해없음,자전거,남,17세,중상
2013081600100153,2013년 8월 16일 09시,금요일,울산광역시 울주군 온산읍,경상사고,0,0,1,0,차대차 - 기타,안전운전불이행,건조,맑음,단일로 - 기타,기타불명,기타불명,기타불명,기타불명,화물,여,42세,경상
2013081600100220,2013년 8월 16일 11시,금요일,울산광역시 중구 반구동,경상사고,0,0,2,0,차대차 - 추돌 - 주정차중,안전운전불이행,건조,맑음,교차로 - 교차로부근,승용,남,30세,상해없음,승용,여,36세,경상
2013081600100221,2013년 8월 16일 11시,금요일,울산광역시 울주군 온산읍,경상사고,0,0,1,0,차대차 - 기타,안전운전불이행,건조,맑음,단일로 - 기타,승용,남,51세,상해없음,승용,남,50세,경상
2013081600100250,2013년 8월 16일 12시,금요일,울산광역시 남구 삼산동,중상사고,0,1,0,0,차대사람 - 횡단중,보행자보호의무위반,건조,맑음,단일로 - 횡단보도상,승용,남,37세,상해없음,보행자,남,56세,중상
2013081600100251,2013년 8월 16일 12시,금요일,울산광역시 동구 전하동,경상사고,0,0,1,0,차대차 - 추돌 - 진행중,신호위반,건조,맑음,교차로 - 교차로안,승용,남,32세,상해없음,이륜,남,22세,경상
2013081600100356,2013년 8월 16일 15시,금요일,울산광역시 남구 옥동,사망사고,1,0,0,0,차대차 - 기타,안전운전불이행,건조,맑음,단일로 - 기타,화물,남,32세,상해없음,자전거,남,19세,사망
2013081600100404,2013년 8월 16일 16시,금요일,울산광역시 북구 명촌동,경상사고,0,0,1,0,차대차 - 추돌 - 주정차중,안전운전불이행,건조,맑음,교차로 - 교차로부근,승용,남,41세,상해없음,승용,남,38세,상해없음
2013081600100405,2013년 8월 16일 16시,금요일,울산광역시 울주군 범서읍,중상사고,0,1,0,0,차대차 - 기타,기타,건조,맑음,단일로 - 기타,화물,기타불명,기타불명,기타불명,원동기,남,68세,중상
2013081600100444,2013년 8월 16일 17시,금요일,울산광역시 울주군 서생면,중상사고,0,1,0,0,차대차 - 측면직각충돌,중앙선침범,건조,맑음,단일로 - 기타,승용,남,52세,상해없음,화물,남,56세,중상
2013081600100491,2013년 8월 16일 18시,금요일,울산광역시 중구 반구동,부상신고사고,0,0,0,1,차대차 - 측면직각충돌,안전운전불이행,건조,맑음,교차로 - 교차로안,원동기,남,17세,부상신고,승용,남,37세,상해없음
2013081600100492,2013년 8월 16일 18시,금요일,울산광역시 남구 삼산동,중상사고,0,1,0,0,차대차 - 측면직각충돌,차로위반,건조,맑음,교차로 - 교차로부근,승용,남,32세,상해없음,이륜,남,29세,중상
2013081600100520,2013년 8월 16일 19시,금요일,울산광역시 남구 무거동,중상사고,0,1,0,0,차대사람 - 기타,안전운전불이행,건조,맑음,단일로 - 기타,승용,남,37세,상해없음,보행자,여,65세,중상
2013081600100553,2013년 8월 16일 20시,금요일,울산광역시 남구 무거동,중상사고,0,1,0,0,차대차 - 기타,안전운전불이행,건조,맑음,단일로 - 기타,승용,남,56세,상해없음,승용,여,56세,중상
2013081600100615,2013년 8월 16일 22시,금요일,울산광역시 북구 진장동,경상사고,0,0,1,0,차대사람 - 횡단중,안전운전불이행,건조,맑음,단일로 - 기타,기타불명,기타불명,기타불명,기타불명,보행자,남,34세,경상
2013081600100637,2013년 8월 16일 23시,금요일,울산광역시 남구 무거동,경상사고,0,0,1,0,차대차 - 추돌 - 주정차중,안전운전불이행,건조,맑음,단일로 - 기타,승용,남,51세,상해없음,승용,남,30세,경상
2013081700100043,2013년 8월 17일 01시,토요일,울산광역시 동구 방어동,경상사고,0,0,2,0,차대차 - 기타,안전운전불이행,건조,맑음,단일로 - 기타,승용,여,53세,상해없음,승용,여,22세,경상
2013081700100072,2013년 8월 17일 04시,토요일,울산광역시 중구 남외동,중상사고,0,3,0,0,차량단독 - 공작물충돌,안전운전불이행,건조,맑음,교차로 - 교차로안,화물,남,59세,중상,,,,
2013081700100123,2013년 8월 17일 07시,토요일,울산광역시 남구 삼산동,중상사고,0,1,0,0,차대차 - 측면직각충돌,안전운전불이행,건조,맑음,교차로 - 교차로안,자전거,남,53세,중상,승용,남,42세,상해없음
2013081700100138,2013년 8월 17일 08시,토요일,울산광역시 울주군 웅촌면,경상사고,0,0,2,0,차대차 - 추돌 - 진행중,안전거리미확보,건조,맑음,단일로 - 기타,승용,남,59세,상해없음,승용,남,55세,경상
2013081700100294,2013년 8월 17일 13시,토요일,울산광역시 남구 신정동,경상사고,0,0,1,0,차대차 - 기타,안전운전불이행,건조,맑음,단일로 - 기타,승용,남,41세,상해없음,자전거,남,68세,경상
2013081700100295,2013년 8월 17일 13시,토요일,울산광역시 남구 신정동,경상사고,0,0,1,0,차대차 - 추돌 - 주정차중,안전거리미확보,건조,맑음,단일로 - 기타,이륜,남,37세,경상,승용,남,48세,상해없음
2013081700100325,2013년 8월 17일 14시,토요일,울산광역시 울주군 청량면,경상사고,0,0,1,0,차대차 - 기타,안전거리미확보,건조,맑음,단일로 - 기타,화물,남,73세,상해없음,승용,남,41세,경상
2013081700100392,2013년 8월 17일 16시,토요일,울산광역시 울주군 온산읍,경상사고,0,0,1,0,차대차 - 기타,중앙선침범,건조,맑음,단일로 - 기타,화물,기타불명,기타불명,기타불명,원동기,남,33세,경상
2013081700100431,2013년 8월 17일 17시,토요일,울산광역시 울주군 범서읍,사망사고,1,0,0,0,차대차 - 정면충돌,중앙선침범,건조,맑음,단일로 - 기타,이륜,남,64세,사망,승용,남,26세,상해없음
2013081700100459,2013년 8월 17일 18시,토요일,울산광역시 동구 서부동,경상사고,0,0,1,0,차대사람 - 횡단중,안전운전불이행,건조,맑음,단일로 - 기타,승용,남,60세,상해없음,보행자,여,58세,경상
2013081700100497,2013년 8월 17일 19시,토요일,울산광역시 동구 전하동,경상사고,0,0,1,0,차대차 - 기타,중앙선침범,건조,맑음,단일로 - 기타,승용,남,58세,상해없음,이륜,남,35세,경상
2013081700100528,2013년 8월 17일 20시,토요일,울산광역시 북구 명촌동,경상사고,0,0,1,0,차대차 - 측면직각충돌,안전운전불이행,건조,맑음,단일로 - 기타,이륜,남,17세,경상,승용,남,28세,상해없음
2013081700100555,2013년 8월 17일 21시,토요일,울산광역시 동구 전하동,중상사고,0,1,0,0,차대차 - 추돌 - 주정차중,안전운전불이행,건조,맑음,단일로 - 기타,이륜,남,23세,중상,승용,남,64세,상해없음
2013081700100610,2013년 8월 17일 23시,토요일,울산광역시 동구 방어동,경상사고,0,0,1,0,차대차 - 추돌 - 주정차중,안전운전불이행,건조,맑음,교차로 - 교차로부근,승용,남,29세,상해없음,이륜,여,48세,경상
2013081800100037,2013년 8월 18일 01시,일요일,울산광역시 남구 삼산동,경상사고,0,0,2,0,차대차 - 추돌 - 진행중,안전운전불이행,건조,맑음,교차로 - 교차로부근,승용,남,44세,상해없음,승용,남,27세,경상
2013081800100083,2013년 8월 18일 04시,일요일,울산광역시 남구 삼산동,중상사고,0,1,0,0,차대차 - 측면직각충돌,교차로운행방법위반,건조,맑음,교차로 - 교차로안,승용,남,69세,상해없음,승용,남,45세,상해없음
2013081800100115,2013년 8월 18일 07시,일요일,울산광역시 남구 신정동,중상사고,0,1,0,0,차대차 - 추돌 - 주정차중,안전운전불이행,건조,맑음,교차로 - 교차로부근,승합,남,47세,상해없음,승용,남,61세,중상
2013081800100140,2013년 8월 18일 09시,일요일,울산광역시 동구 방어동,경상사고,0,0,3,0,차대차 - 기타,안전운전불이행,건조,맑음,단일로 - 기타,건설기계,남,59세,경상,승용,남,31세,경상
2013081800100245,2013년 8월 18일 14시,일요일,울산광역시 북구 효문동,경상사고,0,0,1,0,차대차 - 측면직각충돌,신호위반,건조,맑음,교차로 - 교차로안,승용,남,55세,상해없음,승용,남,65세,경상
2013081800100246,2013년 8월 18일 14시,일요일,울산광역시 남구 무거동,경상사고,0,0,1,0,차대차 - 기타,안전운전불이행,건조,맑음,단일로 - 기타,승용,남,48세,기타불명,승용,남,42세,경상
2013081800100303,2013년 8월 18일 16시,일요일,울산광역시 북구 진장동,경상사고,0,0,7,0,차대차 - 측면직각충돌,안전운전불이행,건조,맑음,단일로 - 기타,승용,남,43세,상해없음,승합,남,42세,경상
2013081800100403,2013년 8월 18일 20시,일요일,울산광역시 북구 명촌동,경상사고,0,0,1,0,차대차 - 측면직각충돌,불법유턴,건조,맑음,단일로 - 기타,승용,남,46세,상해없음,이륜,남,32세,경상