사고번호,사고일시,요일,시군구,사고내용,사망자수,중상자수,경상자수,부상신고자수,사고유형,법규위반,노면상태,기상상태,도로형태,가해운전자 차종,가해운전자 성별,가해운전자 연령,가해운전자 상해정도,피해운전자 차종,피해운전자 성별,피해운전자 연령,피해운전자 상해정도
2013082800100093,2013년 8월 28일 07시,수요일,울산광역시 남구 달동,경상사고,0,0,1,0,차대차 - 기타,안전거리미확보,건조,맑음,교차로 - 교차로안,자전거,남,16세,경상,화물,기타불명,기타불명,기타불명
2013082800100133,2013년 8월 28일 08시,수요일,울산광역시 울주군 온산읍,부상신고사고,0,0,0,1,차대차 - 기타,기타,건조,맑음,교차로 - 교차로안,승용,남,32세,상해없음,승용,남,62세,부상신고
2013082800100134,2013년 8월 28일 08시,수요일,울산광역시 울주군 온양읍,중상사고,0,1,0,0,차대사람 - 횡단중,교차로운행방법위반,건조,맑음,교차로 - 교차로안,승용,여,38세,상해없음,보행자,남,14세,중상
2013082800100164,2013년 8월 28일 09시,수요일,울산광역시 남구 무거동,중상사고,0,6,2,0,차대차 - 추돌 - 주정차중,안전거리미확보,건조,맑음,교차로 - 교차로부근,화물,남,44세,상해없음,승용,남,53세,경상
2013082800100165,2013년 8월 28일 09시,수요일,울산광역시 울주군 삼동면,경상사고,0,0,1,0,차대차 - 측면직각충돌,교차로운행방법위반,건조,맑음,교차로 - 교차로안,건설기계,남,32세,상해없음,승합,남,32세,경상
2013082800100185,2013년 8월 28일 10시,수요일,울산광역시 울주군 언양읍,경상사고,0,0,1,0,차대차 - 기타,안전거리미확보,건조,맑음,단일로 - 기타,승용,남,43세,상해없음,승합,남,49세,경상
2013082800100237,2013년 8월 28일 12시,수요일,울산광역시 울주군 청량면,중상사고,0,2,0,0,차대차 - 추돌 - 진행중,안전거리미확보,건조,맑음,단일로 - 기타,승용,여,65세,중상,화물,남,62세,상해없음
2013082800100275,2013년 8월 28일 13시,수요일,울산광역시 북구 효문동,경상사고,0,0,1,0,차대차 - 측면직각충돌,직진우회전진행방해,건조,맑음,교차로 - 교차로안,화물,남,29세,상해없음,승용,남,33세,경상
2013082800100276,2013년 8월 28일 13시,수요일,울산광역시 동구 일산동,경상사고,0,0,1,0,차대사람 - 기타,안전운전불이행,건조,맑음,교차로 - 교차로안,승용,여,33세,상해없음,보행자,여,64세,경상
2013082800100310,2013년 8월 28일 14시,수요일,울산광역시 남구 무거동,경상사고,0,0,1,0,차대차 - 추돌 - 주정차중,안전거리미확보,건조,맑음,교차로 - 교차로부근,승합,남,55세,상해없음,승용,여,44세,경상
2013082800100374,2013년 8월 28일 16시,수요일,울산광역시 남구 신정동,중상사고,0,1,0,0,차대차 - 측면직각충돌,안전운전불이행,건조,맑음,교차로 - 교차로안,이륜,남,28세,중상,화물,남,54세,상해없음
2013082800100404,2013년 8월 28일 17시,수요일,울산광역시 남구 신정동,중상사고,0,1,0,0,차대사람 - 횡단중,보행자보호의무위반,건조,맑음,단일로 - 횡단보도상,자전거,남,9세,상해없음,보행자,여,72세,중상
2013082800100447,2013년 8월 28일 18시,수요일,울산광역시 북구 화봉동,경상사고,0,0,1,1,차대차 - 정면충돌,중앙선침범,건조,맑음,미분류 - 미분류,이륜,남,30세,부상신고,승용,남,57세,경상
2013082800100448,2013년 8월 28일 18시,수요일,울산광역시 동구 동부동,경상사고,0,0,1,0,차대차 - 측면직각충돌,교차로운행방법위반,건조,맑음,교차로 - 교차로안,이륜,남,62세,상해없음,이륜,남,57세,경상
2013082800100493,2013년 8월 28일 19시,수요일,울산광역시 북구 진장동,경상사고,0,0,1,0,차대차 - 기타,신호위반,건조,맑음,교차로 - 교차로안,승용,남,51세,상해없음,승용,남,32세,경상
2013082800100531,2013년 8월 28일 20시,수요일,울산광역시 중구 반구동,중상사고,0,1,0,0,차대차 - 기타,안전운전불이행,건조,맑음,단일로 - 기타,이륜,남,17세,중상,승용,남,28세,상해없음
2013082800100532,2013년 8월 28일 20시,수요일,울산광역시 중구 성남동,부상신고사고,0,0,0,1,차대사람 - 보도통행중,안전운전불이행,건조,맑음,기타 - 기타,승용,남,24세,상해없음,보행자,남,22세,부상신고
2013082800100562,2013년 8월 28일 21시,수요일,울산광역시 남구 삼산동,경상사고,0,0,1,0,차대차 - 기타,안전운전불이행,건조,맑음,단일로 - 기타,승용,남,47세,상해없음,승용,남,35세,경상
2013082800100563,2013년 8월 28일 21시,수요일,울산광역시 울주군 삼남면,중상사고,0,1,1,0,차대사람 - 횡단중,보행자보호의무위반,건조,맑음,교차로 - 교차로부근,이륜,남,17세,경상,보행자,남,36세,중상
2013082800100592,2013년 8월 28일 22시,수요일,울산광역시 중구 태화동,중상사고,0,1,0,0,차대차 - 측면직각충돌,안전운전불이행,건조,맑음,단일로 - 기타,자전거,남,56세,상해없음,자전거,남,50세,중상
2013082900100032,2013년 8월 29일 02시,목요일,울산광역시 남구 달동,중상사고,0,1,1,0,차대차 - 기타,안전운전불이행,건조,맑음,교차로 - 교차로부근,승용,남,32세,기타불명,승용,남,25세,중상
2013082900100049,2013년 8월 29일 03시,목요일,울산광역시 남구 신정동,경상사고,0,0,2,0,차대사람 - 기타,안전운전불이행,건조,맑음,단일로 - 기타,승용,남,32세,상해없음,보행자,남,21세,경상
2013082900100104,2013년 8월 29일 07시,목요일,울산광역시 중구 학성동,경상사고,0,0,2,0,차대차 - 측면직각충돌,중앙선침범,건조,맑음,교차로 - 교차로안,승용,남,38세,상해없음,화물,남,62세,경상
2013082900100105,2013년 8월 29일 07시,목요일,울산광역시 남구 여천동,중상사고,0,1,0,0,차대차 - 추돌 - 주정차중,안전운전불이행,건조,맑음,교차로 - 교차로부근,승합,남,41세,상해없음,화물,남,46세,중상
2013082900100178,2013년 8월 29일 09시,목요일,울산광역시 중구 다운동,경상사고,0,0,1,0,차대사람 - 횡단중,안전운전불이행,건조,맑음,단일로 - 횡단보도상,승용,남,31세,상해없음,보행자,남,6세,경상
2013082900100179,2013년 8월 29일 09시,목요일,울산광역시 북구 신천동,경상사고,0,0,1,0,차대차 - 기타,안전거리미확보,건조,맑음,단일로 - 기타,건설기계,남,48세,기타불명,승용,여,38세,경상
2013082900100234,2013년 8월 29일 11시,목요일,울산광역시 울주군 삼남면,중상사고,0,1,0,0,차대차 - 기타,안전운전불이행,건조,맑음,교차로 - 교차로부근,승합,남,42세,상해없음,승용,남,76세,중상
2013082900100312,2013년 8월 29일 14시,목요일,울산광역시 중구 다운동,부상신고사고,0,0,0,1,차대차 - 기타,안전운전불이행,건조,맑음,기타 - 기타,기타불명,기타불명,기타불명,기타불명,자전거,남,46세,부상신고
2013082900100343,2013년 8월 29일 15시,목요일,울산광역시 북구 창평동,경상사고,0,0,1,0,차대차 - 기타,교차로운행방법위반,건조,맑음,교차로 - 교차로부근,승용,남,61세,상해없음,승합,남,47세,경상
2013082900100459,2013년 8월 29일 18시,목요일,울산광역시 북구 연암동,경상사고,0,0,2,0,차대차 - 측면직각충돌,신호위반,건조,맑음,교차로 - 교차로안,화물,남,45세,상해없음,화물,남,45세,경상
2013082900100460,2013년 8월 29일 18시,목요일,울산광역시 남구 옥동,경상사고,0,0,1,0,차대차 - 정면충돌,안전운전불이행,건조,맑음,단일로 - 기타,자전거,여,17세,경상,자전거,남,59세,상해없음
2013082900100461,2013년 8월 29일 18시,목요일,울산광역시 울주군 범서읍,경상사고,0,0,1,0,차대차 - 추돌 - 주정차중,안전거리미확보,건조,맑음,단일로 - 기타,화물,남,58세,상해없음,승용,남,48세,경상
2013082900100625,2013년 8월 29일 22시,목요일,울산광역시 북구 진장동,경상사고,0,0,1,0,차대차 - 추돌 - 진행중,안전운전불이행,건조,흐림,단일로 - 기타,승용,남,50세,상해없음,승용,여,33세,경상
2013082900100658,2013년 8월 29일 23시,목요일,울산광역시 동구 일산동,중상사고,0,1,0,0,차대사람 - 기타,안전운전불이행,습기,비,단일로 - 기타,승용,남,23세,상해없음,보행자,남,29세,중상
2013082900100659,2013년 8월 29일 23시,목요일,울산광역시 동구 방어동,경상사고,0,0,2,0,차대차 - 추돌 - 진행중,안전운전불이행,건조,맑음,교차로 - 교차로안,승용,남,24세,상해없음,승용,여,50세,경상
2013082900100660,2013년 8월 29일 23시,목요일,울산광역시 동구 서부동,경상사고,0,0,1,0,차대차 - 기타,안전운전불이행,습기,비,기타 - 기타,승용,남,29세,상해없음,이륜,남,40세,경상
2013083000100047,2013년 8월 30일 02시,금요일,울산광역시 남구 삼산동,경상사고,0,0,1,0,차대차 - 측면직각충돌,안전운전불이행,습기,비,교차로 - 교차로안,승용,남,25세,경상,승용,남,30세,상해없음
2013083000100082,2013년 8월 30일 05시,금요일,울산광역시 남구 달동,경상사고,0,0,1,0,차대차 - 측면직각충돌,교차로운행방법위반,건조,맑음,교차로 - 교차로안,승용,남,52세,상해없음,승용,남,24세,경상
2013083000100096,2013년 8월 30일 06시,금요일,울산광역시 북구 효문동,중상사고,0,1,0,0,차대차 - 측면직각충돌,안전거리미확보,건조,맑음,단일로 - 기타,승용,남,27세,상해없음,이륜,남,48세,중상
2013083000100153,2013년 8월 30일 08시,금요일,울산광역시 북구 연암동,경상사고,0,0,3,0,차대차 - 추돌 - 진행중,안전거리미확보,건조,맑음,단일로 - 기타,화물,남,41세,상해없음,화물,남,36세,경상
2013083000100154,2013년 8월 30일 08시,금요일,울산광역시 북구 염포동,중상사고,0,1,0,0,차대차 - 측면직각충돌,안전운전불이행,건조,맑음,단일로 - 기타,화물,남,44세,상해없음,화물,남,51세,중상
2013083000100181,2013년 8월 30일 09시,금요일,울산광역시 남구 신정동,경상사고,0,0,1,2,차대차 - 기타,안전거리미확보,건조,맑음,교차로 - 교차로부근,승용,여,58세,상해없음,승용,여,37세,부상신고
2013083000100291,2013년 8월 30일 13시,금요일,울산광역시 중구 학성동,경상사고,0,0,2,0,차대차 - 측면직각충돌,직진우회전진행방해,건조,맑음,교차로 - 교차로안,승용,남,44세,경상,승용,남,55세,경상
2013083000100292,2013년 8월 30일 13시,금요일,울산광역시 울주군 언양읍,중상사고,0,1,0,0,차대차 - 추돌 - 주정차중,안전운전불이행,건조,맑음,단일로 - 기타,승용,남,22세,상해없음,승용,여,37세,중상
2013083000100325,2013년 8월 30일 14시,금요일,울산광역시 울주군 언양읍,경상사고,0,0,3,1,차대차 - 추돌 - 진행중,안전거리미확보,건조,맑음,교차로 - 교차로부근,승용,남,24세,상해없음,승용,남,49세,경상
2013083000100433,2013년 8월 30일 17시,금요일,울산광역시 중구 반구동,부상신고사고,0,0,0,1,차대차 - 정면충돌,안전운전불이행,건조,맑음,단일로 - 기타,원동기,남,51세,부상신고,승용,남,67세,상해없음
2013083000100519,2013년 8월 30일 19시,금요일,울산광역시 북구 양정동,경상사고,0,0,1,0,차대사람 - 기타,안전운전불이행,건조,맑음,단일로 - 기타,이륜,남,29세,상해없음,보행자,남,36세,경상
2013083000100621,2013년 8월 30일 22시,금요일,울산광역시 울주군 범서읍,중상사고,0,1,0,0,차량단독 - 공작물충돌,안전운전불이행,건조,맑음,단일로 - 기타,승용,남,47세,중상,,,,
2013083000100660,2013년 8월 30일 23시,금요일,울산광역시 남구 신정동,경상사고,0,0,1,0,차대차 - 기타,안전거리미확보,건조,맑음,단일로 - 기타,승용,남,16세,상해없음,승용,남,58세,경상
2013083100100008,2013년 8월 31일 00시,토요일,울산광역시 울주군 언양읍,경상사고,0,0,1,0,차대차 - 추돌 - 주정차중,안전운전불이행,건조,맑음,단일로 - 기타,승용,남,38세,상해없음,승용,남,47세,상해없음
2013083100100067,2013년 8월 31일 02시,토요일,울산광역시 북구 양정동,경상사고,0,0,1,0,차대차 - 추돌 - 주정차중,안전운전불이행,건조,맑음,단일로 - 기타,승용,남,41세,상해없음,승용,남,56세,경상
2013083100100082,2013년 8월 31일 03시,토요일,울산광역시 울주군 삼남면,중상사고,0,1,0,0,차대차 - 기타,안전운전불이행,습기,비,단일로 - 기타,승용,여,57세,중상,화물,남,52세,상해없음
2013083100100093,2013년 8월 31일 04시,토요일,울산광역시 남구 삼산동,경상사고,0,0,5,0,차대차 - 추돌 - 주정차중,안전거리미확보,건조,맑음,교차로 - 교차로부근,승용,남,33세,상해없음,승용,여,42세,경상
2013083100100124,2013년 8월 31일 06시,토요일,울산광역시 중구 반구동,경상사고,0,0,2,0,차대차 - 추돌 - 진행중,안전운전불이행,건조,맑음,교차로 - 교차로부근,승용,남,45세,상해없음,화물,남,46세,경상
2013083100100395,2013년 8월 31일 15시,토요일,울산광역시 북구 연암동,경상사고,0,0,1,0,차대차 - 측면직각충돌,안전운전불이행,건조,맑음,단일로 - 기타,승용,여,27세,경상,건설기계,남,34세,상해없음
2013083100100434,2013년 8월 31일 17시,토요일,울산광역시 울주군 언양읍,중상사고,0,1,0,0,차대차 - 기타,안전운전불이행,건조,맑음,단일로 - 기타,승용,남,60세,상해없음,승용,남,44세,상해없음
2013083100100531,2013년 8월 31일 19시,토요일,울산광역시 중구 우정동,경상사고,0,0,1,0,차대사람 - 횡단중,안전운전불이행,건조,맑음,교차로 - 교차로부근,승용,남,50세,상해없음,보행자,남,22세,경상
2013083100100532,2013년 8월 31일 19시,토요일,울산광역시 울주군 서생면,중상사고,0,1,1,0,차대차 - 정면충돌,중앙선침범,건조,맑음,교차로 - 교차로부근,승용,남,74세,상해없음,승용,남,49세,상해없음
2013083100100561,2013년 8월 31일 20시,토요일,울산광역시 동구 화정동,경상사고,0,0,1,0,차대차 - 추돌 - 주정차중,안전운전불이행,건조,맑음,단일로 - 기타,승용,남,53세,상해없음,이륜,남,37세,경상
2013083100100590,2013년 8월 31일 21시,토요일,울산광역시 중구 복산동,경상사고,0,0,3,0,차대차 - 추돌 - 진행중,안전운전불이행,건조,맑음,교차로 - 교차로안,화물,남,40세,상해없음,승용,여,37세,경상
2013083100100591,2013년 8월 31일 21시,토요일,울산광역시 남구 신정동,중상사고,0,1,0,0,차대차 - 측면직각충돌,중앙선침범,건조,맑음,단일로 - 기타,화물,남,62세,상해없음,이륜,남,16세,중상
2013090100100068,2013년 9월 1일 03시,일요일,울산광역시 울주군 온산읍,중상사고,0,1,1,0,차대차 - 추돌 - 진행중,안전운전불이행,건조,맑음,교차로 - 교차로안,승용,남,24세,상해없음,승용,남,41세,중상
2013090100100069,2013년 9월 1일 03시,일요일,울산광역시 울주군 웅촌면,중상사고,0,2,0,0,차량단독 - 전도전복,안전운전불이행,건조,맑음,단일로 - 기타,원동기,남,27세,중상,,,,
2013090100100145,2013년 9월 1일 09시,일요일,울산광역시 중구 태화동,중상사고,0,1,0,0,차대차 - 기타,안전운전불이행,건조,맑음,단일로 - 기타,승용,남,70세,상해없음,자전거,남,58세,중상
2013090100100194,2013년 9월 1일 11시,일요일,울산광역시 울주군 언양읍,경상사고,0,0,1,0,차량단독 - 전도전복,안전운전불이행,기타,흐림,단일로 - 기타,이륜,남,64세,기타불명,,,,
2013090100100220,2013년 9월 1일 12시,일요일,울산광역시 중구 성안동,경상사고,0,0,1,0,차대차 - 측면직각충돌,직진우회전진행방해,건조,맑음,교차로 - 교차로안,승용,남,46세,상해없음,이륜,남,19세,경상
2013090100100221,2013년 9월 1일 12시,일요일,울산광역시 북구 연암동,중상사고,0,1,0,0,차대차 - 기타,안전운전불이행,건조,맑음,단일로 - 기타,승용,여,55세,상해없음,자전거,남,46세,중상
2013090100100277,2013년 9월 1일 14시,일요일,울산광역시 울주군 언양읍,중상사고,0,2,4,0,차대차 - 추돌 - 주정차중,안전운전불이행,건조,맑음,단일로 - 기타,승용,남,60세,경상,승용,남,35세,중상
2013090100100333,2013년 9월 1일 16시,일요일,울산광역시 동구 서부동,경상사고,0,0,1,0,차대차 - 기타,안전운전불이행,건조,맑음,단일로 - 기타,승용,여,27세,상해없음,이륜,남,26세,경상
2013090200100010,2013년 9월 2일 00시,월요일,울산광역시 남구 야음동,중상사고,0,1,2,0,차대차 - 기타,안전운전불이행,건조,맑음,교차로 - 교차로부근,승용,남,19세,상해없음,승용,남,26세,중상
2013090200100042,2013년 9월 2일 05시,월요일,울산광역시 울주군 범서읍,중상사고,0,1,1,0,차대차 - 측면직각충돌,신호위반,건조,맑음,교차로 - 교차로안,승용,남,52세,상해없음,승용,여,45세,중상
2013090200100063,2013년 9월 2일 06시,월요일,울산광역시 남구 신정동,경상사고,0,0,2,0,차대차 - 정면충돌,직진우회전진행방해,건조,맑음,교차로 - 교차로안,승용,남,29세,상해없음,이륜,남,41세,경상
2013090200100064,2013년 9월 2일 06시,월요일,울산광역시 북구 양정동,중상사고,0,1,0,0,차대차 - 기타,중앙선침범,건조,맑음,단일로 - 기타,승용,여,37세,상해없음,원동기,남,37세,중상
2013090200100103,2013년 9월 2일 07시,월요일,울산광역시 중구 남외동,중상사고,0,1,1,0,차대차 - 측면직각충돌,직진우회전진행방해,건조,맑음,교차로 - 교차로안,원동기,남,69세,중상,승용,여,45세,상해없음
2013090200100104,2013년 9월 2일 07시,월요일,울산광역시 중구 반구동,경상사고,0,0,1,0,차대차 - 측면직각충돌,안전운전불이행,건조,맑음,교차로 - 교차로부근,이륜,남,21세,경상,승합,남,35세,상해없음
2013090200100105,2013년 9월 2일 07시,월요일,울산광역시 울주군 온산읍,중상사고,0,1,0,0,차대차 - 추돌 - 진행중,안전거리미확보,건조,맑음,단일로 - 기타,이륜,남,28세,중상,승용,남,50세,상해없음
2013090200100144,2013년 9월 2일 08시,월요일,울산광역시 남구 삼산동,경상사고,0,0,1,0,차대차 - 측면직각충돌,신호위반,건조,맑음,교차로 - 교차로안,승용,여,60세,상해없음,이륜,남,39세,경상
2013090200100145,2013년 9월 2일 08시,월요일,울산광역시 북구 양정동,경상사고,0,0,1,0,차대사람 - 기타,신호위반,건조,맑음,단일로 - 기타,승합,남,50세,기타불명,보행자,여,67세,경상
2013090200100213,2013년 9월 2일 10시,월요일,울산광역시 동구 서부동,중상사고,0,1,0,0,차대차 - 측면직각충돌,교차로운행방법위반,건조,맑음,교차로 - 교차로안,승용,남,36세,상해없음,이륜,남,77세,중상
2013090200100302,2013년 9월 2일 13시,월요일,울산광역시 북구 신명동,경상사고,0,0,2,0,차대차 - 추돌 - 진행중,안전운전불이행,건조,맑음,단일로 - 기타,승용,여,43세,상해없음,승용,남,35세,경상
2013090200100338,2013년 9월 2일 14시,월요일,울산광역시 북구 명촌동,중상사고,0,1,0,0,차대차 - 측면직각충돌,차로위반,건조,맑음,단일로 - 기타,승용,남,21세,상해없음,원동기,남,48세,중상
2013090200100417,2013년 9월 2일 16시,월요일,울산광역시 울주군 언양읍,중상사고,0,1,0,0,차대사람 - 횡단중,보행자보호의무위반,건조,맑음,교차로 - 교차로부근,화물,남,65세,상해없음,보행자,여,52세,중상
2013090200100466,2013년 9월 2일 17시,월요일,울산광역시 남구 달동,경상사고,0,0,1,0,차대차 - 측면직각충돌,안전운전불이행,건조,맑음,교차로 - 교차로부근,승용,남,55세,상해없음,승용,여,55세,경상
2013090200100506,2013년 9월 2일 18시,월요일,울산광역시 동구 일산동,중상사고,0,1,2,0,차대차 - 기타,안전운전불이행,건조,맑음,교차로 - 교차로부근,승용,남,49세,상해없음,화물,남,43세,경상
2013090200100577,2013년 9월 2일 20시,월요일,울산광역시 중구 학산동,중상사고,0,1,0,0,차대사람 - 횡단중,보행자보호의무위반,건조,맑음,단일로 - 횡단보도상,승용,남,56세,상해없음,보행자,여,69세,중상
2013090200100578,2013년 9월 2일 20시,월요일,울산광역시 중구 옥교동,중상사고,0,1,1,0,차대차 - 추돌 - 주정차중,안전운전불이행,건조,맑음,교차로 - 교차로부근,이륜,남,20세,중상,승용,남,64세,경상
2013090200100579,2013년 9월 2일 20시,월요일,울산광역시 남구 무거동,중상사고,0,1,0,0,차대차 - 정면충돌,신호위반,건조,맑음,교차로 - 교차로부근,승용,남,53세,상해없음,승용,남,26세,중상
2013090200100602,2013년 9월 2일 21시,월요일,울산광역시 울주군 청량면,경상사고,0,0,1,0,차대차 - 측면직각충돌,안전거리미확보,건조,맑음,단일로 - 기타,승용,남,60세,상해없음,승용,남,58세,경상
2013090200100665,2013년 9월 2일 23시,월요일,울산광역시 중구 서동,경상사고,0,0,1,0,차대차 - 추돌 - 주정차중,안전운전불이행,건조,맑음,교차로 - 교차로부근,승용,남,51세,상해없음,승용,남,30세,경상
2013090300100014,2013년 9월 3일 00시,화요일,울산광역시 남구 달동,중상사고,0,1,0,0,차대사람 - 기타,안전운전불이행,건조,맑음,단일로 - 기타,승용,남,42세,상해없음,보행자,여,45세,중상
2013090300100109,2013년 9월 3일 07시,화요일,울산광역시 남구 선암동,경상사고,0,0,1,0,차대차 - 측면직각충돌,교차로운행방법위반,건조,맑음,교차로 - 교차로안,승용,남,38세,상해없음,이륜,남,39세,경상
2013090300100209,2013년 9월 3일 10시,화요일,울산광역시 중구 반구동,중상사고,0,1,0,0,차대차 - 기타,직진우회전진행방해,건조,맑음,교차로 - 교차로안,승용,남,38세,상해없음,자전거,남,46세,중상
2013090300100237,2013년 9월 3일 11시,화요일,울산광역시 북구 상안동,경상사고,0,0,1,0,차대차 - 기타,안전운전불이행,건조,맑음,단일로 - 기타,화물,남,53세,상해없음,승용,남,47세,경상
2013090300100299,2013년 9월 3일 13시,화요일,울산광역시 북구 진장동,중상사고,0,1,0,0,차대사람 - 기타,안전운전불이행,건조,맑음,단일로 - 기타,건설기계,남,58세,상해없음,보행자,남,64세,중상
2013090300100300,2013년 9월 3일 13시,화요일,울산광역시 중구 다운동,사망사고,1,0,0,0,차대차 - 측면직각충돌,안전운전불이행,건조,맑음,단일로 - 기타,승합,남,31세,상해없음,이륜,남,37세,사망
2013090300100329,2013년 9월 3일 14시,화요일,울산광역시 남구 신정동,경상사고,0,0,1,0,차대차 - 기타,안전운전불이행,건조,맑음,교차로 - 교차로안,자전거,남,45세,경상,승용,여,38세,상해없음
2013090300100371,2013년 9월 3일 15시,화요일,울산광역시 울주군 범서읍,경상사고,0,0,1,0,차대사람 - 횡단중,보행자보호의무위반,건조,맑음,단일로 - 횡단보도상,승합,남,47세,상해없음,보행자,남,10세,경상
2013090300100402,2013년 9월 3일 16시,화요일,울산광역시 북구 연암동,중상사고,0,1,2,1,차대차 - 기타,교차로운행방법위반,건조,맑음,교차로 - 교차로안,승용,남,72세,부상신고,승용,남,31세,경상
2013090300100442,2013년 9월 3일 17시,화요일,울산광역시 남구 달동,경상사고,0,0,1,0,차대차 - 추돌 - 진행중,안전운전불이행,건조,맑음,교차로 - 교차로안,승용,남,43세,상해없음,승용,남,53세,경상
2013090300100487,2013년 9월 3일 18시,화요일,울산광역시 북구 신천동,중상사고,0,1,0,0,차대사람 - 횡단중,안전운전불이행,건조,맑음,교차로 - 교차로부근,승용,여,48세,상해없음,보행자,남,14세,중상
2013090300100488,2013년 9월 3일 18시,화요일,울산광역시 동구 일산동,중상사고,0,1,0,0,차대차 - 측면직각충돌,직진우회전진행방해,건조,맑음,교차로 - 교차로안,승용,남,23세,상해없음,이륜,남,26세,중상
2013090300100578,2013년 9월 3일 21시,화요일,울산광역시 중구 반구동,중상사고,0,1,0,0,차대차 - 측면직각충돌,중앙선침범,건조,맑음,단일로 - 기타,승용,남,58세,상해없음,이륜,남,56세,중상
2013090300100579,2013년 9월 3일 21시,화요일,울산광역시 울주군 온양읍,사망사고,1,0,0,0,차대사람 - 기타,안전운전불이행,건조,맑음,단일로 - 기타,승용,여,26세,상해없음,보행자,남,30세,사망
2013090400100082,2013년 9월 4일 06시,수요일,울산광역시 동구 화정동,중상사고,0,1,0,0,차대사람 - 횡단중,신호위반,건조,맑음,교차로 - 교차로부근,승용,남,52세,상해없음,보행자,여,28세,중상
2013090400100116,2013년 9월 4일 07시,수요일,울산광역시 울주군 온산읍,경상사고,0,0,1,1,차량단독 - 공작물충돌,안전운전불이행,건조,맑음,단일로 - 기타,승용,여,54세,부상신고,,,,
2013090400100340,2013년 9월 4일 14시,수요일,울산광역시 남구 신정동,중상사고,0,1,0,0,차대사람 - 보도통행중,보행자보호의무위반,건조,맑음,단일로 - 횡단보도상,승용,여,40세,상해없음,보행자,남,48세,중상
2013090400100407,2013년 9월 4일 16시,수요일,울산광역시 동구 서부동,경상사고,0,0,1,0,차대사람 - 기타,기타,건조,맑음,교차로 - 교차로부근,화물,남,51세,상해없음,보행자,남,9세,경상
2013090400100482,2013년 9월 4일 18시,수요일,울산광역시 북구 호계동,경상사고,0,0,1,0,차대차 - 기타,안전운전불이행,건조,맑음,교차로 - 교차로안,원동기,남,40세,경상,승용,남,51세,상해없음
2013090400100520,2013년 9월 4일 19시,수요일,울산광역시 중구 남외동,중상사고,0,1,1,0,차대사람 - 보도통행중,안전운전불이행,건조,맑음,단일로 - 기타,이륜,남,27세,상해없음,보행자,여,47세,중상
2013090400100521,2013년 9월 4일 19시,수요일,울산광역시 중구 성남동,경상사고,0,0,1,0,차대차 - 기타,안전운전불이행,건조,맑음,교차로 - 교차로안,승용,남,71세,상해없음,승용,남,74세,경상
2013090400100555,2013년 9월 4일 20시,수요일,울산광역시 남구 선암동,경상사고,0,0,1,0,차대차 - 측면직각충돌,중앙선침범,건조,맑음,교차로 - 교차로부근,승용,남,64세,상해없음,승용,남,43세,경상
2013090400100585,2013년 9월 4일 21시,수요일,울산광역시 북구 중산동,중상사고,0,1,1,0,차대차 - 추돌 - 주정차중,안전운전불이행,건조,맑음,단일로 - 기타,화물,남,22세,상해없음,승용,여,45세,중상
2013090400100586,2013년 9월 4일 21시,수요일,울산광역시 중구 다운동,중상사고,0,1,1,0,차대차 - 기타,직진우회전진행방해,건조,맑음,교차로 - 교차로안,승용,남,39세,상해없음,승용,남,55세,상해없음
2013090400100633,2013년 9월 4일 23시,수요일,울산광역시 북구 신천동,중상사고,0,1,0,0,차량단독 - 공작물충돌,안전운전불이행,건조,맑음,단일로 - 기타,승용,여,44세,중상,,,,
2013090400100634,2013년 9월 4일 23시,수요일,울산광역시 동구 전하동,중상사고,0,1,0,0,차량단독 - 공작물충돌,안전운전불이행,건조,맑음,단일로 - 기타,이륜,남,34세,중상,,,,
2013090500100052,2013년 9월 5일 04시,목요일,울산광역시 남구 야음동,경상사고,0,0,1,0,차대차 - 추돌 - 주정차중,안전거리미확보,건조,맑음,교차로 - 교차로부근,승용,남,31세,상해없음,승용,남,63세,경상
2013090500100053,2013년 9월 5일 04시,목요일,울산광역시 울주군 온산읍,부상신고사고,0,0,0,1,차대사람 - 기타,안전운전불이행,건조,맑음,단일로 - 기타,승용,남,32세,상해없음,보행자,남,54세,부상신고
2013090500100120,2013년 9월 5일 07시,목요일,울산광역시 남구 무거동,중상사고,0,3,0,0,차대차 - 측면직각충돌,신호위반,건조,맑음,교차로 - 교차로안,승용,남,60세,상해없음,화물,남,58세,중상
2013090500100151,2013년 9월 5일 08시,목요일,울산광역시 북구 명촌동,경상사고,0,0,1,0,차대차 - 측면직각충돌,안전운전불이행,건조,맑음,단일로 - 기타,기타불명,기타불명,기타불명,기타불명,자전거,남,13세,경상
2013090500100196,2013년 9월 5일 10시,목요일,울산광역시 북구 연암동,중상사고,0,1,0,0,차대차 - 측면직각충돌,신호위반,건조,맑음,교차로 - 교차로안,승용,남,51세,상해없음,승용,남,35세,중상
2013090500100197,2013년 9월 5일 10시,목요일,울산광역시 북구 신천동,경상사고,0,0,2,0,차대사람 - 횡단중,안전운전불이행,건조,맑음,교차로 - 교차로안,승용,여,34세,상해없음,보행자,여,57세,경상
2013090500100198,2013년 9월 5일 10시,목요일,울산광역시 울주군 언양읍,중상사고,0,1,0,0,차대사람 - 기타,안전운전불이행,건조,맑음,단일로 - 기타,승용,남,42세,상해없음,보행자,여,74세,중상
2013090500100324,2013년 9월 5일 15시,목요일,울산광역시 북구 연암동,중상사고,0,1,0,0,차대차 - 측면직각충돌,직진우회전진행방해,건조,맑음,교차로 - 교차로안,화물,남,72세,상해없음,화물,남,42세,중상