사고번호,사고일시,요일,시군구,사고내용,사망자수,중상자수,경상자수,부상신고자수,사고유형,법규위반,노면상태,기상상태,도로형태,가해운전자 차종,가해운전자 성별,가해운전자 연령,가해운전자 상해정도,피해운전자 차종,피해운전자 성별,피해운전자 연령,피해운전자 상해정도
2013091600100042,2013년 9월 16일 03시,월요일,울산광역시 북구 염포동,사망사고,1,0,1,0,차량단독 - 공작물충돌,안전운전불이행,건조,맑음,단일로 - 기타,이륜,남,17세,경상,,,,
2013091600100061,2013년 9월 16일 05시,월요일,울산광역시 북구 중산동,사망사고,1,0,3,0,차대차 - 추돌 - 주정차중,안전운전불이행,건조,맑음,교차로 - 교차로부근,화물,남,42세,사망,화물,남,57세,경상
2013091600100217,2013년 9월 16일 09시,월요일,울산광역시 울주군 범서읍,경상사고,0,0,1,0,차대사람 - 기타,보행자보호의무위반,건조,맑음,교차로 - 교차로안,승용,남,59세,상해없음,보행자,남,18세,경상
2013091600100256,2013년 9월 16일 10시,월요일,울산광역시 중구 태화동,중상사고,0,1,7,0,차대차 - 기타,안전거리미확보,건조,맑음,단일로 - 기타,승용,남,47세,상해없음,화물,남,62세,경상
2013091600100257,2013년 9월 16일 10시,월요일,울산광역시 중구 성안동,경상사고,0,0,1,0,차대차 - 측면직각충돌,안전운전불이행,건조,맑음,단일로 - 기타,승용,남,39세,상해없음,승용,여,27세,경상
2013091600100262,2013년 9월 16일 11시,월요일,울산광역시 울주군 두서면,중상사고,0,1,0,0,차대차 - 기타,안전운전불이행,건조,맑음,단일로 - 기타,기타불명,기타불명,기타불명,기타불명,승용,여,49세,중상
2013091600100319,2013년 9월 16일 12시,월요일,울산광역시 북구 진장동,중상사고,0,1,0,0,차대차 - 측면직각충돌,안전거리미확보,건조,맑음,단일로 - 기타,승용,여,48세,상해없음,원동기,남,28세,중상
2013091600100474,2013년 9월 16일 16시,월요일,울산광역시 북구 매곡동,경상사고,0,0,1,0,차대차 - 기타,신호위반,건조,맑음,교차로 - 교차로안,승합,남,60세,상해없음,자전거,남,8세,경상
2013091600100475,2013년 9월 16일 16시,월요일,울산광역시 중구 성남동,중상사고,0,1,0,0,차대사람 - 횡단중,보행자보호의무위반,건조,맑음,교차로 - 교차로안,이륜,남,34세,상해없음,보행자,남,74세,중상
2013091600100476,2013년 9월 16일 16시,월요일,울산광역시 북구 호계동,경상사고,0,0,1,0,차대차 - 기타,안전운전불이행,건조,맑음,단일로 - 기타,승용,남,86세,상해없음,승용,여,38세,경상
2013091600100477,2013년 9월 16일 16시,월요일,울산광역시 남구 야음동,경상사고,0,0,1,0,차대사람 - 기타,중앙선침범,건조,맑음,교차로 - 교차로부근,승용,남,53세,상해없음,보행자,여,61세,경상
2013091600100522,2013년 9월 16일 17시,월요일,울산광역시 남구 여천동,중상사고,0,1,0,0,차대차 - 기타,안전운전불이행,건조,맑음,교차로 - 교차로안,승용,남,37세,상해없음,이륜,남,56세,중상
2013091600100571,2013년 9월 16일 18시,월요일,울산광역시 중구 약사동,경상사고,0,0,1,0,차대차 - 추돌 - 진행중,안전운전불이행,건조,맑음,교차로 - 교차로부근,화물,남,37세,상해없음,원동기,남,26세,경상
2013091600100572,2013년 9월 16일 18시,월요일,울산광역시 북구 중산동,중상사고,0,1,0,0,차대사람 - 횡단중,보행자보호의무위반,건조,맑음,단일로 - 횡단보도상,승용,남,49세,상해없음,보행자,남,8세,중상
2013091600100623,2013년 9월 16일 19시,월요일,울산광역시 북구 염포동,경상사고,0,0,5,0,차대차 - 추돌 - 주정차중,안전운전불이행,건조,맑음,단일로 - 횡단보도부근,승용,남,50세,상해없음,승용,여,46세,경상
2013091600100624,2013년 9월 16일 19시,월요일,울산광역시 동구 화정동,경상사고,0,0,1,0,차대차 - 측면직각충돌,중앙선침범,건조,맑음,단일로 - 기타,이륜,남,49세,상해없음,이륜,남,58세,경상
2013091600100758,2013년 9월 16일 23시,월요일,울산광역시 남구 달동,중상사고,0,1,0,0,차대사람 - 기타,안전운전불이행,건조,맑음,교차로 - 교차로안,승용,남,26세,상해없음,보행자,여,53세,중상
2013091700100021,2013년 9월 17일 00시,화요일,울산광역시 중구 학성동,경상사고,0,0,1,0,차대사람 - 횡단중,안전운전불이행,건조,맑음,단일로 - 기타,승용,남,58세,상해없음,보행자,남,39세,경상
2013091700100022,2013년 9월 17일 00시,화요일,울산광역시 중구 옥교동,경상사고,0,0,3,0,차대차 - 측면직각충돌,안전운전불이행,건조,맑음,단일로 - 기타,승용,남,37세,상해없음,승용,남,28세,경상
2013091700100060,2013년 9월 17일 03시,화요일,울산광역시 중구 북정동,중상사고,0,2,1,0,차대차 - 측면직각충돌,안전운전불이행,건조,맑음,교차로 - 교차로안,승용,남,20세,상해없음,승용,남,48세,중상
2013091700100070,2013년 9월 17일 04시,화요일,울산광역시 북구 염포동,경상사고,0,0,1,0,차대차 - 기타,안전운전불이행,건조,맑음,단일로 - 기타,승용,남,19세,상해없음,승용,남,32세,상해없음
2013091700100170,2013년 9월 17일 08시,화요일,울산광역시 중구 옥교동,중상사고,0,1,1,0,차대차 - 추돌 - 주정차중,안전운전불이행,건조,맑음,단일로 - 교량,승용,남,51세,상해없음,승합,남,40세,중상
2013091700100171,2013년 9월 17일 08시,화요일,울산광역시 동구 화정동,경상사고,0,0,1,0,차대차 - 측면직각충돌,안전운전불이행,건조,맑음,교차로 - 교차로안,승용,여,37세,상해없음,승용,여,51세,경상
2013091700100292,2013년 9월 17일 12시,화요일,울산광역시 울주군 웅촌면,경상사고,0,0,1,0,차대차 - 기타,안전거리미확보,건조,맑음,단일로 - 기타,원동기,남,32세,경상,승용,남,24세,상해없음
2013091700100370,2013년 9월 17일 14시,화요일,울산광역시 중구 성남동,중상사고,0,1,0,0,차대차 - 측면직각충돌,안전운전불이행,건조,맑음,교차로 - 교차로안,승용,남,34세,상해없음,자전거,여,73세,중상
2013091700100414,2013년 9월 17일 15시,화요일,울산광역시 중구 학성동,중상사고,0,1,0,0,차대차 - 측면직각충돌,중앙선침범,건조,맑음,단일로 - 기타,이륜,남,62세,중상,승용,여,55세,상해없음
2013091700100415,2013년 9월 17일 15시,화요일,울산광역시 북구 화봉동,경상사고,0,0,1,0,차대차 - 추돌 - 주정차중,기타,건조,맑음,교차로 - 교차로부근,화물,남,55세,상해없음,승용,여,48세,경상
2013091700100567,2013년 9월 17일 18시,화요일,울산광역시 북구 화봉동,경상사고,0,0,1,0,차대차 - 측면직각충돌,안전운전불이행,건조,맑음,단일로 - 기타,화물,남,42세,상해없음,승용,남,29세,경상
2013091700100633,2013년 9월 17일 19시,화요일,울산광역시 중구 성남동,경상사고,0,0,1,0,차대사람 - 기타,안전운전불이행,건조,맑음,단일로 - 기타,이륜,남,27세,상해없음,보행자,여,18세,경상
2013091700100634,2013년 9월 17일 19시,화요일,울산광역시 중구 복산동,경상사고,0,0,2,0,차대차 - 측면직각충돌,신호위반,건조,맑음,교차로 - 교차로안,승용,남,56세,상해없음,화물,남,35세,상해없음
2013091700100635,2013년 9월 17일 19시,화요일,울산광역시 남구 옥동,경상사고,0,0,1,0,차대사람 - 기타,보행자보호의무위반,건조,맑음,단일로 - 횡단보도상,승용,남,47세,상해없음,보행자,여,44세,경상
2013091700100707,2013년 9월 17일 21시,화요일,울산광역시 중구 다운동,경상사고,0,0,1,0,차대차 - 기타,안전운전불이행,건조,맑음,교차로 - 교차로안,기타불명,기타불명,기타불명,기타불명,승용,여,54세,경상
2013091700100758,2013년 9월 17일 23시,화요일,울산광역시 북구 호계동,중상사고,0,1,8,1,차대차 - 기타,신호위반,건조,맑음,교차로 - 교차로안,승용,여,51세,부상신고,승합,남,39세,경상
2013091700100759,2013년 9월 17일 23시,화요일,울산광역시 중구 반구동,중상사고,0,1,1,0,차대차 - 추돌 - 진행중,안전운전불이행,건조,맑음,교차로 - 교차로부근,승용,남,53세,상해없음,승용,남,48세,경상
2013091800100045,2013년 9월 18일 01시,수요일,울산광역시 남구 신정동,중상사고,0,2,2,0,차량단독 - 공작물충돌,안전운전불이행,건조,맑음,단일로 - 기타,승합,여,51세,상해없음,,,,
2013091800100095,2013년 9월 18일 04시,수요일,울산광역시 남구 삼산동,부상신고사고,0,0,0,1,차량단독 - 기타,기타,건조,맑음,단일로 - 기타,승용,남,61세,상해없음,,,,
2013091800100106,2013년 9월 18일 05시,수요일,울산광역시 남구 신정동,중상사고,0,1,0,0,차대사람 - 횡단중,안전운전불이행,건조,맑음,단일로 - 횡단보도상,이륜,기타불명,기타불명,기타불명,보행자,남,47세,중상
2013091800100136,2013년 9월 18일 07시,수요일,울산광역시 남구 달동,경상사고,0,0,1,0,차대차 - 기타,교차로운행방법위반,건조,맑음,교차로 - 교차로안,승용,남,19세,상해없음,승합,남,56세,상해없음
2013091800100152,2013년 9월 18일 08시,수요일,울산광역시 동구 전하동,중상사고,0,1,0,0,차대차 - 측면직각충돌,교차로운행방법위반,건조,맑음,교차로 - 교차로안,승용,남,52세,상해없음,이륜,남,72세,중상
2013091800100176,2013년 9월 18일 09시,수요일,울산광역시 북구 연암동,중상사고,0,1,0,0,차대차 - 추돌 - 진행중,안전운전불이행,건조,맑음,단일로 - 터널,화물,남,37세,중상,화물,남,55세,상해없음
2013091800100201,2013년 9월 18일 10시,수요일,울산광역시 남구 무거동,중상사고,0,2,0,0,차대차 - 측면직각충돌,차로위반,건조,맑음,교차로 - 교차로안,승용,남,62세,상해없음,승용,여,45세,상해없음
2013091800100239,2013년 9월 18일 11시,수요일,울산광역시 중구 반구동,중상사고,0,1,0,0,차대차 - 측면직각충돌,직진우회전진행방해,건조,맑음,교차로 - 교차로안,화물,남,48세,상해없음,이륜,남,75세,중상
2013091800100240,2013년 9월 18일 11시,수요일,울산광역시 울주군 범서읍,중상사고,0,1,0,0,차대차 - 기타,안전운전불이행,건조,맑음,기타 - 기타,자전거,남,28세,상해없음,자전거,여,64세,중상
2013091800100286,2013년 9월 18일 13시,수요일,울산광역시 울주군 범서읍,경상사고,0,0,1,0,차대사람 - 횡단중,보행자보호의무위반,건조,맑음,교차로 - 교차로안,승용,남,51세,상해없음,보행자,여,75세,경상
2013091800100346,2013년 9월 18일 15시,수요일,울산광역시 동구 방어동,경상사고,0,0,1,0,차대사람 - 기타,안전운전불이행,건조,맑음,단일로 - 기타,이륜,남,20세,상해없음,보행자,여,58세,경상
2013091800100442,2013년 9월 18일 19시,수요일,울산광역시 울주군 언양읍,중상사고,0,1,0,0,차대차 - 정면충돌,중앙선침범,건조,맑음,단일로 - 기타,승용,남,33세,상해없음,승용,남,47세,중상
2013091900100058,2013년 9월 19일 07시,목요일,울산광역시 남구 달동,경상사고,0,0,1,0,차대사람 - 횡단중,신호위반,건조,맑음,교차로 - 교차로부근,이륜,남,25세,상해없음,보행자,남,54세,경상
2013091900100145,2013년 9월 19일 12시,목요일,울산광역시 중구 태화동,경상사고,0,0,2,0,차대차 - 추돌 - 주정차중,안전거리미확보,건조,맑음,단일로 - 기타,승용,남,69세,상해없음,승용,남,43세,경상
2013091900100146,2013년 9월 19일 12시,목요일,울산광역시 울주군 삼동면,경상사고,0,0,1,0,차대사람 - 보도통행중,안전운전불이행,기타,맑음,단일로 - 기타,승용,남,32세,상해없음,보행자,여,38세,경상
2013091900100178,2013년 9월 19일 13시,목요일,울산광역시 울주군 범서읍,경상사고,0,0,1,2,차대차 - 추돌 - 진행중,교차로운행방법위반,건조,맑음,교차로 - 교차로안,승용,남,58세,상해없음,승용,여,52세,부상신고
2013091900100294,2013년 9월 19일 17시,목요일,울산광역시 중구 다운동,경상사고,0,0,1,0,차대차 - 추돌 - 진행중,안전거리미확보,건조,맑음,교차로 - 교차로안,승용,여,21세,상해없음,승용,남,61세,경상
2013091900100340,2013년 9월 19일 19시,목요일,울산광역시 동구 일산동,중상사고,0,1,3,0,차대차 - 기타,안전운전불이행,건조,맑음,교차로 - 교차로부근,승용,기타불명,기타불명,기타불명,승용,남,25세,중상
2013091900100391,2013년 9월 19일 21시,목요일,울산광역시 울주군 두서면,중상사고,0,1,0,0,차량단독 - 공작물충돌,안전운전불이행,건조,맑음,단일로 - 기타,화물,남,43세,중상,,,,
2013091900100427,2013년 9월 19일 23시,목요일,울산광역시 북구 호계동,중상사고,0,1,0,0,차대차 - 측면직각충돌,교차로운행방법위반,건조,맑음,교차로 - 교차로안,승용,남,43세,상해없음,이륜,남,17세,중상
2013092000100028,2013년 9월 20일 01시,금요일,울산광역시 남구 삼산동,중상사고,0,1,0,0,차대차 - 측면직각충돌,교차로운행방법위반,건조,맑음,교차로 - 교차로안,승용,남,29세,상해없음,원동기,남,30세,중상
2013092000100051,2013년 9월 20일 04시,금요일,울산광역시 남구 달동,경상사고,0,0,1,0,차대사람 - 기타,안전운전불이행,건조,맑음,단일로 - 기타,승용,남,32세,상해없음,보행자,남,27세,경상
2013092000100062,2013년 9월 20일 05시,금요일,울산광역시 남구 달동,중상사고,0,1,0,0,차대차 - 측면직각충돌,안전운전불이행,건조,맑음,교차로 - 교차로부근,승용,남,32세,상해없음,승용,남,27세,중상
2013092000100283,2013년 9월 20일 17시,금요일,울산광역시 북구 천곡동,중상사고,0,5,2,0,차대차 - 추돌 - 진행중,안전운전불이행,건조,맑음,교차로 - 교차로부근,승용,남,53세,상해없음,승용,남,37세,중상
2013092000100300,2013년 9월 20일 18시,금요일,울산광역시 남구 삼산동,경상사고,0,0,1,0,차대차 - 측면직각충돌,안전운전불이행,건조,맑음,단일로 - 기타,승용,여,59세,상해없음,자전거,남,58세,경상
2013092000100403,2013년 9월 20일 22시,금요일,울산광역시 중구 태화동,경상사고,0,0,1,0,차대차 - 측면직각충돌,안전운전불이행,건조,맑음,교차로 - 교차로안,승용,남,50세,상해없음,승용,남,52세,경상
2013092100100068,2013년 9월 21일 04시,토요일,울산광역시 울주군 온산읍,경상사고,0,0,2,0,차대차 - 추돌 - 진행중,중앙선침범,건조,맑음,단일로 - 기타,승용,남,41세,상해없음,승용,여,22세,경상
2013092100100185,2013년 9월 21일 12시,토요일,울산광역시 남구 신정동,중상사고,0,2,0,0,차대차 - 기타,안전거리미확보,건조,맑음,단일로 - 기타,승용,남,39세,상해없음,승용,남,70세,중상
2013092100100230,2013년 9월 21일 14시,토요일,울산광역시 중구 태화동,경상사고,0,0,3,0,차대차 - 추돌 - 주정차중,안전운전불이행,건조,맑음,단일로 - 기타,승용,남,62세,상해없음,승용,남,34세,경상
2013092100100260,2013년 9월 21일 15시,토요일,울산광역시 중구 성안동,경상사고,0,0,1,0,차대차 - 측면직각충돌,직진우회전진행방해,건조,맑음,교차로 - 교차로안,이륜,남,23세,경상,승용,남,46세,상해없음
2013092100100288,2013년 9월 21일 16시,토요일,울산광역시 중구 태화동,중상사고,0,1,0,1,차량단독 - 도로외이탈 - 추락,안전운전불이행,건조,맑음,단일로 - 기타,승용,여,52세,부상신고,,,,
2013092100100338,2013년 9월 21일 18시,토요일,울산광역시 북구 양정동,경상사고,0,0,1,0,차대차 - 기타,안전운전불이행,건조,맑음,단일로 - 기타,승용,남,46세,상해없음,승용,여,50세,경상
2013092100100377,2013년 9월 21일 19시,토요일,울산광역시 울주군 언양읍,부상신고사고,0,0,0,1,차대차 - 측면직각충돌,직진우회전진행방해,건조,맑음,단일로 - 기타,승용,여,38세,상해없음,이륜,남,63세,부상신고
2013092100100440,2013년 9월 21일 22시,토요일,울산광역시 울주군 언양읍,중상사고,0,3,1,0,차대차 - 기타,안전운전불이행,건조,맑음,단일로 - 기타,승용,남,32세,상해없음,화물,남,39세,중상
2013092100100471,2013년 9월 21일 22시,토요일,울산광역시 남구 달동,사망사고,1,0,0,0,차대사람 - 횡단중,안전운전불이행,건조,맑음,단일로 - 기타,승용,남,39세,상해없음,보행자,남,43세,사망
2013092100100491,2013년 9월 21일 23시,토요일,울산광역시 북구 호계동,경상사고,0,0,1,0,차대차 - 측면직각충돌,직진우회전진행방해,건조,맑음,교차로 - 교차로안,승용,남,25세,상해없음,이륜,남,21세,경상
2013092200100011,2013년 9월 22일 00시,일요일,울산광역시 남구 삼산동,경상사고,0,0,2,0,차대차 - 기타,기타,건조,맑음,단일로 - 기타,승용,남,36세,상해없음,기타불명,남,29세,경상
2013092200100012,2013년 9월 22일 00시,일요일,울산광역시 울주군 상북면,사망사고,1,0,0,0,차량단독 - 전도전복,안전운전불이행,건조,맑음,단일로 - 기타,자전거,남,28세,사망,,,,
2013092200100037,2013년 9월 22일 02시,일요일,울산광역시 남구 무거동,중상사고,0,1,4,0,차대차 - 기타,신호위반,건조,맑음,교차로 - 교차로안,승용,남,22세,상해없음,승용,여,50세,경상
2013092200100038,2013년 9월 22일 02시,일요일,울산광역시 남구 달동,경상사고,0,0,3,0,차대차 - 측면직각충돌,교차로운행방법위반,건조,맑음,교차로 - 교차로안,승용,남,30세,상해없음,승용,남,64세,경상
2013092200100083,2013년 9월 22일 07시,일요일,울산광역시 울주군 범서읍,중상사고,0,1,0,0,차대차 - 측면직각충돌,신호위반,건조,맑음,교차로 - 교차로안,자전거,남,55세,중상,승용,여,46세,상해없음
2013092200100187,2013년 9월 22일 13시,일요일,울산광역시 울주군 언양읍,경상사고,0,0,1,0,차대차 - 기타,교차로운행방법위반,습기,비,교차로 - 교차로부근,승용,여,42세,상해없음,이륜,남,33세,경상
2013092200100357,2013년 9월 22일 20시,일요일,울산광역시 동구 서부동,경상사고,0,0,4,0,차대차 - 추돌 - 진행중,안전거리미확보,건조,맑음,단일로 - 기타,승용,남,55세,상해없음,이륜,남,30세,경상
2013092200100389,2013년 9월 22일 22시,일요일,울산광역시 중구 반구동,경상사고,0,0,1,0,차대사람 - 기타,안전운전불이행,건조,맑음,교차로 - 교차로안,승용,남,28세,상해없음,보행자,남,51세,경상
2013092300100046,2013년 9월 23일 05시,월요일,울산광역시 중구 약사동,중상사고,0,1,0,0,차대차 - 추돌 - 진행중,안전운전불이행,건조,맑음,단일로 - 기타,승용,남,25세,상해없음,승용,남,51세,중상
2013092300100131,2013년 9월 23일 08시,월요일,울산광역시 중구 반구동,중상사고,0,1,0,0,차대차 - 측면직각충돌,중앙선침범,건조,맑음,단일로 - 기타,승용,남,57세,상해없음,승용,여,44세,중상
2013092300100132,2013년 9월 23일 08시,월요일,울산광역시 중구 태화동,경상사고,0,0,1,0,차대차 - 측면직각충돌,안전운전불이행,건조,맑음,단일로 - 기타,자전거,남,77세,경상,승용,여,40세,상해없음
2013092300100162,2013년 9월 23일 09시,월요일,울산광역시 중구 태화동,경상사고,0,0,1,0,차대사람 - 기타,안전운전불이행,건조,맑음,기타 - 기타,승용,남,67세,상해없음,보행자,여,71세,경상
2013092300100189,2013년 9월 23일 10시,월요일,울산광역시 동구 방어동,경상사고,0,0,1,0,차대차 - 측면직각충돌,교차로운행방법위반,건조,맑음,교차로 - 교차로안,승용,여,33세,상해없음,이륜,남,61세,경상
2013092300100325,2013년 9월 23일 15시,월요일,울산광역시 중구 복산동,사망사고,1,0,0,0,차대사람 - 횡단중,보행자보호의무위반,건조,맑음,단일로 - 횡단보도상,건설기계,남,45세,상해없음,보행자,남,7세,사망
2013092300100326,2013년 9월 23일 15시,월요일,울산광역시 동구 방어동,중상사고,0,1,0,0,차대사람 - 기타,안전운전불이행,건조,맑음,단일로 - 기타,이륜,남,31세,상해없음,보행자,여,76세,중상
2013092300100395,2013년 9월 23일 17시,월요일,울산광역시 북구 효문동,중상사고,0,1,0,0,차대사람 - 기타,신호위반,건조,맑음,교차로 - 교차로안,원동기,남,69세,상해없음,보행자,남,39세,중상
2013092300100396,2013년 9월 23일 17시,월요일,울산광역시 울주군 웅촌면,중상사고,0,1,0,0,차대차 - 기타,신호위반,건조,맑음,교차로 - 교차로안,자전거,남,67세,중상,화물,남,26세,상해없음
2013092300100434,2013년 9월 23일 18시,월요일,울산광역시 남구 신정동,중상사고,0,1,0,0,차대사람 - 차도통행중,안전운전불이행,건조,맑음,교차로 - 교차로부근,승용,남,53세,상해없음,보행자,남,10세,중상
2013092300100487,2013년 9월 23일 20시,월요일,울산광역시 울주군 언양읍,중상사고,0,1,1,0,차대차 - 추돌 - 진행중,안전거리미확보,건조,맑음,단일로 - 기타,승용,여,24세,상해없음,화물,남,60세,중상
2013092300100509,2013년 9월 23일 21시,월요일,울산광역시 남구 무거동,중상사고,0,3,0,0,차대차 - 기타,안전운전불이행,건조,맑음,단일로 - 기타,이륜,남,16세,중상,승용,남,46세,상해없음
2013092300100510,2013년 9월 23일 21시,월요일,울산광역시 동구 화정동,부상신고사고,0,0,0,1,차대사람 - 기타,안전운전불이행,건조,맑음,단일로 - 기타,승용,남,26세,상해없음,보행자,여,33세,부상신고
2013092400100011,2013년 9월 24일 00시,화요일,울산광역시 남구 삼산동,경상사고,0,0,1,0,차대사람 - 기타,안전운전불이행,건조,맑음,단일로 - 기타,승용,남,30세,상해없음,보행자,남,47세,경상
2013092400100012,2013년 9월 24일 00시,화요일,울산광역시 울주군 언양읍,경상사고,0,0,1,0,차대사람 - 기타,교차로운행방법위반,건조,맑음,교차로 - 교차로안,화물,남,55세,상해없음,보행자,남,32세,경상
2013092400100041,2013년 9월 24일 03시,화요일,울산광역시 북구 연암동,경상사고,0,0,3,0,차대차 - 측면직각충돌,중앙선침범,건조,맑음,단일로 - 기타,승용,남,24세,상해없음,승용,남,33세,경상
2013092400100068,2013년 9월 24일 06시,화요일,울산광역시 남구 삼산동,경상사고,0,0,1,0,차대사람 - 기타,기타,건조,맑음,단일로 - 기타,원동기,기타불명,기타불명,기타불명,보행자,여,59세,경상
2013092400100091,2013년 9월 24일 07시,화요일,울산광역시 북구 연암동,중상사고,0,1,0,0,차대차 - 측면직각충돌,안전운전불이행,건조,맑음,단일로 - 기타,승용,남,42세,상해없음,자전거,남,33세,중상
2013092400100092,2013년 9월 24일 07시,화요일,울산광역시 남구 신정동,경상사고,0,0,3,0,차대차 - 추돌 - 주정차중,안전운전불이행,건조,맑음,단일로 - 횡단보도부근,승용,남,57세,상해없음,화물,남,54세,상해없음
2013092400100093,2013년 9월 24일 07시,화요일,울산광역시 남구 삼산동,경상사고,0,0,1,0,차대차 - 기타,안전운전불이행,건조,맑음,단일로 - 기타,승용,남,51세,상해없음,자전거,남,39세,경상
2013092400100094,2013년 9월 24일 07시,화요일,울산광역시 북구 양정동,중상사고,0,1,0,0,차대사람 - 횡단중,신호위반,건조,맑음,단일로 - 횡단보도상,이륜,기타불명,기타불명,기타불명,보행자,남,36세,중상
2013092400100161,2013년 9월 24일 09시,화요일,울산광역시 울주군 온양읍,중상사고,0,1,0,0,차대차 - 측면직각충돌,안전운전불이행,건조,맑음,단일로 - 기타,승용,여,38세,상해없음,자전거,남,77세,중상
2013092400100191,2013년 9월 24일 10시,화요일,울산광역시 중구 다운동,경상사고,0,0,1,0,차대차 - 기타,신호위반,건조,맑음,교차로 - 교차로안,승용,남,55세,상해없음,자전거,남,80세,경상
2013092400100192,2013년 9월 24일 10시,화요일,울산광역시 중구 성안동,중상사고,0,1,0,0,차량단독 - 기타,안전운전불이행,건조,맑음,단일로 - 기타,승합,남,33세,상해없음,,,,
2013092400100193,2013년 9월 24일 10시,화요일,울산광역시 남구 무거동,중상사고,0,1,0,0,차대사람 - 기타,안전운전불이행,건조,맑음,단일로 - 기타,화물,기타불명,기타불명,기타불명,보행자,여,77세,중상
2013092400100222,2013년 9월 24일 11시,화요일,울산광역시 동구 일산동,경상사고,0,0,1,0,차대차 - 기타,안전운전불이행,건조,맑음,교차로 - 교차로부근,화물,남,35세,상해없음,화물,남,45세,경상
2013092400100263,2013년 9월 24일 13시,화요일,울산광역시 남구 달동,중상사고,0,2,0,0,차대차 - 측면직각충돌,안전운전불이행,건조,맑음,교차로 - 교차로부근,승용,여,59세,상해없음,승용,남,32세,중상
2013092400100368,2013년 9월 24일 17시,화요일,울산광역시 동구 화정동,중상사고,0,1,0,0,차대차 - 측면직각충돌,직진우회전진행방해,건조,맑음,교차로 - 교차로안,화물,남,40세,상해없음,이륜,남,61세,중상
2013092400100405,2013년 9월 24일 18시,화요일,울산광역시 울주군 범서읍,중상사고,0,1,0,0,차대차 - 기타,교차로운행방법위반,건조,흐림,교차로 - 교차로안,승용,여,46세,상해없음,이륜,남,45세,중상
2013092400100525,2013년 9월 24일 22시,화요일,울산광역시 남구 무거동,중상사고,0,1,0,0,차대사람 - 기타,안전운전불이행,건조,맑음,단일로 - 기타,승합,남,57세,기타불명,보행자,남,40세,중상
2013092400100552,2013년 9월 24일 23시,화요일,울산광역시 울주군 범서읍,경상사고,0,0,1,0,차대사람 - 기타,안전운전불이행,건조,맑음,단일로 - 기타,승용,남,25세,상해없음,보행자,남,40세,경상
2013092500100079,2013년 9월 25일 06시,수요일,울산광역시 남구 신정동,경상사고,0,0,1,0,차대차 - 측면직각충돌,안전운전불이행,건조,맑음,교차로 - 교차로안,승용,남,44세,상해없음,화물,남,27세,경상
2013092500100144,2013년 9월 25일 08시,수요일,울산광역시 울주군 청량면,경상사고,0,0,1,0,차대차 - 추돌 - 주정차중,안전운전불이행,건조,맑음,단일로 - 기타,승용,여,42세,상해없음,승합,남,41세,경상
2013092500100181,2013년 9월 25일 09시,수요일,울산광역시 중구 서동,경상사고,0,0,1,0,차대차 - 정면충돌,신호위반,습기,흐림,교차로 - 교차로안,승용,남,19세,상해없음,승용,남,59세,경상
2013092500100208,2013년 9월 25일 10시,수요일,울산광역시 남구 선암동,경상사고,0,0,2,0,차대차 - 기타,교차로운행방법위반,습기,비,교차로 - 교차로안,화물,남,36세,경상,화물,남,54세,경상
2013092500100288,2013년 9월 25일 13시,수요일,울산광역시 중구 반구동,경상사고,0,0,1,0,차대차 - 측면직각충돌,직진우회전진행방해,건조,맑음,교차로 - 교차로안,승용,여,26세,상해없음,원동기,남,49세,경상
2013092500100289,2013년 9월 25일 13시,수요일,울산광역시 북구 호계동,경상사고,0,0,2,0,차대차 - 측면직각충돌,직진우회전진행방해,건조,맑음,교차로 - 교차로안,승용,여,35세,상해없음,승용,남,40세,경상
2013092500100347,2013년 9월 25일 15시,수요일,울산광역시 울주군 청량면,경상사고,0,0,2,0,차대차 - 기타,교차로운행방법위반,건조,맑음,교차로 - 교차로안,화물,남,54세,상해없음,승용,남,33세,경상
2013092500100470,2013년 9월 25일 18시,수요일,울산광역시 남구 신정동,중상사고,0,1,0,0,차대차 - 측면직각충돌,불법유턴,건조,맑음,교차로 - 교차로안,승용,남,26세,상해없음,원동기,남,27세,중상
2013092500100471,2013년 9월 25일 18시,수요일,울산광역시 동구 서부동,중상사고,0,1,0,0,차대차 - 추돌 - 주정차중,안전거리미확보,습기,비,단일로 - 기타,승용,남,60세,상해없음,이륜,남,48세,중상
2013092500100472,2013년 9월 25일 18시,수요일,울산광역시 울주군 언양읍,경상사고,0,0,1,0,차대차 - 추돌 - 진행중,중앙선침범,건조,맑음,교차로 - 교차로안,승용,여,43세,상해없음,자전거,남,13세,경상
2013092500100578,2013년 9월 25일 21시,수요일,울산광역시 남구 무거동,경상사고,0,0,2,0,차대차 - 추돌 - 주정차중,안전운전불이행,건조,맑음,단일로 - 기타,화물,남,44세,기타불명,승용,남,21세,경상
2013092500100579,2013년 9월 25일 21시,수요일,울산광역시 남구 신정동,경상사고,0,0,1,0,차대차 - 기타,중앙선침범,건조,맑음,단일로 - 기타,기타불명,남,72세,상해없음,원동기,남,33세,경상
2013092500100609,2013년 9월 25일 22시,수요일,울산광역시 북구 중산동,중상사고,0,2,1,0,차대차 - 측면직각충돌,신호위반,건조,맑음,교차로 - 교차로안,승용,남,43세,상해없음,화물,남,52세,경상
2013092500100610,2013년 9월 25일 22시,수요일,울산광역시 동구 화정동,경상사고,0,0,1,0,차대차 - 측면직각충돌,안전운전불이행,건조,맑음,단일로 - 기타,기타불명,기타불명,기타불명,기타불명,승용,여,28세,경상