사고번호,사고일시,요일,시군구,사고내용,사망자수,중상자수,경상자수,부상신고자수,사고유형,법규위반,노면상태,기상상태,도로형태,가해운전자 차종,가해운전자 성별,가해운전자 연령,가해운전자 상해정도,피해운전자 차종,피해운전자 성별,피해운전자 연령,피해운전자 상해정도
2013100500100574,2013년 10월 5일 19시,토요일,울산광역시 울주군 두동면,부상신고사고,0,0,0,1,차대사람 - 길가장자리구역통행중,안전운전불이행,건조,맑음,단일로 - 기타,승용,남,30세,상해없음,보행자,남,50세,부상신고
2013100500100575,2013년 10월 5일 19시,토요일,울산광역시 울주군 온산읍,중상사고,0,1,0,0,차대차 - 추돌 - 진행중,신호위반,건조,맑음,교차로 - 교차로안,원동기,남,51세,중상,승용,남,43세,상해없음
2013100500100643,2013년 10월 5일 21시,토요일,울산광역시 동구 일산동,경상사고,0,0,3,1,차대차 - 측면직각충돌,교차로운행방법위반,건조,맑음,교차로 - 교차로안,승용,남,30세,상해없음,승용,여,33세,경상
2013100600100045,2013년 10월 6일 02시,일요일,울산광역시 남구 신정동,중상사고,0,1,1,0,차대차 - 측면직각충돌,신호위반,습기,비,교차로 - 교차로안,승용,남,22세,상해없음,승용,남,62세,중상
2013100600100046,2013년 10월 6일 02시,일요일,울산광역시 북구 염포동,경상사고,0,0,3,0,차대차 - 추돌 - 진행중,안전운전불이행,습기,비,교차로 - 교차로부근,승용,남,30세,상해없음,승용,남,23세,경상
2013100600100047,2013년 10월 6일 02시,일요일,울산광역시 울주군 범서읍,부상신고사고,0,0,0,1,차대사람 - 기타,안전운전불이행,습기,비,단일로 - 기타,승용,남,47세,상해없음,보행자,남,41세,부상신고
2013100600100141,2013년 10월 6일 10시,일요일,울산광역시 울주군 범서읍,중상사고,0,1,1,0,차대차 - 기타,안전운전불이행,건조,맑음,단일로 - 기타,승용,남,31세,상해없음,승용,남,52세,상해없음
2013100600100177,2013년 10월 6일 11시,일요일,울산광역시 남구 무거동,중상사고,0,2,0,0,차대차 - 기타,안전운전불이행,건조,맑음,교차로 - 교차로안,승용,남,33세,상해없음,승용,남,44세,중상
2013100600100178,2013년 10월 6일 11시,일요일,울산광역시 남구 달동,경상사고,0,0,1,0,차대차 - 기타,안전운전불이행,습기,비,단일로 - 기타,승용,남,24세,상해없음,자전거,남,42세,경상
2013100600100199,2013년 10월 6일 12시,일요일,울산광역시 북구 신천동,경상사고,0,0,1,0,차대차 - 기타,신호위반,습기,맑음,교차로 - 교차로안,승용,남,58세,상해없음,이륜,남,17세,경상
2013100600100200,2013년 10월 6일 12시,일요일,울산광역시 동구 전하동,경상사고,0,0,1,0,차대차 - 기타,안전운전불이행,건조,맑음,단일로 - 기타,승용,남,60세,상해없음,이륜,남,18세,경상
2013100600100269,2013년 10월 6일 15시,일요일,울산광역시 중구 장현동,중상사고,0,1,0,0,차대사람 - 기타,안전운전불이행,습기,비,단일로 - 기타,승합,남,45세,상해없음,보행자,남,62세,중상
2013100600100297,2013년 10월 6일 16시,일요일,울산광역시 남구 신정동,경상사고,0,0,1,0,차대차 - 측면직각충돌,교차로운행방법위반,습기,비,교차로 - 교차로안,승용,남,62세,상해없음,이륜,남,47세,경상
2013100600100372,2013년 10월 6일 18시,일요일,울산광역시 중구 복산동,경상사고,0,0,1,0,차대차 - 기타,보행자보호의무위반,건조,맑음,교차로 - 교차로안,승용,남,66세,상해없음,자전거,남,6세,경상
2013100600100373,2013년 10월 6일 18시,일요일,울산광역시 울주군 범서읍,중상사고,0,3,0,0,차대차 - 정면충돌,중앙선침범,습기,비,단일로 - 기타,승용,남,62세,상해없음,승용,여,45세,중상
2013100600100438,2013년 10월 6일 20시,일요일,울산광역시 남구 신정동,경상사고,0,0,3,0,차대차 - 추돌 - 주정차중,안전운전불이행,건조,맑음,단일로 - 기타,승용,남,73세,상해없음,승용,남,51세,경상
2013100600100439,2013년 10월 6일 20시,일요일,울산광역시 남구 야음동,경상사고,0,0,2,0,차대차 - 추돌 - 주정차중,안전운전불이행,습기,비,단일로 - 기타,승용,남,56세,상해없음,승용,남,56세,경상
2013100600100440,2013년 10월 6일 20시,일요일,울산광역시 동구 전하동,중상사고,0,2,0,0,차대차 - 정면충돌,안전운전불이행,습기,흐림,교차로 - 교차로안,승용,여,53세,상해없음,원동기,남,49세,중상
2013100600100469,2013년 10월 6일 21시,일요일,울산광역시 동구 방어동,중상사고,0,1,0,0,차대차 - 추돌 - 진행중,안전운전불이행,건조,맑음,단일로 - 기타,승용,남,35세,상해없음,이륜,남,43세,중상
2013100700100035,2013년 10월 7일 03시,월요일,울산광역시 동구 일산동,중상사고,0,1,0,0,차량단독 - 기타,안전운전불이행,습기,비,단일로 - 기타,원동기,남,33세,중상,,,,
2013100700100041,2013년 10월 7일 04시,월요일,울산광역시 동구 서부동,중상사고,0,1,0,0,차대차 - 측면직각충돌,신호위반,습기,비,단일로 - 횡단보도상,승용,남,63세,상해없음,자전거,여,56세,중상
2013100700100051,2013년 10월 7일 05시,월요일,울산광역시 남구 삼산동,경상사고,0,0,1,0,차대차 - 추돌 - 주정차중,안전운전불이행,건조,흐림,단일로 - 기타,승용,남,30세,상해없음,승용,여,55세,경상
2013100700100052,2013년 10월 7일 05시,월요일,울산광역시 울주군 언양읍,경상사고,0,0,1,1,차대차 - 기타,기타,건조,흐림,단일로 - 기타,승용,여,49세,부상신고,승용,남,46세,경상
2013100700100062,2013년 10월 7일 06시,월요일,울산광역시 울주군 온양읍,경상사고,0,0,1,0,차대차 - 기타,중앙선침범,건조,맑음,단일로 - 기타,승용,남,48세,상해없음,승용,남,43세,경상
2013100700100063,2013년 10월 7일 06시,월요일,울산광역시 울주군 온양읍,중상사고,0,1,0,0,차대차 - 정면충돌,기타,건조,맑음,교차로 - 교차로안,승용,남,35세,상해없음,승용,남,61세,중상
2013100700100118,2013년 10월 7일 08시,월요일,울산광역시 동구 서부동,경상사고,0,0,1,0,차대차 - 정면충돌,신호위반,건조,맑음,교차로 - 교차로부근,승용,여,48세,상해없음,이륜,남,63세,경상
2013100700100211,2013년 10월 7일 11시,월요일,울산광역시 중구 성남동,경상사고,0,0,1,0,차대차 - 추돌 - 주정차중,기타,건조,맑음,단일로 - 기타,이륜,남,21세,경상,승용,여,53세,상해없음
2013100700100265,2013년 10월 7일 13시,월요일,울산광역시 동구 서부동,경상사고,0,0,1,0,차대사람 - 기타,기타,습기,비,단일로 - 기타,승합,남,55세,상해없음,보행자,남,32세,경상
2013100700100296,2013년 10월 7일 14시,월요일,울산광역시 남구 신정동,중상사고,0,1,0,0,차대사람 - 횡단중,중앙선침범,건조,흐림,단일로 - 기타,화물,남,50세,상해없음,보행자,여,38세,중상
2013100700100297,2013년 10월 7일 14시,월요일,울산광역시 북구 염포동,부상신고사고,0,0,0,1,차대사람 - 기타,안전운전불이행,건조,맑음,기타 - 기타,승용,여,50세,상해없음,보행자,여,42세,부상신고
2013100700100349,2013년 10월 7일 16시,월요일,울산광역시 중구 학성동,중상사고,0,1,0,0,차대차 - 측면직각충돌,직진우회전진행방해,건조,맑음,교차로 - 교차로안,화물,남,42세,상해없음,자전거,남,73세,중상
2013100700100350,2013년 10월 7일 16시,월요일,울산광역시 남구 신정동,중상사고,0,1,0,0,차대사람 - 기타,교차로운행방법위반,기타,기타,교차로 - 교차로안,승용,여,55세,상해없음,보행자,여,90세,중상
2013100700100443,2013년 10월 7일 18시,월요일,울산광역시 중구 우정동,경상사고,0,0,1,0,차대사람 - 기타,안전운전불이행,건조,맑음,단일로 - 기타,이륜,남,19세,상해없음,보행자,남,40세,경상
2013100700100475,2013년 10월 7일 19시,월요일,울산광역시 남구 달동,경상사고,0,0,1,0,차대사람 - 횡단중,신호위반,습기,비,교차로 - 교차로부근,승용,남,48세,상해없음,보행자,남,11세,경상
2013100700100617,2013년 10월 7일 23시,월요일,울산광역시 중구 북정동,경상사고,0,0,1,0,차대차 - 측면직각충돌,안전운전불이행,건조,맑음,단일로 - 기타,승용,남,47세,상해없음,승용,남,36세,경상
2013100700100618,2013년 10월 7일 23시,월요일,울산광역시 울주군 웅촌면,중상사고,0,1,0,0,차량단독 - 전도전복,안전운전불이행,습기,흐림,교차로 - 교차로부근,이륜,남,17세,중상,,,,
2013100800100045,2013년 10월 8일 01시,화요일,울산광역시 울주군 범서읍,경상사고,0,0,1,0,차대차 - 추돌 - 진행중,안전운전불이행,습기,비,교차로 - 교차로부근,승용,남,26세,상해없음,승용,남,41세,경상
2013100800100069,2013년 10월 8일 03시,화요일,울산광역시 중구 태화동,중상사고,0,1,0,0,차대차 - 기타,안전운전불이행,건조,맑음,단일로 - 기타,승용,남,53세,상해없음,자전거,남,71세,중상
2013100800100077,2013년 10월 8일 04시,화요일,울산광역시 남구 신정동,경상사고,0,0,1,0,차대사람 - 기타,안전운전불이행,습기,흐림,단일로 - 기타,승용,남,56세,상해없음,보행자,여,41세,경상
2013100800100078,2013년 10월 8일 04시,화요일,울산광역시 남구 옥동,경상사고,0,0,2,0,차대차 - 정면충돌,중앙선침범,습기,비,교차로 - 교차로부근,승용,남,48세,상해없음,승용,남,61세,경상
2013100800100109,2013년 10월 8일 06시,화요일,울산광역시 울주군 삼남면,중상사고,0,1,0,0,차량단독 - 기타,안전운전불이행,습기,비,단일로 - 기타,승용,남,37세,중상,,,,
2013100800100141,2013년 10월 8일 07시,화요일,울산광역시 울주군 온산읍,경상사고,0,0,2,0,차대차 - 측면직각충돌,중앙선침범,건조,맑음,단일로 - 기타,승용,남,23세,경상,승용,남,32세,경상
2013100800100237,2013년 10월 8일 10시,화요일,울산광역시 울주군 온산읍,경상사고,0,0,4,0,차대차 - 측면직각충돌,교차로운행방법위반,습기,비,교차로 - 교차로안,승용,남,47세,경상,승용,남,33세,경상
2013100800100275,2013년 10월 8일 11시,화요일,울산광역시 울주군 범서읍,중상사고,0,1,2,0,차대차 - 측면직각충돌,신호위반,건조,맑음,교차로 - 교차로안,승용,여,44세,상해없음,승용,여,36세,경상
2013100800100339,2013년 10월 8일 13시,화요일,울산광역시 동구 전하동,경상사고,0,0,4,0,차대차 - 측면직각충돌,교차로운행방법위반,건조,맑음,교차로 - 교차로안,승용,남,54세,상해없음,승용,남,24세,상해없음
2013100800100483,2013년 10월 8일 17시,화요일,울산광역시 중구 성안동,경상사고,0,0,1,0,차대차 - 측면직각충돌,안전운전불이행,건조,맑음,단일로 - 기타,승용,여,56세,상해없음,승용,여,41세,경상
2013100800100484,2013년 10월 8일 17시,화요일,울산광역시 동구 전하동,중상사고,0,1,0,0,차대사람 - 기타,안전운전불이행,습기,비,교차로 - 교차로안,승합,남,55세,상해없음,보행자,여,81세,중상
2013100800100485,2013년 10월 8일 17시,화요일,울산광역시 울주군 온산읍,경상사고,0,0,1,0,차대차 - 추돌 - 진행중,안전거리미확보,습기,비,교차로 - 교차로부근,승용,남,49세,상해없음,승용,남,52세,경상
2013100800100592,2013년 10월 8일 19시,화요일,울산광역시 북구 명촌동,경상사고,0,0,1,0,차대차 - 측면직각충돌,안전운전불이행,습기,비,단일로 - 기타,승용,여,43세,상해없음,승용,여,53세,경상
2013100800100593,2013년 10월 8일 19시,화요일,울산광역시 동구 전하동,중상사고,0,1,0,0,차대차 - 기타,안전거리미확보,습기,비,단일로 - 기타,승용,남,52세,상해없음,이륜,남,22세,중상
2013100800100678,2013년 10월 8일 21시,화요일,울산광역시 남구 신정동,경상사고,0,0,3,0,차대차 - 추돌 - 진행중,안전운전불이행,습기,비,교차로 - 교차로부근,승용,남,48세,상해없음,승용,남,48세,경상
2013100800100718,2013년 10월 8일 22시,화요일,울산광역시 북구 염포동,중상사고,0,1,0,0,차대사람 - 횡단중,안전운전불이행,습기,비,단일로 - 기타,승용,남,54세,상해없음,보행자,남,16세,중상
2013100900100119,2013년 10월 9일 07시,수요일,울산광역시 울주군 온양읍,경상사고,0,0,1,0,차대사람 - 횡단중,보행자보호의무위반,건조,맑음,교차로 - 교차로부근,승용,남,46세,기타불명,보행자,여,13세,경상
2013100900100162,2013년 10월 9일 09시,수요일,울산광역시 남구 신정동,중상사고,0,1,0,0,차대차 - 측면직각충돌,안전운전불이행,건조,맑음,교차로 - 교차로안,승용,남,59세,상해없음,자전거,남,75세,중상
2013100900100270,2013년 10월 9일 13시,수요일,울산광역시 중구 우정동,중상사고,0,1,0,0,차대사람 - 차도통행중,안전운전불이행,건조,맑음,교차로 - 교차로안,승용,여,43세,상해없음,보행자,남,67세,중상
2013100900100271,2013년 10월 9일 13시,수요일,울산광역시 중구 복산동,경상사고,0,0,1,0,차대차 - 측면직각충돌,안전거리미확보,건조,맑음,교차로 - 교차로부근,승용,남,58세,상해없음,승용,남,50세,경상
2013100900100302,2013년 10월 9일 14시,수요일,울산광역시 중구 반구동,중상사고,0,1,0,0,차대사람 - 횡단중,안전운전불이행,건조,맑음,교차로 - 교차로안,승합,남,51세,상해없음,보행자,여,55세,중상
2013100900100383,2013년 10월 9일 17시,수요일,울산광역시 동구 전하동,중상사고,0,1,0,0,차대사람 - 횡단중,보행자보호의무위반,습기,비,교차로 - 교차로부근,승용,남,28세,상해없음,보행자,여,60세,중상
2013100900100384,2013년 10월 9일 17시,수요일,울산광역시 동구 전하동,경상사고,0,0,1,0,차대차 - 측면직각충돌,안전거리미확보,습기,비,단일로 - 기타,승용,남,63세,상해없음,승합,남,55세,경상
2013100900100429,2013년 10월 9일 18시,수요일,울산광역시 남구 무거동,경상사고,0,0,1,0,차대차 - 측면직각충돌,중앙선침범,건조,맑음,단일로 - 기타,승용,남,38세,상해없음,원동기,남,18세,경상
2013100900100491,2013년 10월 9일 20시,수요일,울산광역시 중구 학산동,중상사고,0,1,0,0,차대사람 - 횡단중,안전운전불이행,건조,맑음,단일로 - 기타,자전거,남,48세,상해없음,보행자,남,69세,중상
2013100900100492,2013년 10월 9일 20시,수요일,울산광역시 남구 신정동,경상사고,0,0,1,0,차대차 - 추돌 - 주정차중,안전거리미확보,건조,맑음,단일로 - 기타,승용,남,25세,상해없음,승용,남,66세,상해없음
2013100900100516,2013년 10월 9일 21시,수요일,울산광역시 북구 신천동,경상사고,0,0,1,0,차대차 - 정면충돌,교차로운행방법위반,건조,맑음,교차로 - 교차로안,승용,남,21세,상해없음,이륜,남,17세,경상
2013100900100556,2013년 10월 9일 23시,수요일,울산광역시 남구 무거동,중상사고,0,1,0,0,차대차 - 추돌 - 주정차중,안전거리미확보,건조,맑음,단일로 - 기타,화물,남,49세,상해없음,화물,남,45세,중상
2013101000100034,2013년 10월 10일 02시,목요일,울산광역시 남구 삼산동,경상사고,0,0,2,0,차대사람 - 횡단중,보행자보호의무위반,기타,맑음,교차로 - 교차로부근,화물,남,41세,상해없음,보행자,남,34세,경상
2013101000100048,2013년 10월 10일 04시,목요일,울산광역시 북구 상안동,중상사고,0,1,2,0,차대차 - 측면직각충돌,신호위반,건조,맑음,교차로 - 교차로안,승용,남,49세,상해없음,승용,남,47세,경상
2013101000100049,2013년 10월 10일 04시,목요일,울산광역시 북구 양정동,경상사고,0,0,1,0,차량단독 - 공작물충돌,안전운전불이행,건조,맑음,단일로 - 기타,승용,남,27세,상해없음,,,,
2013101000100139,2013년 10월 10일 08시,목요일,울산광역시 울주군 삼동면,중상사고,0,1,0,0,차대차 - 측면직각충돌,안전운전불이행,건조,맑음,단일로 - 기타,화물,남,68세,상해없음,화물,남,40세,중상
2013101000100165,2013년 10월 10일 09시,목요일,울산광역시 중구 남외동,중상사고,0,1,0,0,차대사람 - 횡단중,보행자보호의무위반,건조,맑음,교차로 - 교차로부근,승용,여,52세,상해없음,보행자,남,21세,중상
2013101000100185,2013년 10월 10일 10시,목요일,울산광역시 남구 무거동,경상사고,0,0,2,0,차대차 - 기타,안전운전불이행,건조,맑음,단일로 - 기타,건설기계,남,51세,상해없음,승용,남,52세,경상
2013101000100248,2013년 10월 10일 12시,목요일,울산광역시 중구 남외동,경상사고,0,0,1,0,차대차 - 측면직각충돌,안전거리미확보,건조,맑음,단일로 - 기타,승용,남,54세,상해없음,승용,여,54세,경상
2013101000100299,2013년 10월 10일 14시,목요일,울산광역시 울주군 서생면,경상사고,0,0,1,0,차대차 - 기타,중앙선침범,건조,흐림,단일로 - 기타,승용,남,46세,상해없음,화물,남,51세,경상
2013101000100319,2013년 10월 10일 15시,목요일,울산광역시 남구 야음동,경상사고,0,0,1,0,차대차 - 기타,차로위반,건조,맑음,단일로 - 횡단보도부근,승용,남,35세,상해없음,이륜,남,53세,경상
2013101000100385,2013년 10월 10일 17시,목요일,울산광역시 중구 복산동,경상사고,0,0,1,0,차대사람 - 기타,안전운전불이행,건조,맑음,단일로 - 기타,승합,여,51세,상해없음,보행자,여,14세,경상
2013101000100386,2013년 10월 10일 17시,목요일,울산광역시 남구 삼산동,경상사고,0,0,1,0,차대사람 - 횡단중,안전운전불이행,건조,맑음,단일로 - 기타,승용,남,37세,상해없음,보행자,남,10세,경상
2013101000100458,2013년 10월 10일 18시,목요일,울산광역시 울주군 온산읍,중상사고,0,1,0,0,차대사람 - 횡단중,안전운전불이행,건조,맑음,교차로 - 교차로안,승용,남,32세,상해없음,보행자,남,64세,중상
2013101000100572,2013년 10월 10일 21시,목요일,울산광역시 중구 복산동,부상신고사고,0,0,0,1,차대차 - 추돌 - 주정차중,안전운전불이행,습기,비,교차로 - 교차로부근,자전거,남,14세,부상신고,승용,남,38세,상해없음
2013101000100573,2013년 10월 10일 21시,목요일,울산광역시 남구 무거동,경상사고,0,0,1,0,차대차 - 기타,안전운전불이행,습기,비,교차로 - 교차로부근,승용,남,57세,상해없음,승용,여,33세,경상
2013101000100574,2013년 10월 10일 21시,목요일,울산광역시 동구 동부동,중상사고,0,2,0,0,차대차 - 추돌 - 진행중,안전운전불이행,습기,비,교차로 - 교차로안,화물,남,38세,상해없음,승용,남,28세,중상
2013101000100575,2013년 10월 10일 21시,목요일,울산광역시 울주군 범서읍,경상사고,0,0,4,0,차대차 - 기타,안전거리미확보,습기,비,교차로 - 교차로안,승용,남,53세,상해없음,승용,남,61세,상해없음
2013101000100607,2013년 10월 10일 22시,목요일,울산광역시 남구 매암동,중상사고,0,1,0,0,차대차 - 추돌 - 주정차중,안전운전불이행,습기,비,단일로 - 기타,화물,남,37세,중상,화물,남,50세,기타불명
2013101100100031,2013년 10월 11일 00시,금요일,울산광역시 울주군 온산읍,경상사고,0,0,1,0,차대차 - 추돌 - 진행중,안전운전불이행,습기,비,교차로 - 교차로부근,승용,남,32세,상해없음,승용,남,31세,경상
2013101100100032,2013년 10월 11일 00시,금요일,울산광역시 울주군 범서읍,경상사고,0,0,2,0,차대사람 - 기타,안전운전불이행,건조,맑음,단일로 - 기타,승용,남,52세,상해없음,보행자,남,35세,경상
2013101100100063,2013년 10월 11일 02시,금요일,울산광역시 남구 삼산동,경상사고,0,0,1,0,차대차 - 기타,안전운전불이행,습기,흐림,교차로 - 교차로부근,승용,남,50세,상해없음,승용,남,34세,경상
2013101100100064,2013년 10월 11일 02시,금요일,울산광역시 동구 동부동,중상사고,0,1,0,0,차대차 - 기타,안전거리미확보,건조,맑음,교차로 - 교차로부근,승용,남,66세,상해없음,이륜,남,28세,중상
2013101100100087,2013년 10월 11일 04시,금요일,울산광역시 남구 무거동,중상사고,0,1,0,0,차대사람 - 횡단중,안전운전불이행,건조,맑음,교차로 - 교차로안,승용,남,41세,상해없음,보행자,남,41세,중상
2013101100100088,2013년 10월 11일 04시,금요일,울산광역시 남구 신정동,중상사고,0,1,0,0,차대사람 - 기타,안전운전불이행,건조,맑음,단일로 - 기타,승용,남,53세,상해없음,보행자,남,33세,중상
2013101100100145,2013년 10월 11일 07시,금요일,울산광역시 동구 방어동,경상사고,0,0,1,0,차대차 - 추돌 - 진행중,안전운전불이행,건조,맑음,단일로 - 기타,승용,남,60세,상해없음,이륜,남,20세,경상
2013101100100146,2013년 10월 11일 07시,금요일,울산광역시 동구 일산동,중상사고,0,1,0,0,차대사람 - 횡단중,안전운전불이행,건조,맑음,단일로 - 기타,이륜,남,24세,상해없음,보행자,여,23세,중상
2013101100100202,2013년 10월 11일 08시,금요일,울산광역시 동구 주전동,사망사고,2,0,0,0,차대차 - 측면직각충돌,교차로운행방법위반,건조,맑음,교차로 - 교차로안,승용,남,62세,상해없음,이륜,남,72세,사망
2013101100100287,2013년 10월 11일 11시,금요일,울산광역시 중구 태화동,경상사고,0,0,1,0,차대차 - 측면직각충돌,안전거리미확보,건조,맑음,단일로 - 기타,승용,남,57세,상해없음,승용,여,37세,경상
2013101100100288,2013년 10월 11일 11시,금요일,울산광역시 남구 삼산동,경상사고,0,0,1,0,차대차 - 측면직각충돌,교차로운행방법위반,건조,맑음,교차로 - 교차로안,승용,남,32세,상해없음,자전거,남,41세,경상
2013101100100323,2013년 10월 11일 12시,금요일,울산광역시 남구 신정동,경상사고,0,0,1,0,차대차 - 기타,기타,건조,맑음,단일로 - 기타,승용,남,56세,상해없음,이륜,남,33세,경상
2013101100100356,2013년 10월 11일 13시,금요일,울산광역시 북구 연암동,중상사고,0,1,1,0,차대차 - 추돌 - 진행중,안전운전불이행,건조,맑음,교차로 - 교차로부근,승합,남,21세,상해없음,화물,남,26세,경상
2013101100100498,2013년 10월 11일 17시,금요일,울산광역시 울주군 언양읍,중상사고,0,1,0,0,차대사람 - 횡단중,안전운전불이행,건조,맑음,단일로 - 기타,승용,남,56세,상해없음,보행자,남,9세,중상
2013101100100548,2013년 10월 11일 18시,금요일,울산광역시 북구 중산동,중상사고,0,1,0,0,차대사람 - 횡단중,안전운전불이행,건조,맑음,단일로 - 기타,승용,여,46세,상해없음,보행자,여,40세,중상
2013101100100590,2013년 10월 11일 19시,금요일,울산광역시 남구 삼산동,경상사고,0,0,1,0,차대차 - 기타,안전운전불이행,건조,맑음,교차로 - 교차로부근,이륜,남,24세,경상,화물,남,37세,상해없음
2013101100100651,2013년 10월 11일 21시,금요일,울산광역시 동구 일산동,중상사고,0,2,0,0,차대차 - 기타,안전운전불이행,건조,맑음,단일로 - 기타,이륜,남,16세,상해없음,승용,남,56세,중상
2013101100100712,2013년 10월 11일 23시,금요일,울산광역시 중구 복산동,경상사고,0,0,1,0,차대차 - 추돌 - 진행중,안전운전불이행,건조,맑음,교차로 - 교차로부근,기타불명,기타불명,기타불명,기타불명,승용,남,21세,경상
2013101100100713,2013년 10월 11일 23시,금요일,울산광역시 중구 동동,중상사고,0,1,0,0,차대차 - 기타,중앙선침범,건조,맑음,단일로 - 기타,기타불명,기타불명,기타불명,기타불명,승합,남,55세,상해없음
2013101200100040,2013년 10월 12일 01시,토요일,울산광역시 남구 달동,중상사고,0,2,0,0,차대차 - 기타,안전운전불이행,건조,맑음,단일로 - 기타,승용,여,30세,상해없음,승용,남,37세,중상
2013101200100058,2013년 10월 12일 02시,토요일,울산광역시 남구 선암동,중상사고,0,1,0,0,차대차 - 측면직각충돌,신호위반,건조,맑음,교차로 - 교차로안,화물,남,38세,상해없음,승용,남,40세,중상
2013101200100059,2013년 10월 12일 02시,토요일,울산광역시 남구 무거동,경상사고,0,0,1,0,차대사람 - 기타,안전운전불이행,건조,맑음,단일로 - 기타,승용,남,58세,상해없음,보행자,남,33세,경상
2013101200100179,2013년 10월 12일 08시,토요일,울산광역시 남구 삼산동,중상사고,0,3,2,0,차대차 - 측면직각충돌,신호위반,건조,맑음,교차로 - 교차로안,승용,남,43세,상해없음,승용,남,53세,중상
2013101200100302,2013년 10월 12일 12시,토요일,울산광역시 중구 태화동,중상사고,0,1,0,0,차대사람 - 보도통행중,보행자보호의무위반,건조,맑음,단일로 - 횡단보도상,승용,남,55세,상해없음,보행자,여,25세,중상
2013101200100329,2013년 10월 12일 13시,토요일,울산광역시 중구 교동,경상사고,0,0,1,0,차량단독 - 기타,안전운전불이행,건조,맑음,단일로 - 기타,승합,남,46세,상해없음,,,,
2013101200100330,2013년 10월 12일 13시,토요일,울산광역시 남구 신정동,경상사고,0,0,2,0,차대차 - 추돌 - 진행중,안전운전불이행,건조,맑음,단일로 - 기타,이륜,남,17세,경상,승용,남,51세,기타불명
2013101200100331,2013년 10월 12일 13시,토요일,울산광역시 동구 서부동,중상사고,0,1,0,0,차대차 - 측면직각충돌,교차로운행방법위반,건조,맑음,교차로 - 교차로안,승용,남,44세,상해없음,이륜,남,25세,중상
2013101200100378,2013년 10월 12일 14시,토요일,울산광역시 중구 약사동,경상사고,0,0,1,0,차대차 - 추돌 - 주정차중,안전거리미확보,건조,맑음,교차로 - 교차로부근,승용,남,53세,상해없음,승용,남,26세,경상
2013101200100492,2013년 10월 12일 17시,토요일,울산광역시 남구 신정동,경상사고,0,0,1,0,차대사람 - 횡단중,보행자보호의무위반,건조,맑음,단일로 - 횡단보도상,승용,남,54세,상해없음,보행자,여,73세,경상
2013101200100588,2013년 10월 12일 19시,토요일,울산광역시 남구 삼산동,중상사고,0,2,0,0,차대사람 - 기타,안전운전불이행,건조,맑음,단일로 - 기타,자전거,남,51세,상해없음,보행자,남,59세,중상
2013101200100621,2013년 10월 12일 20시,토요일,울산광역시 동구 화정동,경상사고,0,0,3,0,차대차 - 기타,안전운전불이행,건조,맑음,단일로 - 기타,승용,남,45세,상해없음,승용,여,50세,경상
2013101200100685,2013년 10월 12일 22시,토요일,울산광역시 남구 무거동,경상사고,0,0,1,1,차대차 - 기타,안전운전불이행,건조,맑음,교차로 - 교차로부근,승용,남,28세,상해없음,승용,여,36세,경상
2013101200100686,2013년 10월 12일 22시,토요일,울산광역시 울주군 언양읍,경상사고,0,0,1,0,차대사람 - 횡단중,안전운전불이행,건조,맑음,교차로 - 교차로안,승합,남,42세,상해없음,보행자,남,51세,경상
2013101300100047,2013년 10월 13일 01시,일요일,울산광역시 남구 선암동,경상사고,0,0,1,0,차대차 - 기타,안전거리미확보,건조,맑음,교차로 - 교차로부근,승용,남,39세,상해없음,승용,남,45세,경상
2013101300100065,2013년 10월 13일 02시,일요일,울산광역시 중구 성안동,중상사고,0,1,0,0,차대사람 - 기타,안전운전불이행,건조,맑음,교차로 - 교차로안,승용,남,34세,상해없음,보행자,여,42세,중상
2013101300100112,2013년 10월 13일 06시,일요일,울산광역시 동구 일산동,중상사고,0,1,1,0,차량단독 - 공작물충돌,안전운전불이행,건조,맑음,교차로 - 교차로부근,승용,남,19세,상해없음,,,,
2013101300100113,2013년 10월 13일 06시,일요일,울산광역시 울주군 온산읍,부상신고사고,0,0,0,3,차대차 - 기타,교차로운행방법위반,건조,맑음,교차로 - 교차로안,승용,남,38세,상해없음,승용,남,38세,부상신고
2013101300100131,2013년 10월 13일 07시,일요일,울산광역시 울주군 삼동면,중상사고,0,1,0,1,차대차 - 정면충돌,중앙선침범,건조,맑음,단일로 - 기타,승용,남,67세,상해없음,화물,남,65세,중상
2013101300100204,2013년 10월 13일 11시,일요일,울산광역시 중구 학성동,경상사고,0,0,1,0,차대차 - 측면직각충돌,안전운전불이행,건조,맑음,교차로 - 교차로안,이륜,남,29세,경상,승용,남,55세,상해없음
2013101300100205,2013년 10월 13일 11시,일요일,울산광역시 중구 남외동,경상사고,0,0,3,0,차대차 - 기타,안전운전불이행,건조,맑음,단일로 - 기타,승용,남,38세,상해없음,승용,여,44세,경상
2013101300100282,2013년 10월 13일 14시,일요일,울산광역시 울주군 언양읍,중상사고,0,1,0,0,차대사람 - 기타,안전운전불이행,건조,맑음,단일로 - 기타,승용,여,58세,상해없음,보행자,남,5세,중상