사고번호,사고일시,요일,시군구,사고내용,사망자수,중상자수,경상자수,부상신고자수,사고유형,법규위반,노면상태,기상상태,도로형태,가해운전자 차종,가해운전자 성별,가해운전자 연령,가해운전자 상해정도,피해운전자 차종,피해운전자 성별,피해운전자 연령,피해운전자 상해정도
2013102200100609,2013년 10월 22일 22시,화요일,울산광역시 남구 옥동,경상사고,0,0,1,0,차대차 - 추돌 - 진행중,안전운전불이행,건조,맑음,단일로 - 기타,승용,남,52세,상해없음,승용,남,51세,상해없음
2013102300100070,2013년 10월 23일 04시,수요일,울산광역시 남구 삼산동,경상사고,0,0,1,0,차대사람 - 기타,안전운전불이행,건조,맑음,교차로 - 교차로부근,승용,남,20세,상해없음,보행자,남,55세,경상
2013102300100098,2013년 10월 23일 06시,수요일,울산광역시 북구 중산동,중상사고,0,1,1,1,차대차 - 정면충돌,중앙선침범,건조,맑음,단일로 - 기타,승용,남,47세,부상신고,승용,남,29세,경상
2013102300100180,2013년 10월 23일 08시,수요일,울산광역시 중구 남외동,경상사고,0,0,1,0,차대차 - 측면직각충돌,안전거리미확보,건조,맑음,단일로 - 기타,화물,남,38세,상해없음,승용,남,37세,경상
2013102300100181,2013년 10월 23일 08시,수요일,울산광역시 울주군 웅촌면,중상사고,0,1,0,0,차대차 - 추돌 - 주정차중,안전거리미확보,건조,맑음,단일로 - 기타,화물,남,32세,상해없음,승용,여,25세,중상
2013102300100182,2013년 10월 23일 08시,수요일,울산광역시 울주군 삼남면,경상사고,0,0,2,0,차대차 - 추돌 - 진행중,안전거리미확보,건조,맑음,단일로 - 기타,승용,남,26세,경상,화물,남,45세,경상
2013102300100183,2013년 10월 23일 08시,수요일,울산광역시 울주군 범서읍,중상사고,0,1,0,0,차대차 - 추돌 - 주정차중,안전운전불이행,건조,맑음,교차로 - 교차로부근,화물,남,61세,상해없음,승용,여,31세,중상
2013102300100325,2013년 10월 23일 13시,수요일,울산광역시 남구 옥동,중상사고,0,1,0,0,차대사람 - 길가장자리구역통행중,안전운전불이행,건조,맑음,단일로 - 기타,승용,여,34세,상해없음,보행자,남,26세,중상
2013102300100389,2013년 10월 23일 15시,수요일,울산광역시 남구 황성동,중상사고,0,1,0,0,차대차 - 기타,교차로운행방법위반,건조,맑음,교차로 - 교차로안,승용,남,52세,중상,화물,남,54세,상해없음
2013102300100620,2013년 10월 23일 21시,수요일,울산광역시 북구 상안동,중상사고,0,2,2,0,차대차 - 추돌 - 주정차중,안전운전불이행,건조,맑음,단일로 - 기타,승용,남,49세,상해없음,승용,남,53세,경상
2013102300100674,2013년 10월 23일 23시,수요일,울산광역시 남구 삼산동,경상사고,0,0,1,0,차대차 - 측면직각충돌,안전거리미확보,건조,맑음,교차로 - 교차로부근,승용,남,26세,상해없음,이륜,남,15세,경상
2013102400100038,2013년 10월 24일 02시,목요일,울산광역시 울주군 웅촌면,중상사고,0,1,0,0,차량단독 - 공작물충돌,안전운전불이행,건조,흐림,단일로 - 기타,승용,남,35세,중상,,,,
2013102400100084,2013년 10월 24일 06시,목요일,울산광역시 남구 상개동,중상사고,0,1,0,0,차대차 - 추돌 - 진행중,안전거리미확보,습기,비,교차로 - 교차로부근,승용,여,59세,상해없음,화물,남,46세,중상
2013102400100085,2013년 10월 24일 06시,목요일,울산광역시 울주군 언양읍,사망사고,1,0,0,0,차대사람 - 횡단중,안전운전불이행,건조,맑음,교차로 - 교차로부근,승용,남,61세,상해없음,보행자,여,83세,사망
2013102400100123,2013년 10월 24일 07시,목요일,울산광역시 동구 화정동,중상사고,0,1,0,0,차대사람 - 횡단중,신호위반,습기,비,교차로 - 교차로안,이륜,남,40세,상해없음,보행자,여,52세,중상
2013102400100204,2013년 10월 24일 09시,목요일,울산광역시 남구 달동,경상사고,0,0,2,0,차대차 - 추돌 - 주정차중,안전운전불이행,건조,맑음,단일로 - 기타,승용,남,53세,상해없음,승용,여,32세,경상
2013102400100231,2013년 10월 24일 10시,목요일,울산광역시 중구 성안동,경상사고,0,0,1,0,차대사람 - 기타,안전운전불이행,건조,맑음,단일로 - 기타,승합,남,63세,상해없음,보행자,여,22세,경상
2013102400100263,2013년 10월 24일 11시,목요일,울산광역시 남구 달동,중상사고,0,1,0,0,차대차 - 측면직각충돌,교차로운행방법위반,건조,맑음,교차로 - 교차로안,승용,여,41세,상해없음,이륜,남,29세,중상
2013102400100321,2013년 10월 24일 13시,목요일,울산광역시 남구 달동,경상사고,0,0,1,0,차대차 - 추돌 - 진행중,교차로운행방법위반,건조,맑음,교차로 - 교차로안,승용,남,47세,상해없음,승용,여,30세,경상
2013102400100378,2013년 10월 24일 15시,목요일,울산광역시 북구 화봉동,경상사고,0,0,1,0,차대차 - 측면직각충돌,안전운전불이행,건조,맑음,교차로 - 교차로안,화물,남,43세,상해없음,자전거,남,7세,경상
2013102400100379,2013년 10월 24일 15시,목요일,울산광역시 남구 신정동,경상사고,0,0,1,0,차대차 - 측면직각충돌,안전거리미확보,건조,맑음,단일로 - 기타,승합,남,33세,상해없음,승합,남,52세,상해없음
2013102400100526,2013년 10월 24일 18시,목요일,울산광역시 남구 옥동,중상사고,0,1,4,0,차대차 - 측면직각충돌,안전운전불이행,건조,맑음,단일로 - 기타,승용,남,58세,상해없음,승용,남,59세,경상
2013102400100568,2013년 10월 24일 19시,목요일,울산광역시 북구 연암동,중상사고,0,2,2,0,차대차 - 추돌 - 주정차중,안전운전불이행,건조,맑음,단일로 - 기타,화물,남,49세,경상,승용,여,24세,중상
2013102400100569,2013년 10월 24일 19시,목요일,울산광역시 남구 달동,중상사고,0,2,0,0,차대차 - 측면직각충돌,신호위반,건조,맑음,교차로 - 교차로안,승용,남,54세,상해없음,승용,여,34세,중상
2013102400100570,2013년 10월 24일 19시,목요일,울산광역시 울주군 온양읍,경상사고,0,0,1,0,차대차 - 기타,중앙선침범,건조,맑음,교차로 - 교차로부근,승용,여,57세,상해없음,승합,남,49세,경상
2013102400100625,2013년 10월 24일 21시,목요일,울산광역시 북구 호계동,중상사고,0,3,1,0,차대차 - 추돌 - 주정차중,안전운전불이행,건조,맑음,교차로 - 교차로부근,승용,남,39세,상해없음,승용,남,24세,중상
2013102400100626,2013년 10월 24일 21시,목요일,울산광역시 동구 전하동,경상사고,0,0,2,0,차대차 - 측면직각충돌,안전운전불이행,건조,흐림,교차로 - 교차로부근,승합,남,47세,상해없음,이륜,남,30세,경상
2013102400100659,2013년 10월 24일 22시,목요일,울산광역시 북구 효문동,경상사고,0,0,1,0,차량단독 - 공작물충돌,안전운전불이행,건조,맑음,단일로 - 기타,승합,남,29세,경상,,,,
2013102400100687,2013년 10월 24일 23시,목요일,울산광역시 울주군 언양읍,중상사고,0,2,2,0,차대차 - 기타,중앙선침범,건조,맑음,교차로 - 교차로부근,승용,여,31세,경상,승용,남,26세,중상
2013102500100038,2013년 10월 25일 01시,금요일,울산광역시 북구 송정동,경상사고,0,0,1,1,차대차 - 추돌 - 주정차중,안전운전불이행,건조,맑음,단일로 - 기타,승용,남,32세,부상신고,화물,남,41세,경상
2013102500100129,2013년 10월 25일 07시,금요일,울산광역시 울주군 온산읍,경상사고,0,0,2,0,차대차 - 측면직각충돌,신호위반,건조,맑음,교차로 - 교차로안,특수,남,48세,상해없음,승용,남,31세,경상
2013102500100260,2013년 10월 25일 11시,금요일,울산광역시 울주군 청량면,경상사고,0,0,4,0,차대사람 - 기타,기타,건조,맑음,교차로 - 교차로부근,화물,남,50세,상해없음,보행자,남,61세,경상
2013102500100365,2013년 10월 25일 14시,금요일,울산광역시 북구 효문동,경상사고,0,0,1,0,차대사람 - 횡단중,안전운전불이행,건조,맑음,교차로 - 교차로안,화물,남,41세,상해없음,보행자,남,45세,경상
2013102500100412,2013년 10월 25일 16시,금요일,울산광역시 울주군 언양읍,경상사고,0,0,2,0,차대차 - 추돌 - 진행중,안전운전불이행,건조,맑음,단일로 - 기타,승합,남,48세,상해없음,승용,여,38세,경상
2013102500100446,2013년 10월 25일 16시,금요일,울산광역시 남구 신정동,중상사고,0,1,3,0,차대차 - 추돌 - 주정차중,안전운전불이행,건조,맑음,단일로 - 기타,승합,남,29세,상해없음,승용,여,42세,경상
2013102500100447,2013년 10월 25일 16시,금요일,울산광역시 동구 방어동,경상사고,0,0,1,0,차대차 - 측면직각충돌,안전운전불이행,건조,맑음,단일로 - 기타,승용,남,53세,상해없음,이륜,남,24세,경상
2013102500100560,2013년 10월 25일 18시,금요일,울산광역시 북구 호계동,중상사고,0,1,0,0,차대사람 - 횡단중,보행자보호의무위반,건조,맑음,단일로 - 횡단보도상,승합,남,32세,상해없음,보행자,남,45세,중상
2013102500100561,2013년 10월 25일 18시,금요일,울산광역시 중구 학성동,부상신고사고,0,0,0,1,차량단독 - 공작물충돌,안전운전불이행,건조,맑음,교차로 - 교차로안,화물,남,65세,부상신고,,,,
2013102500100562,2013년 10월 25일 18시,금요일,울산광역시 북구 연암동,중상사고,0,1,1,0,차대차 - 추돌 - 주정차중,안전운전불이행,건조,맑음,단일로 - 기타,화물,남,65세,상해없음,승용,남,53세,경상
2013102500100633,2013년 10월 25일 20시,금요일,울산광역시 동구 방어동,중상사고,0,1,1,0,차대차 - 측면직각충돌,교차로운행방법위반,건조,맑음,교차로 - 교차로부근,승용,남,47세,상해없음,원동기,남,30세,중상
2013102500100676,2013년 10월 25일 21시,금요일,울산광역시 동구 화정동,경상사고,0,0,1,0,차대차 - 추돌 - 주정차중,안전운전불이행,건조,맑음,교차로 - 교차로부근,승용,남,63세,상해없음,승용,남,38세,경상
2013102500100716,2013년 10월 25일 22시,금요일,울산광역시 울주군 온산읍,중상사고,0,1,0,0,차대차 - 추돌 - 진행중,교차로운행방법위반,건조,맑음,교차로 - 교차로안,이륜,남,16세,상해없음,원동기,남,43세,중상
2013102600100084,2013년 10월 26일 04시,토요일,울산광역시 남구 달동,중상사고,0,1,0,0,차대차 - 기타,안전운전불이행,건조,맑음,단일로 - 기타,승용,남,41세,상해없음,원동기,남,77세,중상
2013102600100139,2013년 10월 26일 07시,토요일,울산광역시 북구 화봉동,경상사고,0,0,5,0,차대차 - 측면직각충돌,신호위반,건조,맑음,교차로 - 교차로안,승용,남,27세,상해없음,승합,남,39세,경상
2013102600100167,2013년 10월 26일 08시,토요일,울산광역시 동구 전하동,경상사고,0,0,1,0,차대차 - 기타,중앙선침범,건조,맑음,교차로 - 교차로부근,승용,남,34세,상해없음,승용,여,47세,경상
2013102600100324,2013년 10월 26일 12시,토요일,울산광역시 남구 무거동,경상사고,0,0,1,0,차대차 - 측면직각충돌,안전운전불이행,건조,맑음,교차로 - 교차로안,승용,남,71세,상해없음,승용,여,29세,경상
2013102600100402,2013년 10월 26일 14시,토요일,울산광역시 남구 달동,경상사고,0,0,1,0,차대차 - 기타,안전운전불이행,건조,맑음,교차로 - 교차로부근,승용,여,53세,상해없음,이륜,남,66세,경상
2013102600100403,2013년 10월 26일 14시,토요일,울산광역시 남구 달동,중상사고,0,1,0,0,차대차 - 기타,신호위반,건조,맑음,단일로 - 기타,이륜,남,75세,중상,승용,여,41세,상해없음
2013102600100404,2013년 10월 26일 14시,토요일,울산광역시 남구 선암동,경상사고,0,0,3,0,차대차 - 추돌 - 주정차중,안전운전불이행,건조,맑음,교차로 - 교차로부근,승용,남,50세,상해없음,승용,남,33세,경상
2013102600100475,2013년 10월 26일 16시,토요일,울산광역시 중구 복산동,경상사고,0,0,1,0,차대사람 - 횡단중,안전운전불이행,건조,맑음,단일로 - 기타,승용,남,48세,상해없음,보행자,여,9세,경상
2013102600100476,2013년 10월 26일 16시,토요일,울산광역시 울주군 범서읍,경상사고,0,0,1,0,차대차 - 추돌 - 주정차중,안전운전불이행,건조,맑음,교차로 - 교차로부근,승용,남,28세,상해없음,승용,남,46세,경상
2013102600100511,2013년 10월 26일 17시,토요일,울산광역시 동구 서부동,경상사고,0,0,2,0,차대사람 - 횡단중,안전운전불이행,건조,맑음,단일로 - 기타,이륜,남,41세,경상,보행자,남,22세,경상
2013102600100564,2013년 10월 26일 18시,토요일,울산광역시 중구 태화동,경상사고,0,0,1,0,차대차 - 추돌 - 주정차중,안전운전불이행,건조,맑음,교차로 - 교차로부근,승용,남,74세,상해없음,승용,남,42세,경상
2013102600100565,2013년 10월 26일 18시,토요일,울산광역시 중구 반구동,중상사고,0,1,0,0,차대사람 - 횡단중,안전운전불이행,건조,맑음,단일로 - 기타,승용,남,51세,상해없음,보행자,남,13세,중상
2013102600100566,2013년 10월 26일 18시,토요일,울산광역시 북구 효문동,경상사고,0,0,1,0,차대차 - 측면직각충돌,신호위반,건조,맑음,교차로 - 교차로안,승용,남,47세,상해없음,승용,남,42세,경상
2013102600100567,2013년 10월 26일 18시,토요일,울산광역시 남구 무거동,경상사고,0,0,3,0,차대차 - 기타,안전거리미확보,건조,맑음,단일로 - 기타,승용,남,55세,상해없음,승용,남,49세,경상
2013102600100568,2013년 10월 26일 18시,토요일,울산광역시 동구 방어동,사망사고,1,0,0,0,차대사람 - 기타,안전운전불이행,건조,맑음,교차로 - 교차로안,승합,남,58세,상해없음,보행자,남,59세,사망
2013102600100569,2013년 10월 26일 18시,토요일,울산광역시 동구 방어동,경상사고,0,0,3,0,차대차 - 측면직각충돌,교차로운행방법위반,건조,맑음,교차로 - 교차로안,승용,남,39세,상해없음,승용,남,24세,경상
2013102600100613,2013년 10월 26일 19시,토요일,울산광역시 북구 중산동,중상사고,0,1,0,0,차대차 - 측면직각충돌,신호위반,건조,맑음,교차로 - 교차로안,승용,남,60세,상해없음,승용,남,33세,중상
2013102600100685,2013년 10월 26일 21시,토요일,울산광역시 동구 화정동,경상사고,0,0,2,0,차대차 - 정면충돌,중앙선침범,건조,맑음,단일로 - 기타,승용,기타불명,기타불명,기타불명,승용,여,34세,경상
2013102600100745,2013년 10월 26일 23시,토요일,울산광역시 남구 달동,경상사고,0,0,1,0,차대사람 - 횡단중,안전운전불이행,건조,맑음,교차로 - 교차로부근,승용,여,58세,상해없음,보행자,남,49세,경상
2013102700100024,2013년 10월 27일 00시,일요일,울산광역시 동구 일산동,중상사고,0,1,0,0,차대차 - 측면직각충돌,교차로운행방법위반,건조,맑음,교차로 - 교차로안,승용,여,45세,상해없음,이륜,남,38세,중상
2013102700100079,2013년 10월 27일 04시,일요일,울산광역시 남구 삼산동,중상사고,0,1,0,0,차대차 - 측면직각충돌,중앙선침범,건조,맑음,교차로 - 교차로부근,승용,남,22세,상해없음,승용,남,64세,상해없음
2013102700100128,2013년 10월 27일 07시,일요일,울산광역시 북구 효문동,경상사고,0,0,2,0,차대차 - 추돌 - 주정차중,안전운전불이행,건조,맑음,교차로 - 교차로부근,승용,남,29세,상해없음,화물,남,32세,경상
2013102700100226,2013년 10월 27일 12시,일요일,울산광역시 중구 성남동,경상사고,0,0,1,0,차대차 - 측면직각충돌,안전운전불이행,건조,맑음,교차로 - 교차로부근,승용,기타불명,기타불명,기타불명,승용,남,32세,상해없음
2013102700100227,2013년 10월 27일 12시,일요일,울산광역시 남구 삼산동,중상사고,0,2,0,0,차대차 - 측면직각충돌,교차로운행방법위반,건조,맑음,교차로 - 교차로안,승용,남,22세,상해없음,승용,남,65세,중상
2013102700100293,2013년 10월 27일 14시,일요일,울산광역시 동구 일산동,경상사고,0,0,1,0,차대차 - 측면직각충돌,신호위반,건조,맑음,교차로 - 교차로안,승용,남,66세,상해없음,이륜,남,36세,경상
2013102700100294,2013년 10월 27일 14시,일요일,울산광역시 울주군 언양읍,중상사고,0,1,1,0,차대차 - 기타,안전거리미확보,건조,맑음,단일로 - 기타,승용,남,28세,상해없음,승용,남,70세,경상
2013102700100330,2013년 10월 27일 15시,일요일,울산광역시 중구 우정동,중상사고,0,1,0,0,차대차 - 측면직각충돌,안전운전불이행,건조,맑음,단일로 - 기타,이륜,남,16세,중상,승용,여,64세,상해없음
2013102700100331,2013년 10월 27일 15시,일요일,울산광역시 남구 무거동,경상사고,0,0,1,0,차대차 - 기타,중앙선침범,건조,맑음,단일로 - 기타,화물,남,24세,상해없음,자전거,여,20세,경상
2013102700100404,2013년 10월 27일 17시,일요일,울산광역시 남구 무거동,경상사고,0,0,1,0,차대사람 - 횡단중,안전운전불이행,건조,맑음,단일로 - 기타,화물,남,54세,상해없음,보행자,여,5세,경상
2013102700100459,2013년 10월 27일 18시,일요일,울산광역시 북구 진장동,부상신고사고,0,0,0,1,차량단독 - 공작물충돌,안전운전불이행,건조,맑음,단일로 - 기타,승용,여,65세,부상신고,,,,
2013102700100494,2013년 10월 27일 19시,일요일,울산광역시 남구 달동,경상사고,0,0,1,0,차대차 - 기타,차로위반,건조,맑음,교차로 - 교차로부근,승용,기타불명,기타불명,기타불명,이륜,남,42세,경상
2013102700100495,2013년 10월 27일 19시,일요일,울산광역시 울주군 두서면,중상사고,0,1,0,0,차대사람 - 횡단중,신호위반,건조,맑음,교차로 - 교차로안,승용,남,39세,상해없음,보행자,여,12세,중상
2013102700100564,2013년 10월 27일 22시,일요일,울산광역시 북구 명촌동,중상사고,0,1,0,1,차량단독 - 공작물충돌,안전운전불이행,건조,맑음,단일로 - 기타,승용,남,61세,부상신고,,,,
2013102800100013,2013년 10월 28일 00시,월요일,울산광역시 북구 정자동,중상사고,0,1,3,0,차대차 - 기타,중앙선침범,건조,맑음,단일로 - 기타,승용,남,35세,상해없음,승용,여,26세,중상
2013102800100017,2013년 10월 28일 01시,월요일,울산광역시 중구 반구동,중상사고,0,1,0,0,차대차 - 기타,신호위반,건조,맑음,교차로 - 교차로안,승용,남,63세,상해없음,자전거,남,62세,중상
2013102800100085,2013년 10월 28일 07시,월요일,울산광역시 울주군 언양읍,경상사고,0,0,1,0,차대차 - 기타,안전거리미확보,건조,맑음,단일로 - 기타,승용,남,66세,상해없음,승용,여,41세,경상
2013102800100128,2013년 10월 28일 08시,월요일,울산광역시 남구 무거동,경상사고,0,0,1,0,차대차 - 기타,안전운전불이행,건조,맑음,단일로 - 기타,승용,기타불명,기타불명,기타불명,승용,여,33세,경상
2013102800100154,2013년 10월 28일 09시,월요일,울산광역시 울주군 범서읍,경상사고,0,0,1,0,차대차 - 추돌 - 진행중,중앙선침범,건조,맑음,단일로 - 기타,승용,남,43세,상해없음,승용,여,54세,경상
2013102800100155,2013년 10월 28일 09시,월요일,울산광역시 울주군 온산읍,경상사고,0,0,1,0,차대차 - 측면직각충돌,안전운전불이행,건조,맑음,단일로 - 기타,화물,남,55세,상해없음,화물,남,50세,경상
2013102800100184,2013년 10월 28일 10시,월요일,울산광역시 중구 복산동,중상사고,0,1,0,0,차대사람 - 기타,안전운전불이행,건조,맑음,교차로 - 교차로부근,승용,남,41세,상해없음,보행자,여,68세,중상
2013102800100185,2013년 10월 28일 10시,월요일,울산광역시 울주군 온산읍,중상사고,0,1,0,0,차대차 - 기타,안전운전불이행,건조,맑음,단일로 - 기타,화물,남,51세,상해없음,화물,남,21세,중상
2013102800100241,2013년 10월 28일 12시,월요일,울산광역시 울주군 삼남면,부상신고사고,0,0,0,1,차대차 - 추돌 - 주정차중,안전운전불이행,건조,맑음,단일로 - 기타,승용,남,52세,상해없음,승용,남,27세,부상신고
2013102800100390,2013년 10월 28일 17시,월요일,울산광역시 중구 태화동,경상사고,0,0,1,0,차대차 - 기타,안전운전불이행,건조,맑음,단일로 - 기타,승합,남,43세,상해없음,화물,남,49세,상해없음
2013102800100391,2013년 10월 28일 17시,월요일,울산광역시 남구 옥동,중상사고,0,1,0,0,차대차 - 측면직각충돌,직진우회전진행방해,건조,맑음,교차로 - 교차로안,승용,남,44세,상해없음,자전거,남,9세,중상
2013102800100459,2013년 10월 28일 18시,월요일,울산광역시 동구 방어동,중상사고,0,1,0,0,차대차 - 정면충돌,교차로운행방법위반,건조,맑음,교차로 - 교차로안,승합,남,53세,상해없음,이륜,남,71세,중상
2013102800100522,2013년 10월 28일 20시,월요일,울산광역시 중구 우정동,중상사고,0,1,0,0,차대차 - 측면직각충돌,신호위반,건조,맑음,교차로 - 교차로안,승용,남,29세,상해없음,이륜,남,44세,중상
2013102800100523,2013년 10월 28일 20시,월요일,울산광역시 남구 삼산동,경상사고,0,0,4,0,차대차 - 추돌 - 진행중,안전거리미확보,건조,맑음,단일로 - 기타,승합,남,61세,상해없음,승용,여,32세,경상
2013102800100524,2013년 10월 28일 20시,월요일,울산광역시 울주군 언양읍,경상사고,0,0,2,0,차대차 - 기타,안전운전불이행,건조,맑음,단일로 - 기타,승용,남,36세,상해없음,승용,남,36세,경상
2013102800100555,2013년 10월 28일 21시,월요일,울산광역시 중구 성안동,경상사고,0,0,1,0,차대차 - 측면직각충돌,안전운전불이행,건조,맑음,교차로 - 교차로안,승용,남,58세,상해없음,승용,여,45세,경상
2013102800100556,2013년 10월 28일 21시,월요일,울산광역시 남구 무거동,중상사고,0,1,0,0,차대차 - 추돌 - 진행중,안전운전불이행,건조,맑음,단일로 - 기타,승용,남,32세,상해없음,자전거,남,30세,중상
2013102800100602,2013년 10월 28일 23시,월요일,울산광역시 남구 야음동,중상사고,0,1,1,0,차대사람 - 횡단중,안전운전불이행,건조,맑음,단일로 - 기타,승용,남,65세,상해없음,보행자,여,52세,중상
2013102800100603,2013년 10월 28일 23시,월요일,울산광역시 울주군 청량면,경상사고,0,0,1,0,차량단독 - 공작물충돌,안전운전불이행,건조,맑음,단일로 - 기타,승용,남,31세,경상,,,,
2013102900100062,2013년 10월 29일 05시,화요일,울산광역시 울주군 두서면,중상사고,0,1,0,0,차대차 - 추돌 - 진행중,안전운전불이행,건조,맑음,단일로 - 기타,승용,남,42세,상해없음,화물,남,61세,중상
2013102900100082,2013년 10월 29일 06시,화요일,울산광역시 중구 성남동,경상사고,0,0,2,1,차대차 - 측면직각충돌,신호위반,건조,맑음,교차로 - 교차로안,승용,남,39세,부상신고,승용,남,46세,경상
2013102900100108,2013년 10월 29일 07시,화요일,울산광역시 남구 삼산동,중상사고,0,1,0,0,차대차 - 추돌 - 진행중,안전운전불이행,건조,맑음,단일로 - 횡단보도부근,승용,남,63세,상해없음,이륜,남,38세,중상
2013102900100201,2013년 10월 29일 10시,화요일,울산광역시 중구 반구동,중상사고,0,1,3,0,차대차 - 측면직각충돌,신호위반,건조,맑음,교차로 - 교차로안,승용,남,28세,상해없음,승용,남,52세,경상
2013102900100226,2013년 10월 29일 11시,화요일,울산광역시 남구 달동,경상사고,0,0,2,0,차대차 - 기타,교차로운행방법위반,건조,맑음,교차로 - 교차로안,승용,여,32세,상해없음,승합,남,51세,상해없음
2013102900100283,2013년 10월 29일 13시,화요일,울산광역시 울주군 서생면,중상사고,0,1,0,0,차대사람 - 기타,안전운전불이행,건조,맑음,단일로 - 기타,화물,남,48세,상해없음,보행자,여,70세,중상
2013102900100284,2013년 10월 29일 13시,화요일,울산광역시 울주군 언양읍,경상사고,0,0,1,0,차대사람 - 기타,안전운전불이행,건조,맑음,단일로 - 기타,승용,남,62세,상해없음,보행자,남,53세,경상
2013102900100309,2013년 10월 29일 14시,화요일,울산광역시 중구 남외동,경상사고,0,0,3,0,차대차 - 측면직각충돌,직진우회전진행방해,건조,맑음,교차로 - 교차로안,승용,남,71세,상해없음,승합,남,55세,경상
2013102900100331,2013년 10월 29일 15시,화요일,울산광역시 북구 신천동,중상사고,0,1,0,0,차대차 - 측면직각충돌,신호위반,건조,맑음,교차로 - 교차로안,승용,여,43세,상해없음,이륜,남,32세,중상
2013102900100332,2013년 10월 29일 15시,화요일,울산광역시 중구 우정동,중상사고,0,1,2,0,차대차 - 측면직각충돌,중앙선침범,건조,맑음,단일로 - 기타,승용,남,30세,중상,화물,남,66세,경상
2013102900100333,2013년 10월 29일 15시,화요일,울산광역시 울주군 온산읍,중상사고,0,1,0,0,차대차 - 기타,신호위반,건조,맑음,교차로 - 교차로안,승용,여,26세,상해없음,승용,남,41세,중상
2013102900100373,2013년 10월 29일 16시,화요일,울산광역시 북구 매곡동,중상사고,0,1,0,0,차대차 - 측면직각충돌,기타,건조,맑음,단일로 - 횡단보도상,이륜,남,45세,상해없음,자전거,여,10세,중상
2013102900100518,2013년 10월 29일 19시,화요일,울산광역시 북구 창평동,중상사고,0,1,0,0,차대사람 - 차도통행중,안전운전불이행,건조,맑음,단일로 - 기타,승용,남,44세,상해없음,보행자,여,54세,중상
2013102900100519,2013년 10월 29일 19시,화요일,울산광역시 남구 신정동,경상사고,0,0,2,0,차대차 - 측면직각충돌,교차로운행방법위반,건조,맑음,교차로 - 교차로안,승용,남,52세,상해없음,승합,남,49세,경상
2013102900100520,2013년 10월 29일 19시,화요일,울산광역시 울주군 언양읍,경상사고,0,0,1,0,차대차 - 추돌 - 주정차중,안전운전불이행,건조,맑음,단일로 - 기타,승용,남,40세,상해없음,승용,남,44세,경상
2013102900100586,2013년 10월 29일 21시,화요일,울산광역시 북구 명촌동,경상사고,0,0,1,0,차대차 - 추돌 - 주정차중,안전운전불이행,건조,맑음,단일로 - 기타,승용,남,38세,경상,특수,남,39세,상해없음
2013102900100587,2013년 10월 29일 21시,화요일,울산광역시 중구 학성동,경상사고,0,0,1,0,차량단독 - 기타,안전운전불이행,건조,맑음,단일로 - 기타,승용,남,27세,상해없음,,,,
2013102900100633,2013년 10월 29일 23시,화요일,울산광역시 북구 신천동,중상사고,0,1,0,1,차대차 - 추돌 - 주정차중,안전운전불이행,건조,맑음,교차로 - 교차로부근,승용,남,37세,부상신고,승용,여,35세,중상
2013102900100634,2013년 10월 29일 23시,화요일,울산광역시 울주군 상북면,중상사고,0,1,0,0,차대차 - 기타,안전운전불이행,건조,맑음,단일로 - 기타,승합,남,43세,중상,승용,남,39세,기타불명
2013103000100023,2013년 10월 30일 00시,수요일,울산광역시 중구 복산동,중상사고,0,1,2,0,차대차 - 측면직각충돌,안전운전불이행,건조,맑음,단일로 - 기타,이륜,남,25세,경상,승용,남,44세,경상
2013103000100024,2013년 10월 30일 00시,수요일,울산광역시 남구 삼산동,중상사고,0,1,1,0,차대차 - 정면충돌,중앙선침범,건조,맑음,단일로 - 기타,승용,여,31세,상해없음,승용,남,34세,중상
2013103000100081,2013년 10월 30일 06시,수요일,울산광역시 중구 반구동,중상사고,0,1,0,0,차대차 - 기타,안전운전불이행,건조,맑음,교차로 - 교차로안,승용,남,60세,상해없음,원동기,남,55세,중상
2013103000100082,2013년 10월 30일 06시,수요일,울산광역시 북구 양정동,경상사고,0,0,1,0,차대차 - 기타,교차로운행방법위반,건조,맑음,교차로 - 교차로부근,이륜,남,48세,상해없음,이륜,남,47세,경상
2013103000100108,2013년 10월 30일 07시,수요일,울산광역시 남구 황성동,경상사고,0,0,1,0,차대차 - 측면직각충돌,교차로운행방법위반,건조,맑음,교차로 - 교차로안,승용,남,58세,상해없음,특수,남,36세,경상
2013103000100109,2013년 10월 30일 07시,수요일,울산광역시 울주군 언양읍,중상사고,0,1,0,0,차대차 - 측면직각충돌,안전운전불이행,건조,맑음,단일로 - 기타,자전거,남,83세,중상,승합,남,57세,상해없음
2013103000100194,2013년 10월 30일 09시,수요일,울산광역시 남구 달동,중상사고,0,1,0,0,차대사람 - 횡단중,안전운전불이행,건조,맑음,단일로 - 기타,승용,남,49세,상해없음,보행자,남,90세,중상
2013103000100443,2013년 10월 30일 17시,수요일,울산광역시 울주군 온산읍,경상사고,0,0,1,0,차대차 - 측면직각충돌,안전거리미확보,건조,맑음,단일로 - 기타,승용,남,65세,상해없음,승용,여,32세,경상
2013103000100444,2013년 10월 30일 17시,수요일,울산광역시 울주군 온산읍,중상사고,0,1,0,0,차대사람 - 기타,안전운전불이행,건조,맑음,단일로 - 기타,건설기계,남,39세,상해없음,보행자,여,56세,중상