사고번호,사고일시,요일,시군구,사고내용,사망자수,중상자수,경상자수,부상신고자수,사고유형,법규위반,노면상태,기상상태,도로형태,가해운전자 차종,가해운전자 성별,가해운전자 연령,가해운전자 상해정도,피해운전자 차종,피해운전자 성별,피해운전자 연령,피해운전자 상해정도
2013110600100650,2013년 11월 6일 23시,수요일,울산광역시 중구 반구동,경상사고,0,0,1,0,차대차 - 측면직각충돌,안전거리미확보,건조,맑음,단일로 - 기타,승용,남,36세,상해없음,승용,남,30세,경상
2013110600100651,2013년 11월 6일 23시,수요일,울산광역시 울주군 범서읍,경상사고,0,0,1,0,차대차 - 기타,교차로운행방법위반,건조,맑음,교차로 - 교차로안,승용,남,44세,상해없음,승용,남,63세,경상
2013110700100021,2013년 11월 7일 00시,목요일,울산광역시 동구 동부동,경상사고,0,0,1,0,차대차 - 기타,안전운전불이행,건조,맑음,교차로 - 교차로부근,승용,남,39세,기타불명,이륜,남,16세,경상
2013110700100034,2013년 11월 7일 01시,목요일,울산광역시 북구 화봉동,부상신고사고,0,0,0,1,차대차 - 기타,직진우회전진행방해,건조,맑음,교차로 - 교차로안,승용,여,57세,부상신고,승용,남,39세,상해없음
2013110700100035,2013년 11월 7일 01시,목요일,울산광역시 북구 신명동,중상사고,0,2,1,0,차대차 - 추돌 - 주정차중,안전운전불이행,건조,맑음,단일로 - 기타,승용,남,27세,중상,승용,여,44세,경상
2013110700100126,2013년 11월 7일 07시,목요일,울산광역시 중구 우정동,경상사고,0,0,1,0,차대차 - 추돌 - 주정차중,안전운전불이행,건조,맑음,단일로 - 기타,화물,남,53세,상해없음,화물,남,33세,경상
2013110700100159,2013년 11월 7일 08시,목요일,울산광역시 울주군 언양읍,부상신고사고,0,0,0,1,차대사람 - 횡단중,안전운전불이행,건조,맑음,교차로 - 교차로안,건설기계,남,40세,상해없음,보행자,남,7세,부상신고
2013110700100195,2013년 11월 7일 09시,목요일,울산광역시 울주군 청량면,중상사고,0,1,0,0,차대차 - 측면직각충돌,안전운전불이행,건조,맑음,단일로 - 기타,화물,남,57세,상해없음,승용,여,57세,중상
2013110700100268,2013년 11월 7일 12시,목요일,울산광역시 북구 효문동,중상사고,0,1,0,0,차대사람 - 횡단중,신호위반,건조,맑음,단일로 - 기타,승합,남,46세,상해없음,보행자,남,42세,중상
2013110700100448,2013년 11월 7일 17시,목요일,울산광역시 남구 선암동,경상사고,0,0,1,0,차대차 - 추돌 - 진행중,안전거리미확보,건조,맑음,단일로 - 기타,승용,남,44세,상해없음,승용,여,36세,경상
2013110700100527,2013년 11월 7일 19시,목요일,울산광역시 남구 야음동,중상사고,0,1,0,0,차대차 - 추돌 - 진행중,교차로운행방법위반,건조,맑음,교차로 - 교차로안,승용,남,31세,상해없음,이륜,남,63세,상해없음
2013110700100528,2013년 11월 7일 19시,목요일,울산광역시 남구 신정동,중상사고,0,1,0,0,차대차 - 기타,교차로운행방법위반,건조,맑음,교차로 - 교차로안,승용,남,27세,상해없음,자전거,남,53세,중상
2013110700100529,2013년 11월 7일 19시,목요일,울산광역시 동구 전하동,중상사고,0,1,0,0,차대차 - 측면직각충돌,안전운전불이행,건조,맑음,단일로 - 기타,승용,남,41세,상해없음,원동기,남,58세,중상
2013110700100583,2013년 11월 7일 21시,목요일,울산광역시 남구 야음동,중상사고,0,2,0,0,차대차 - 추돌 - 진행중,안전운전불이행,건조,맑음,단일로 - 횡단보도부근,승용,남,49세,상해없음,승용,남,49세,중상
2013110700100603,2013년 11월 7일 22시,목요일,울산광역시 남구 옥동,중상사고,0,1,0,0,차대차 - 추돌 - 진행중,안전운전불이행,건조,맑음,단일로 - 기타,승용,여,53세,상해없음,승용,여,48세,중상
2013110800100016,2013년 11월 8일 00시,금요일,울산광역시 중구 성남동,중상사고,0,1,0,0,차대차 - 측면직각충돌,중앙선침범,건조,맑음,단일로 - 기타,승용,남,44세,기타불명,이륜,남,48세,중상
2013110800100017,2013년 11월 8일 00시,금요일,울산광역시 남구 달동,중상사고,0,2,0,0,차대사람 - 차도통행중,안전운전불이행,건조,맑음,교차로 - 교차로부근,승용,남,40세,상해없음,보행자,여,62세,중상
2013110800100041,2013년 11월 8일 03시,금요일,울산광역시 남구 달동,중상사고,0,1,3,0,차대차 - 측면직각충돌,중앙선침범,건조,맑음,단일로 - 기타,이륜,남,15세,상해없음,이륜,남,16세,경상
2013110800100106,2013년 11월 8일 07시,금요일,울산광역시 중구 복산동,경상사고,0,0,1,0,차대사람 - 횡단중,안전운전불이행,건조,맑음,단일로 - 기타,승용,여,45세,상해없음,보행자,여,24세,경상
2013110800100412,2013년 11월 8일 16시,금요일,울산광역시 울주군 삼남면,중상사고,0,1,0,0,차대차 - 측면직각충돌,중앙선침범,건조,맑음,단일로 - 기타,화물,남,55세,상해없음,원동기,여,42세,중상
2013110800100565,2013년 11월 8일 19시,금요일,울산광역시 동구 서부동,경상사고,0,0,1,0,차대차 - 측면직각충돌,중앙선침범,건조,맑음,단일로 - 기타,이륜,남,50세,상해없음,이륜,남,18세,경상
2013110800100601,2013년 11월 8일 20시,금요일,울산광역시 북구 창평동,경상사고,0,0,1,0,차대차 - 측면직각충돌,안전운전불이행,건조,맑음,단일로 - 기타,승용,남,38세,상해없음,이륜,남,29세,경상
2013110800100642,2013년 11월 8일 21시,금요일,울산광역시 북구 신천동,사망사고,1,0,0,0,차대차 - 측면직각충돌,안전운전불이행,건조,맑음,단일로 - 기타,자전거,남,54세,사망,승용,남,54세,상해없음
2013110800100672,2013년 11월 8일 22시,금요일,울산광역시 중구 다운동,경상사고,0,0,2,0,차대차 - 기타,안전운전불이행,건조,맑음,단일로 - 횡단보도부근,화물,남,52세,상해없음,화물,남,41세,경상
2013110800100701,2013년 11월 8일 23시,금요일,울산광역시 남구 삼산동,경상사고,0,0,1,0,차대차 - 측면직각충돌,교차로운행방법위반,건조,맑음,교차로 - 교차로안,승용,여,52세,상해없음,승용,남,40세,경상
2013110900100131,2013년 11월 9일 06시,토요일,울산광역시 남구 야음동,중상사고,0,1,0,0,차대사람 - 횡단중,안전운전불이행,건조,맑음,교차로 - 교차로부근,승용,남,57세,상해없음,보행자,여,60세,중상
2013110900100440,2013년 11월 9일 16시,토요일,울산광역시 울주군 온양읍,경상사고,0,0,1,0,차대차 - 정면충돌,중앙선침범,건조,맑음,단일로 - 교량,화물,남,54세,상해없음,승용,여,43세,경상
2013110900100502,2013년 11월 9일 17시,토요일,울산광역시 동구 방어동,중상사고,0,1,0,0,차대사람 - 횡단중,보행자보호의무위반,건조,흐림,교차로 - 교차로부근,자전거,남,21세,상해없음,보행자,남,33세,중상
2013110900100503,2013년 11월 9일 17시,토요일,울산광역시 울주군 두동면,경상사고,0,0,1,0,차대차 - 기타,안전운전불이행,건조,맑음,교차로 - 교차로부근,농기계,남,78세,경상,승합,여,38세,상해없음
2013110900100585,2013년 11월 9일 18시,토요일,울산광역시 남구 신정동,경상사고,0,0,1,0,차대사람 - 횡단중,안전운전불이행,습기,흐림,단일로 - 기타,승용,남,51세,상해없음,보행자,남,47세,경상
2013110900100586,2013년 11월 9일 18시,토요일,울산광역시 울주군 웅촌면,부상신고사고,0,0,0,1,차대차 - 추돌 - 진행중,안전운전불이행,습기,비,단일로 - 기타,승용,남,44세,상해없음,승용,여,64세,부상신고
2013110900100587,2013년 11월 9일 18시,토요일,울산광역시 울주군 범서읍,중상사고,0,1,1,0,차대차 - 추돌 - 진행중,안전운전불이행,습기,비,교차로 - 교차로부근,화물,남,60세,상해없음,승용,남,49세,경상
2013110900100644,2013년 11월 9일 19시,토요일,울산광역시 북구 상안동,중상사고,0,2,0,0,차대차 - 측면직각충돌,안전운전불이행,습기,비,교차로 - 교차로부근,이륜,남,17세,중상,이륜,남,71세,상해없음
2013110900100645,2013년 11월 9일 19시,토요일,울산광역시 남구 달동,중상사고,0,1,2,0,차대차 - 기타,안전운전불이행,기타,기타,단일로 - 기타,화물,남,54세,상해없음,승용,남,59세,중상
2013110900100646,2013년 11월 9일 19시,토요일,울산광역시 남구 신정동,경상사고,0,0,1,0,차대차 - 측면직각충돌,신호위반,습기,비,교차로 - 교차로안,승용,남,50세,상해없음,승용,남,50세,경상
2013110900100647,2013년 11월 9일 19시,토요일,울산광역시 울주군 언양읍,경상사고,0,0,1,0,차대사람 - 길가장자리구역통행중,안전운전불이행,건조,맑음,단일로 - 기타,승용,남,76세,상해없음,보행자,여,47세,경상
2013110900100766,2013년 11월 9일 21시,토요일,울산광역시 중구 동동,경상사고,0,0,4,0,차대차 - 측면직각충돌,안전운전불이행,습기,비,교차로 - 교차로부근,승용,남,53세,상해없음,승용,여,42세,경상
2013110900100767,2013년 11월 9일 21시,토요일,울산광역시 남구 삼산동,중상사고,0,1,0,0,차대사람 - 횡단중,안전운전불이행,습기,비,단일로 - 기타,승용,남,62세,상해없음,보행자,남,52세,중상
2013110900100768,2013년 11월 9일 21시,토요일,울산광역시 울주군 범서읍,경상사고,0,0,1,0,차대사람 - 길가장자리구역통행중,안전운전불이행,습기,비,단일로 - 기타,원동기,남,41세,상해없음,보행자,남,1세,경상
2013110900100825,2013년 11월 9일 22시,토요일,울산광역시 남구 무거동,경상사고,0,0,1,0,차대차 - 기타,안전운전불이행,기타,기타,단일로 - 기타,승용,남,44세,상해없음,승용,남,31세,경상
2013110900100826,2013년 11월 9일 22시,토요일,울산광역시 울주군 온산읍,경상사고,0,0,1,0,차대차 - 추돌 - 진행중,중앙선침범,습기,비,교차로 - 교차로안,승용,남,35세,상해없음,원동기,남,58세,경상
2013110900100872,2013년 11월 9일 23시,토요일,울산광역시 북구 진장동,부상신고사고,0,0,0,1,차대차 - 측면직각충돌,안전거리미확보,습기,비,단일로 - 기타,이륜,남,22세,부상신고,승용,남,60세,상해없음
2013110900100873,2013년 11월 9일 23시,토요일,울산광역시 중구 복산동,경상사고,0,0,1,0,차대차 - 추돌 - 주정차중,안전거리미확보,습기,비,단일로 - 기타,승용,남,56세,상해없음,이륜,남,23세,경상
2013111000100089,2013년 11월 10일 02시,일요일,울산광역시 울주군 웅촌면,경상사고,0,0,1,0,차량단독 - 공작물충돌,안전운전불이행,습기,비,단일로 - 기타,승용,남,60세,상해없음,,,,
2013111000100109,2013년 11월 10일 03시,일요일,울산광역시 남구 삼산동,경상사고,0,0,1,0,차대사람 - 길가장자리구역통행중,안전운전불이행,건조,맑음,단일로 - 기타,승용,남,51세,상해없음,보행자,남,28세,경상
2013111000100132,2013년 11월 10일 05시,일요일,울산광역시 남구 달동,경상사고,0,0,1,0,차대사람 - 길가장자리구역통행중,안전운전불이행,습기,흐림,단일로 - 기타,승용,남,23세,상해없음,보행자,남,23세,경상
2013111000100147,2013년 11월 10일 06시,일요일,울산광역시 동구 서부동,경상사고,0,0,1,0,차대차 - 추돌 - 진행중,안전운전불이행,습기,비,단일로 - 기타,승용,남,25세,상해없음,승용,남,53세,경상
2013111000100180,2013년 11월 10일 08시,일요일,울산광역시 울주군 범서읍,중상사고,0,1,0,0,차대차 - 추돌 - 주정차중,안전운전불이행,건조,맑음,교차로 - 교차로부근,승용,남,26세,상해없음,승용,남,51세,중상
2013111000100385,2013년 11월 10일 15시,일요일,울산광역시 동구 방어동,중상사고,0,1,0,0,차대차 - 측면직각충돌,신호위반,건조,맑음,교차로 - 교차로안,화물,남,61세,상해없음,승용,여,50세,중상
2013111000100386,2013년 11월 10일 15시,일요일,울산광역시 울주군 서생면,경상사고,0,0,4,0,차대차 - 추돌 - 주정차중,안전거리미확보,건조,맑음,교차로 - 교차로부근,승용,남,37세,상해없음,승용,남,32세,경상
2013111000100452,2013년 11월 10일 17시,일요일,울산광역시 남구 달동,중상사고,0,1,0,0,차대차 - 측면직각충돌,교차로운행방법위반,건조,맑음,교차로 - 교차로안,이륜,남,30세,중상,승용,남,52세,상해없음
2013111100100020,2013년 11월 11일 01시,월요일,울산광역시 동구 화정동,중상사고,0,1,0,0,차대차 - 추돌 - 진행중,교차로운행방법위반,건조,맑음,교차로 - 교차로안,승용,기타불명,기타불명,기타불명,이륜,여,40세,중상
2013111100100090,2013년 11월 11일 07시,월요일,울산광역시 남구 야음동,중상사고,0,1,0,0,차대차 - 기타,안전운전불이행,건조,맑음,단일로 - 기타,승용,남,43세,상해없음,자전거,남,56세,중상
2013111100100091,2013년 11월 11일 07시,월요일,울산광역시 북구 양정동,경상사고,0,0,1,0,차대차 - 측면직각충돌,안전거리미확보,건조,맑음,교차로 - 교차로부근,승용,남,56세,상해없음,이륜,남,37세,경상
2013111100100259,2013년 11월 11일 12시,월요일,울산광역시 중구 남외동,경상사고,0,0,1,0,차대차 - 측면직각충돌,안전운전불이행,건조,맑음,단일로 - 횡단보도상,승용,남,35세,상해없음,자전거,남,75세,경상
2013111100100260,2013년 11월 11일 12시,월요일,울산광역시 동구 방어동,중상사고,0,1,0,0,차대차 - 추돌 - 진행중,안전운전불이행,건조,맑음,단일로 - 기타,화물,남,45세,상해없음,이륜,남,57세,중상
2013111100100296,2013년 11월 11일 13시,월요일,울산광역시 중구 다운동,중상사고,0,1,0,0,차대사람 - 기타,안전운전불이행,건조,맑음,교차로 - 교차로부근,화물,남,40세,상해없음,보행자,여,76세,중상
2013111100100297,2013년 11월 11일 13시,월요일,울산광역시 남구 선암동,경상사고,0,0,1,0,차대차 - 추돌 - 주정차중,안전거리미확보,건조,맑음,교차로 - 교차로부근,특수,남,42세,상해없음,승용,여,55세,경상
2013111100100298,2013년 11월 11일 13시,월요일,울산광역시 울주군 온산읍,부상신고사고,0,0,0,1,차대사람 - 횡단중,안전운전불이행,건조,맑음,교차로 - 교차로부근,승합,남,34세,상해없음,보행자,여,63세,부상신고
2013111100100334,2013년 11월 11일 14시,월요일,울산광역시 동구 방어동,중상사고,0,1,0,0,차대사람 - 횡단중,안전운전불이행,건조,맑음,단일로 - 기타,승합,남,56세,상해없음,보행자,남,7세,중상
2013111100100442,2013년 11월 11일 17시,월요일,울산광역시 중구 다운동,중상사고,0,4,3,0,차대차 - 추돌 - 주정차중,안전운전불이행,건조,맑음,단일로 - 기타,승용,남,59세,상해없음,승용,남,73세,중상
2013111100100508,2013년 11월 11일 18시,월요일,울산광역시 남구 삼산동,중상사고,0,1,0,0,차대차 - 기타,안전운전불이행,건조,맑음,교차로 - 교차로안,승용,남,27세,상해없음,이륜,남,55세,중상
2013111100100603,2013년 11월 11일 21시,월요일,울산광역시 남구 달동,경상사고,0,0,1,0,차대차 - 측면직각충돌,안전운전불이행,건조,맑음,교차로 - 교차로안,승용,여,47세,상해없음,승용,남,41세,상해없음
2013111100100659,2013년 11월 11일 23시,월요일,울산광역시 남구 신정동,사망사고,1,0,0,0,차대사람 - 횡단중,안전운전불이행,건조,맑음,단일로 - 기타,승용,남,31세,상해없음,보행자,남,53세,사망
2013111200100041,2013년 11월 12일 02시,화요일,울산광역시 중구 태화동,사망사고,1,0,0,0,차량단독 - 기타,안전운전불이행,건조,맑음,단일로 - 교량,이륜,남,23세,사망,,,,
2013111200100042,2013년 11월 12일 02시,화요일,울산광역시 북구 명촌동,중상사고,0,1,0,0,차대차 - 기타,교차로운행방법위반,건조,맑음,교차로 - 교차로안,승용,여,42세,상해없음,승용,남,48세,중상
2013111200100117,2013년 11월 12일 07시,화요일,울산광역시 동구 서부동,경상사고,0,0,2,0,차대차 - 측면직각충돌,안전운전불이행,건조,맑음,교차로 - 교차로부근,이륜,남,27세,상해없음,승용,여,47세,경상
2013111200100251,2013년 11월 12일 11시,화요일,울산광역시 남구 달동,중상사고,0,1,0,0,차대차 - 추돌 - 주정차중,안전운전불이행,건조,맑음,교차로 - 교차로부근,승용,남,43세,상해없음,승용,여,41세,중상
2013111200100252,2013년 11월 12일 11시,화요일,울산광역시 동구 전하동,중상사고,0,1,0,0,차대차 - 기타,신호위반,건조,맑음,교차로 - 교차로안,승용,여,54세,상해없음,승용,남,68세,중상
2013111200100299,2013년 11월 12일 13시,화요일,울산광역시 중구 교동,중상사고,0,1,2,0,차대차 - 측면직각충돌,교차로운행방법위반,건조,맑음,교차로 - 교차로안,승용,여,30세,중상,승용,여,55세,경상
2013111200100405,2013년 11월 12일 16시,화요일,울산광역시 동구 방어동,중상사고,0,1,1,0,차대차 - 기타,안전운전불이행,건조,맑음,교차로 - 교차로안,승용,여,31세,상해없음,승합,남,59세,중상
2013111200100443,2013년 11월 12일 17시,화요일,울산광역시 남구 신정동,경상사고,0,0,1,0,차대차 - 측면직각충돌,교차로운행방법위반,건조,맑음,교차로 - 교차로안,승용,여,25세,상해없음,승용,여,44세,경상
2013111300100028,2013년 11월 13일 01시,수요일,울산광역시 남구 달동,경상사고,0,0,1,0,차대차 - 추돌 - 주정차중,안전운전불이행,건조,맑음,교차로 - 교차로부근,승용,남,41세,상해없음,승용,남,46세,상해없음
2013111300100038,2013년 11월 13일 02시,수요일,울산광역시 남구 삼산동,부상신고사고,0,0,0,1,차대사람 - 횡단중,신호위반,건조,맑음,교차로 - 교차로안,승용,여,37세,상해없음,보행자,남,32세,부상신고
2013111300100085,2013년 11월 13일 06시,수요일,울산광역시 울주군 언양읍,경상사고,0,0,2,0,차대차 - 기타,중앙선침범,건조,맑음,단일로 - 기타,승용,남,22세,상해없음,승용,남,30세,경상
2013111300100284,2013년 11월 13일 12시,수요일,울산광역시 북구 매곡동,중상사고,0,1,0,0,차대차 - 측면직각충돌,안전거리미확보,건조,맑음,단일로 - 기타,승용,여,41세,상해없음,이륜,남,48세,중상
2013111300100285,2013년 11월 13일 12시,수요일,울산광역시 북구 양정동,중상사고,0,1,0,0,차대사람 - 횡단중,신호위반,건조,맑음,단일로 - 횡단보도상,승합,남,45세,상해없음,보행자,여,18세,중상
2013111300100346,2013년 11월 13일 14시,수요일,울산광역시 동구 일산동,경상사고,0,0,1,0,차대차 - 기타,직진우회전진행방해,건조,맑음,교차로 - 교차로안,승용,남,28세,상해없음,승용,남,77세,상해없음
2013111300100347,2013년 11월 13일 14시,수요일,울산광역시 울주군 언양읍,경상사고,0,0,2,1,차대차 - 추돌 - 진행중,안전거리미확보,건조,맑음,단일로 - 기타,화물,남,38세,상해없음,승용,남,24세,경상
2013111300100377,2013년 11월 13일 15시,수요일,울산광역시 울주군 언양읍,중상사고,0,1,0,0,차대사람 - 기타,안전운전불이행,건조,맑음,기타 - 기타,승용,여,52세,상해없음,보행자,여,53세,중상
2013111300100421,2013년 11월 13일 16시,수요일,울산광역시 울주군 범서읍,경상사고,0,0,1,0,차대차 - 추돌 - 진행중,안전운전불이행,건조,맑음,단일로 - 기타,승용,남,68세,상해없음,승용,여,57세,경상
2013111300100460,2013년 11월 13일 17시,수요일,울산광역시 중구 다운동,중상사고,0,1,0,0,차대사람 - 기타,안전운전불이행,건조,맑음,단일로 - 기타,승용,남,71세,상해없음,보행자,여,12세,중상
2013111300100525,2013년 11월 13일 18시,수요일,울산광역시 북구 호계동,중상사고,0,1,0,0,차대차 - 기타,기타,건조,맑음,단일로 - 기타,기타불명,기타불명,기타불명,기타불명,자전거,남,12세,중상
2013111300100526,2013년 11월 13일 18시,수요일,울산광역시 중구 태화동,중상사고,0,1,0,0,차량단독 - 기타,안전운전불이행,건조,맑음,단일로 - 기타,승합,남,57세,상해없음,,,,
2013111300100527,2013년 11월 13일 18시,수요일,울산광역시 동구 방어동,경상사고,0,0,3,0,차대차 - 측면직각충돌,안전운전불이행,건조,맑음,기타 - 기타,승합,남,40세,상해없음,승용,남,33세,경상
2013111300100628,2013년 11월 13일 21시,수요일,울산광역시 울주군 범서읍,경상사고,0,0,1,0,차대차 - 측면직각충돌,교차로운행방법위반,건조,맑음,교차로 - 교차로안,승용,남,51세,상해없음,이륜,남,23세,경상
2013111300100655,2013년 11월 13일 22시,수요일,울산광역시 울주군 언양읍,경상사고,0,0,1,0,차대사람 - 횡단중,안전운전불이행,건조,맑음,교차로 - 교차로부근,이륜,남,28세,기타불명,보행자,남,27세,경상
2013111400100115,2013년 11월 14일 07시,목요일,울산광역시 중구 태화동,중상사고,0,1,0,0,차대사람 - 기타,안전운전불이행,건조,맑음,단일로 - 기타,자전거,남,20세,상해없음,보행자,남,60세,중상
2013111400100116,2013년 11월 14일 07시,목요일,울산광역시 울주군 언양읍,중상사고,0,1,0,0,차대사람 - 기타,안전운전불이행,건조,맑음,교차로 - 교차로안,승용,여,51세,상해없음,보행자,여,75세,중상
2013111400100192,2013년 11월 14일 10시,목요일,울산광역시 동구 방어동,경상사고,0,0,1,0,차대차 - 측면직각충돌,안전운전불이행,건조,맑음,교차로 - 교차로부근,승용,남,54세,상해없음,승용,남,31세,경상
2013111400100220,2013년 11월 14일 11시,목요일,울산광역시 중구 반구동,중상사고,0,1,0,0,차대차 - 측면직각충돌,직진우회전진행방해,건조,맑음,교차로 - 교차로안,승용,여,40세,상해없음,자전거,여,47세,중상
2013111400100235,2013년 11월 14일 12시,목요일,울산광역시 남구 야음동,중상사고,0,1,0,0,차대차 - 측면직각충돌,차로위반,건조,맑음,교차로 - 교차로부근,이륜,남,65세,중상,화물,남,36세,상해없음
2013111400100327,2013년 11월 14일 15시,목요일,울산광역시 남구 야음동,경상사고,0,0,1,0,차대차 - 추돌 - 진행중,불법유턴,건조,맑음,단일로 - 기타,화물,기타불명,기타불명,기타불명,자전거,남,24세,경상
2013111400100399,2013년 11월 14일 17시,목요일,울산광역시 북구 명촌동,경상사고,0,0,1,0,차대차 - 측면직각충돌,직진우회전진행방해,건조,맑음,교차로 - 교차로안,승합,남,45세,상해없음,자전거,남,75세,경상
2013111400100400,2013년 11월 14일 17시,목요일,울산광역시 울주군 두서면,사망사고,2,0,0,0,차대차 - 추돌 - 주정차중,안전운전불이행,건조,흐림,교차로 - 교차로부근,승용,남,46세,사망,화물,남,55세,상해없음
2013111400100460,2013년 11월 14일 18시,목요일,울산광역시 울주군 온산읍,경상사고,0,0,1,0,차대차 - 측면직각충돌,교차로운행방법위반,건조,맑음,교차로 - 교차로부근,승용,남,46세,상해없음,원동기,남,45세,경상
2013111400100492,2013년 11월 14일 19시,목요일,울산광역시 남구 달동,경상사고,0,0,1,0,차대차 - 기타,신호위반,습기,비,교차로 - 교차로부근,승용,여,41세,상해없음,이륜,남,38세,경상
2013111400100534,2013년 11월 14일 20시,목요일,울산광역시 동구 화정동,중상사고,0,1,0,0,차대차 - 측면직각충돌,안전운전불이행,건조,맑음,단일로 - 기타,이륜,남,21세,상해없음,이륜,남,37세,중상
2013111400100577,2013년 11월 14일 21시,목요일,울산광역시 남구 신정동,중상사고,0,1,0,0,차대사람 - 기타,안전운전불이행,기타,비,단일로 - 기타,승용,남,30세,상해없음,보행자,여,68세,중상
2013111400100578,2013년 11월 14일 21시,목요일,울산광역시 남구 신정동,경상사고,0,0,2,0,차대차 - 추돌 - 주정차중,안전거리미확보,건조,맑음,교차로 - 교차로안,승용,남,34세,상해없음,승용,남,44세,경상
2013111400100611,2013년 11월 14일 22시,목요일,울산광역시 중구 우정동,경상사고,0,0,3,0,차대차 - 추돌 - 진행중,안전거리미확보,건조,맑음,단일로 - 기타,승용,여,45세,상해없음,승용,남,28세,경상
2013111400100612,2013년 11월 14일 22시,목요일,울산광역시 남구 무거동,경상사고,0,0,1,0,차대사람 - 기타,안전운전불이행,습기,비,단일로 - 기타,승용,여,42세,상해없음,보행자,남,58세,경상
2013111500100071,2013년 11월 15일 02시,금요일,울산광역시 남구 신정동,경상사고,0,0,1,0,차대차 - 기타,안전운전불이행,기타,기타,단일로 - 기타,승용,남,41세,상해없음,승용,남,34세,경상
2013111500100072,2013년 11월 15일 02시,금요일,울산광역시 동구 서부동,경상사고,0,0,1,0,차량단독 - 공작물충돌,안전운전불이행,습기,비,단일로 - 기타,승용,남,30세,경상,,,,
2013111500100120,2013년 11월 15일 06시,금요일,울산광역시 북구 효문동,중상사고,0,1,0,0,차대차 - 기타,신호위반,건조,맑음,교차로 - 교차로안,승용,남,59세,상해없음,자전거,남,32세,중상
2013111500100205,2013년 11월 15일 09시,금요일,울산광역시 중구 태화동,경상사고,0,0,3,0,차대차 - 측면직각충돌,안전거리미확보,건조,맑음,교차로 - 교차로안,승용,남,59세,상해없음,승용,남,49세,상해없음
2013111500100224,2013년 11월 15일 10시,금요일,울산광역시 동구 방어동,경상사고,0,0,1,0,차대차 - 기타,불법유턴,건조,맑음,단일로 - 기타,승용,남,47세,상해없음,이륜,남,31세,경상
2013111500100332,2013년 11월 15일 14시,금요일,울산광역시 남구 야음동,경상사고,0,0,1,0,차대사람 - 보도통행중,기타,건조,맑음,기타 - 기타,화물,남,49세,상해없음,보행자,여,51세,경상
2013111500100401,2013년 11월 15일 16시,금요일,울산광역시 중구 학성동,중상사고,0,1,0,0,차대차 - 기타,안전운전불이행,건조,맑음,교차로 - 교차로안,승용,남,45세,상해없음,승합,남,36세,상해없음
2013111500100449,2013년 11월 15일 17시,금요일,울산광역시 북구 화봉동,중상사고,0,1,0,0,차대사람 - 횡단중,보행자보호의무위반,건조,맑음,교차로 - 교차로안,승합,남,46세,상해없음,보행자,남,8세,중상
2013111500100450,2013년 11월 15일 17시,금요일,울산광역시 북구 양정동,사망사고,1,0,0,0,차대사람 - 기타,안전운전불이행,건조,맑음,단일로 - 기타,승용,남,21세,상해없음,보행자,남,68세,사망
2013111500100451,2013년 11월 15일 17시,금요일,울산광역시 동구 방어동,중상사고,0,1,0,0,차대사람 - 기타,보행자보호의무위반,건조,맑음,교차로 - 교차로안,승용,남,57세,상해없음,보행자,여,76세,중상
2013111500100517,2013년 11월 15일 18시,금요일,울산광역시 북구 염포동,경상사고,0,0,1,0,차대사람 - 기타,안전운전불이행,건조,맑음,단일로 - 기타,승합,남,38세,상해없음,보행자,여,40세,경상
2013111500100553,2013년 11월 15일 19시,금요일,울산광역시 중구 학산동,중상사고,0,1,0,0,차대사람 - 횡단중,안전운전불이행,건조,맑음,단일로 - 기타,승용,남,24세,상해없음,보행자,여,21세,중상
2013111500100554,2013년 11월 15일 19시,금요일,울산광역시 동구 화정동,경상사고,0,0,1,0,차대차 - 측면직각충돌,안전운전불이행,건조,맑음,단일로 - 기타,이륜,남,17세,상해없음,이륜,남,39세,경상
2013111500100586,2013년 11월 15일 20시,금요일,울산광역시 중구 학성동,경상사고,0,0,1,0,차대차 - 측면직각충돌,차로위반,건조,맑음,단일로 - 기타,승용,남,42세,상해없음,원동기,남,53세,경상
2013111600100024,2013년 11월 16일 00시,토요일,울산광역시 북구 호계동,중상사고,0,1,0,0,차대차 - 기타,안전운전불이행,건조,맑음,교차로 - 교차로안,이륜,남,35세,중상,이륜,남,79세,상해없음
2013111600100045,2013년 11월 16일 01시,토요일,울산광역시 동구 서부동,사망사고,1,0,0,0,차량단독 - 전도전복,안전운전불이행,건조,맑음,단일로 - 기타,이륜,남,27세,사망,,,,
2013111600100079,2013년 11월 16일 03시,토요일,울산광역시 울주군 웅촌면,중상사고,0,1,0,0,차대차 - 기타,안전운전불이행,건조,맑음,교차로 - 교차로부근,원동기,남,57세,중상,승용,남,37세,상해없음
2013111600100113,2013년 11월 16일 05시,토요일,울산광역시 울주군 온산읍,중상사고,0,1,1,0,차대차 - 추돌 - 진행중,안전운전불이행,건조,맑음,교차로 - 교차로부근,승용,남,30세,중상,특수,남,52세,경상
2013111600100134,2013년 11월 16일 06시,토요일,울산광역시 동구 일산동,경상사고,0,0,1,0,차대차 - 추돌 - 주정차중,안전운전불이행,건조,맑음,교차로 - 교차로부근,승용,남,38세,상해없음,승용,남,51세,경상